customer_id,age,customer_tenure_months,avg_watch_hours_per_week,avg_session_length_min,days_since_last_login,number_of_devices,number_of_support_tickets,monthly_price,discount_percent,subscription_plan,device_type_primary,payment_method,auto_renew_enabled,uses_offline_downloads,shared_account,watched_trending_content,engagement_level,satisfaction_rating,churn_score_hidden,churned
SV500555,31,6.5,2.8,63.3,5.1,3,0.0,12.99,30,Standard,Laptop,Debit Card,True,True,True,True,Low,High,-17.29,No
SV503491,23,15.3,2.0,38.1,34.7,5,0.0,8.99,0,Basic,Laptop,PayPal,True,True,True,False,Medium,High,6.85,Yes
SV500527,35,2.3,3.2,37.6,6.1,4,2.0,8.99,0,Standard,Tablet,Credit Card,True,True,False,True,Medium,,3.61,No
SV503925,44,15.9,5.4,30.9,18.5,1,4.0,8.99,20,Standard,Tablet,PayPal,True,False,True,False,Medium,Medium,-0.39,No
SV502989,49,7.4,19.2,73.6,7.2,2,0.0,8.99,20,Basic,Laptop,Credit Card,False,False,True,False,High,High,-9.06,No
SV500070,20,13.4,2.1,66.7,28.6,3,1.0,15.99,0,Premium,Mobile,Debit Card,True,True,False,True,Low,Medium,12.43,Yes
SV501756,53,13.1,7.5,38.5,4.6,1,1.0,8.99,0,Standard,Tablet,PayPal,True,False,False,True,Medium,High,-18.66,No
SV500211,19,19.7,9.5,54.3,11.2,5,1.0,8.99,0,Standard,Tablet,Credit Card,True,True,True,False,Medium,Medium,-4.62,No
SV500196,41,2.9,5.2,3.0,5.2,4,2.0,8.99,0,Premium,Mobile,Debit Card,True,True,False,False,Low,Medium,10.88,Yes
SV500803,38,15.8,5.4,88.7,1.6,3,3.0,12.99,0,Basic,SmartTV,Debit Card,False,False,True,True,Medium,Medium,-3.74,No
SV503409,34,18.0,1.7,64.4,0.3,2,0.0,8.99,20,Standard,SmartTV,Credit Card,True,False,False,True,Low,High,-18.3,No
SV503836,40,24.5,2.2,67.3,29.4,5,0.0,8.99,0,Standard,Mobile,Credit Card,True,False,False,True,Low,High,2.82,No
SV501146,39,22.5,12.7,59.9,7.3,3,0.0,12.99,0,Family,Laptop,Credit Card,True,False,False,True,Medium,High,-12.61,No
SV501498,42,24.6,30.0,25.2,42.3,5,0.0,12.99,0,Basic,Mobile,Credit Card,True,False,False,True,High,High,-22.82,No
SV503858,30,16.7,2.1,26.4,35.3,4,0.0,15.99,30,Standard,Mobile,PayPal,True,False,False,True,Low,High,1.5,No
SV503482,45,24.2,8.6,42.7,1.1,5,2.0,15.99,0,Standard,SmartTV,Gift Card,True,True,True,True,High,High,-11.11,No
SV501185,19,19.4,2.7,22.2,1.0,4,0.0,8.99,30,Basic,Mobile,Credit Card,True,False,False,False,Low,High,10.02,Yes
SV500471,30,24.4,7.1,61.5,4.7,5,0.0,8.99,0,Family,Mobile,Gift Card,True,True,False,True,Medium,High,-9.11,No
SV500594,20,55.5,14.1,,32.6,3,0.0,19.99,30,Family,Laptop,Debit Card,True,True,False,True,High,High,-21.93,No
SV500321,32,5.9,5.3,69.4,18.5,1,1.0,12.99,30,Premium,SmartTV,Debit Card,False,False,False,True,Low,High,2.17,No
SV501417,45,12.4,7.8,40.9,28.9,3,2.0,19.99,0,Premium,Tablet,Gift Card,True,True,True,True,Medium,Low,16.19,Yes
SV501674,31,23.4,9.5,20.8,7.6,5,4.0,19.99,10,Standard,Mobile,Credit Card,True,False,False,True,Medium,Medium,8.67,Yes
SV503590,33,11.5,0.6,62.3,10.6,2,0.0,8.99,50,Basic,SmartTV,Credit Card,True,True,False,True,Medium,High,-26.23,No
SV501703,16,9.2,17.3,52.4,10.3,5,0.0,15.99,10,Basic,Laptop,Credit Card,False,False,True,False,High,High,10.36,Yes
SV502540,39,7.8,15.7,58.0,5.5,3,1.0,12.99,0,Basic,Mobile,Credit Card,False,False,False,False,High,High,-16.44,No
SV500205,33,9.6,2.0,60.4,5.3,2,0.0,19.99,50,Basic,SmartTV,Gift Card,True,True,False,True,Low,High,8.3,Yes
SV503887,29,15.0,1.4,28.6,23.9,1,1.0,19.99,0,Family,SmartTV,Credit Card,True,False,False,True,Medium,High,-5.72,No
SV503248,44,10.8,2.2,34.9,5.8,5,0.0,12.99,0,Basic,Laptop,Credit Card,True,True,False,False,Low,High,-15.03,No
SV502131,60,24.9,18.5,50.6,0.5,5,3.0,8.99,20,Premium,Mobile,Debit Card,True,False,False,False,High,Medium,-10.8,No
SV501255,27,72.0,4.9,82.6,2.2,5,1.0,19.99,50,Premium,Mobile,PayPal,False,True,False,True,Medium,Medium,4.53,No
SV502299,31,15.7,2.8,74.9,2.4,4,1.0,8.99,0,Standard,Mobile,Debit Card,True,False,False,False,Low,,-5.98,No
SV501226,42,15.4,2.0,45.5,5.7,5,0.0,12.99,20,Family,Mobile,Credit Card,True,True,False,True,Low,High,0.55,No
SV503918,36,21.0,4.4,62.6,14.9,5,2.0,19.99,0,Premium,Mobile,Debit Card,True,False,False,False,Medium,High,1.21,No
SV502464,26,32.8,3.3,92.7,52.5,4,0.0,15.99,0,Basic,SmartTV,Credit Card,True,False,True,False,Low,High,15.57,Yes
SV502383,28,0.5,13.6,44.1,6.4,2,1.0,12.99,10,Standard,SmartTV,PayPal,True,False,True,True,High,High,-21.39,No
SV500149,36,15.9,1.9,26.5,11.9,1,0.0,19.99,0,Basic,SmartTV,PayPal,True,False,True,False,Low,High,26.97,Yes
SV500869,33,15.2,7.4,43.3,0.2,2,2.0,15.99,20,Standard,SmartTV,Debit Card,False,True,False,True,Medium,High,-6.23,No
SV501978,51,24.0,2.0,69.3,6.4,1,2.0,15.99,0,Basic,SmartTV,Credit Card,True,True,False,False,Medium,Medium,5.28,Yes
SV502456,45,11.5,9.0,43.5,11.4,5,2.0,8.99,20,Basic,SmartTV,PayPal,True,False,False,False,High,High,-31.27,No
SV503865,22,3.9,6.2,45.6,23.9,1,3.0,8.99,0,Standard,SmartTV,Credit Card,False,True,False,False,Medium,Low,64.9,Yes
SV502212,48,6.2,17.9,63.3,0.7,4,0.0,12.99,0,Standard,SmartTV,Credit Card,True,True,False,True,High,High,-27.6,No
SV501006,41,17.8,6.2,54.1,14.1,2,0.0,19.99,10,Basic,Mobile,Debit Card,True,True,False,False,Medium,High,-7.76,No
SV503047,40,14.1,5.7,23.4,8.7,4,2.0,12.99,0,Premium,Laptop,Gift Card,True,False,False,True,Medium,High,3.0,No
SV500705,23,20.7,22.0,70.8,3.1,3,0.0,15.99,0,Premium,Mobile,Debit Card,True,True,False,False,High,High,-18.96,No
SV503143,37,26.9,12.5,41.3,7.8,2,2.0,12.99,20,Basic,Tablet,PayPal,True,True,False,True,Medium,Medium,-13.15,No
SV503596,29,1.1,3.0,27.5,11.7,1,2.0,8.99,30,Basic,Mobile,Credit Card,True,False,False,True,Medium,High,-6.39,No
SV501987,26,8.7,12.6,32.2,10.9,1,1.0,15.99,0,Standard,Laptop,Credit Card,True,True,False,False,High,High,-18.29,No
SV500179,37,6.0,2.9,58.0,14.9,2,1.0,19.99,0,Family,Tablet,PayPal,True,False,True,False,Low,Medium,12.05,Yes
SV500109,16,33.9,5.8,75.4,1.9,1,2.0,19.99,0,Basic,Laptop,Debit Card,True,False,False,True,Low,Medium,-3.89,No
SV503078,20,20.9,4.2,35.8,3.2,1,0.0,8.99,20,Premium,SmartTV,PayPal,True,False,False,True,Medium,High,-28.13,No
SV501055,50,29.8,2.7,50.8,14.9,5,1.0,19.99,20,Standard,SmartTV,PayPal,True,False,False,False,Low,High,20.57,Yes
SV503952,33,49.2,3.7,3.0,1.0,5,3.0,12.99,30,Family,Tablet,PayPal,True,False,False,True,Low,High,-6.18,No
SV500314,43,43.7,16.1,49.8,4.0,1,1.0,15.99,0,Standard,Mobile,Credit Card,True,False,True,True,High,High,-28.51,No
SV501822,47,2.0,0.6,65.9,8.6,3,1.0,15.99,0,Family,SmartTV,Credit Card,True,True,False,True,Low,High,40.09,Yes
SV500567,27,11.5,5.7,58.1,2.8,1,0.0,19.99,30,Standard,Mobile,Credit Card,True,False,True,False,Medium,High,-5.47,No
SV500879,34,22.9,0.6,60.6,12.0,1,3.0,8.99,0,Standard,SmartTV,Credit Card,True,False,True,True,Low,High,-9.8,No
SV502230,39,17.5,3.2,56.0,0.7,2,1.0,15.99,0,Basic,Mobile,Credit Card,True,True,False,False,Low,High,14.0,Yes
SV501411,59,16.6,6.3,106.4,4.0,5,1.0,15.99,20,Premium,SmartTV,PayPal,True,False,False,True,Medium,High,-3.17,No
SV503224,37,5.2,10.5,47.9,3.2,4,0.0,15.99,0,Family,Mobile,Credit Card,True,False,False,True,Medium,High,-19.94,No
SV503936,47,3.1,7.7,45.5,9.2,1,3.0,12.99,0,Standard,SmartTV,PayPal,True,False,False,True,Medium,High,-3.64,No
SV503249,36,18.0,3.8,61.6,23.9,3,0.0,12.99,0,Premium,Mobile,Debit Card,True,False,True,False,Medium,High,-12.85,No
SV500929,35,14.9,14.2,31.4,1.4,1,1.0,15.99,20,Premium,Laptop,PayPal,False,True,False,True,High,High,-29.91,No
SV502578,48,30.0,9.6,72.8,4.9,4,2.0,15.99,0,Standard,Laptop,PayPal,True,True,False,True,Medium,Medium,17.06,Yes
SV503379,31,6.6,7.5,42.8,17.6,5,2.0,19.99,10,Standard,Laptop,PayPal,True,True,False,True,High,High,-14.3,No
SV502292,47,20.2,4.2,13.7,7.0,5,1.0,12.99,30,Premium,Mobile,Debit Card,True,True,True,False,Low,Medium,30.35,Yes
SV501502,49,8.1,12.5,33.4,2.4,4,1.0,19.99,0,Standard,SmartTV,PayPal,True,True,False,True,High,High,-4.59,No
SV503782,24,4.5,9.8,45.8,8.5,3,4.0,8.99,30,Family,SmartTV,PayPal,True,False,False,True,Medium,Medium,-8.75,No
SV500605,40,5.1,7.2,52.2,0.5,4,2.0,12.99,0,Standard,SmartTV,Credit Card,True,False,False,False,Medium,Medium,5.43,Yes
SV501988,25,19.0,6.5,55.1,2.1,2,2.0,15.99,0,Basic,Mobile,Credit Card,False,False,False,True,Low,Medium,8.74,Yes
SV500014,39,13.1,5.9,60.0,12.1,4,0.0,12.99,10,Basic,Mobile,Debit Card,True,True,False,True,Medium,High,5.9,Yes
SV501261,35,1.9,14.8,48.9,3.2,3,0.0,12.99,10,Basic,Mobile,Debit Card,False,False,False,True,High,High,-23.75,No
SV503238,44,16.8,2.6,60.0,4.0,2,1.0,15.99,50,Premium,Mobile,Credit Card,True,False,True,True,Low,High,-3.42,No
SV503318,46,16.2,2.7,65.0,10.1,3,0.0,8.99,0,Family,Mobile,Credit Card,True,False,False,True,Low,High,-26.4,No
SV500008,34,40.2,17.0,51.9,8.1,4,3.0,12.99,10,Family,Laptop,Debit Card,True,False,True,False,High,Medium,3.67,No
SV500889,16,9.1,14.4,21.0,3.2,1,1.0,8.99,20,Standard,Mobile,PayPal,True,True,False,False,Medium,High,-18.36,No
SV503148,54,12.2,9.2,40.0,19.1,4,2.0,15.99,10,Standard,Laptop,Credit Card,True,False,False,True,Medium,Medium,-4.0,No
SV503551,21,7.8,1.7,65.6,11.6,3,1.0,8.99,0,Standard,SmartTV,Gift Card,False,True,False,False,Low,High,14.19,Yes
SV501444,32,11.0,3.2,51.8,9.2,1,0.0,12.99,10,Standard,Laptop,Credit Card,True,False,True,False,Medium,High,-3.4,No
SV500393,39,48.1,10.6,60.5,0.4,2,1.0,8.99,0,Standard,Mobile,Debit Card,True,True,False,True,High,High,-34.24,No
SV501582,40,19.3,1.9,65.9,2.8,4,1.0,8.99,20,Standard,Mobile,PayPal,True,True,False,False,Low,High,-5.23,No
SV502858,30,40.5,8.8,67.4,4.8,5,0.0,8.99,20,Standard,SmartTV,Credit Card,True,False,False,True,Medium,High,-13.96,No
SV500538,16,11.8,3.0,37.8,0.5,1,1.0,8.99,0,Premium,Laptop,Credit Card,True,False,False,True,Low,High,-14.67,No
SV501487,19,17.6,6.6,75.3,3.9,4,1.0,15.99,20,Premium,SmartTV,Debit Card,False,False,False,False,Medium,High,-10.39,No
SV500807,20,18.6,2.7,65.9,20.0,4,0.0,8.99,0,Family,SmartTV,PayPal,True,False,False,True,Medium,High,-43.45,No
SV503414,22,0.5,10.3,57.1,2.2,4,0.0,15.99,30,Standard,Mobile,Gift Card,True,False,True,True,Medium,High,1.98,No
SV500798,45,20.0,9.7,66.1,22.8,1,0.0,15.99,0,Basic,Mobile,Debit Card,True,True,True,False,Medium,High,8.39,Yes
SV503539,25,20.6,12.7,64.5,3.7,4,1.0,8.99,0,Premium,Mobile,Credit Card,False,False,False,True,Medium,High,-20.66,No
SV501815,29,14.5,2.6,3.0,5.8,1,0.0,19.99,0,Premium,Mobile,Credit Card,True,True,False,False,Low,High,14.05,Yes
SV502329,45,23.8,9.6,62.2,0.8,5,,8.99,0,Standard,Mobile,Credit Card,True,True,False,False,Medium,High,-6.63,No
SV502647,28,44.1,15.1,66.2,17.4,4,2.0,12.99,0,Basic,Mobile,PayPal,True,True,False,False,High,Medium,-3.96,No
SV501424,36,11.5,2.8,34.8,15.1,2,1.0,15.99,10,Standard,SmartTV,Credit Card,True,False,True,False,Medium,Medium,1.63,No
SV502359,51,7.0,4.3,47.4,1.0,4,0.0,19.99,0,Basic,Mobile,Credit Card,True,False,False,False,Low,High,-3.16,No
SV503321,31,11.0,5.4,51.6,2.2,4,2.0,8.99,0,Premium,Tablet,Credit Card,False,False,False,False,Low,Low,4.64,No
SV500787,32,9.2,2.4,27.8,12.2,1,0.0,8.99,0,Basic,Mobile,PayPal,True,True,False,False,Low,High,-5.72,No
SV501992,37,19.2,20.5,42.4,19.8,5,2.0,15.99,0,Premium,Mobile,Credit Card,True,True,False,True,High,High,-14.83,No
SV501116,46,39.7,3.2,47.3,1.3,5,1.0,12.99,0,Basic,Mobile,Debit Card,True,False,False,False,Medium,High,-11.65,No
SV501320,26,11.6,7.8,40.2,13.3,5,0.0,8.99,0,Standard,SmartTV,Credit Card,False,False,True,False,High,High,-22.83,No
SV503656,31,12.7,2.0,67.1,8.5,1,0.0,8.99,30,Basic,Tablet,Gift Card,True,False,True,False,Low,High,19.33,Yes
SV501552,28,250.9,5.7,32.4,5.7,2,0.0,8.99,50,Basic,SmartTV,Credit Card,True,False,False,False,Medium,High,-3.45,No
SV500032,28,17.2,6.0,,2.0,3,1.0,15.99,20,Standard,Tablet,PayPal,False,False,False,True,Medium,High,-19.97,No
SV500463,16,33.6,7.6,68.1,13.2,3,0.0,15.99,20,Basic,SmartTV,Credit Card,True,False,False,True,High,High,-24.11,No
SV502515,28,6.5,3.3,57.1,0.3,5,1.0,19.99,20,Premium,SmartTV,Credit Card,True,False,False,True,Low,High,3.21,No
SV502295,44,57.5,4.9,61.9,29.7,3,2.0,12.99,10,Family,Mobile,Gift Card,False,False,True,False,Medium,High,16.91,Yes
SV500166,44,22.6,10.2,23.1,3.1,2,1.0,15.99,0,Standard,Tablet,PayPal,True,True,False,True,Medium,Medium,7.15,Yes
SV502862,25,21.8,9.3,49.2,1.7,2,0.0,12.99,20,Basic,Mobile,Credit Card,True,True,False,True,Medium,Medium,-19.44,No
SV500414,31,17.1,20.1,47.2,34.7,2,,12.99,0,Family,SmartTV,Credit Card,False,True,False,False,High,Medium,26.8,Yes
SV500033,25,7.3,7.0,106.5,12.4,3,1.0,19.99,30,Standard,Laptop,Debit Card,True,False,False,False,Medium,High,7.57,Yes
SV500184,39,1.2,5.7,50.2,3.5,4,1.0,19.99,0,Standard,Mobile,Credit Card,True,False,False,False,Medium,High,-2.48,No
SV503022,38,12.6,11.2,46.8,13.6,1,0.0,8.99,20,Standard,Mobile,PayPal,True,False,False,False,High,High,-32.79,No
SV503240,46,21.0,8.5,28.1,8.3,3,3.0,15.99,10,Basic,Mobile,Debit Card,True,True,False,False,Medium,Medium,-3.61,No
SV503301,57,7.1,0.2,11.2,16.7,5,2.0,12.99,20,Standard,Tablet,Credit Card,True,False,True,False,Low,Medium,20.13,Yes
SV501952,16,32.1,4.6,82.6,9.7,4,2.0,19.99,10,Premium,Tablet,Debit Card,True,False,False,False,High,Low,2.91,No
SV503749,48,36.4,5.2,39.1,0.2,3,2.0,15.99,0,Standard,Mobile,Credit Card,True,False,False,True,Medium,Medium,-3.78,No
SV501621,35,6.5,13.2,37.0,0.8,3,1.0,8.99,0,Basic,Mobile,Debit Card,False,True,False,True,Medium,High,-8.51,No
SV501242,53,14.5,23.7,45.7,1.0,4,2.0,12.99,0,Family,Mobile,Credit Card,True,False,False,True,High,High,-24.24,No
SV503549,40,13.3,10.6,5.6,1.0,5,0.0,12.99,30,Standard,Mobile,PayPal,True,False,True,False,Medium,High,2.51,No
SV500721,46,8.4,7.7,25.7,7.1,2,0.0,19.99,0,Premium,SmartTV,Debit Card,True,False,True,True,Medium,High,3.51,No
SV501174,33,34.8,6.8,44.7,1.6,5,2.0,15.99,0,Standard,Mobile,PayPal,False,True,False,False,High,Medium,0.95,No
SV500670,43,52.9,13.6,55.6,3.0,3,1.0,12.99,0,Standard,SmartTV,Debit Card,True,True,False,False,High,High,-18.31,No
SV503331,34,8.7,15.0,28.8,0.9,4,1.0,12.99,0,Family,Mobile,Credit Card,True,True,False,False,High,High,-12.62,No
SV501746,28,9.8,2.8,54.7,23.1,1,4.0,8.99,0,Basic,Mobile,PayPal,True,True,False,True,Low,Low,31.65,Yes
SV502424,35,28.0,1.3,48.3,8.0,5,2.0,19.99,0,Standard,Laptop,Credit Card,True,False,False,False,Medium,Medium,15.32,Yes
SV501556,26,29.7,3.1,74.9,12.6,3,0.0,12.99,0,Standard,Mobile,Gift Card,True,False,False,True,Low,High,10.46,Yes
SV502866,40,0.6,18.0,58.9,6.5,2,0.0,8.99,0,Basic,Tablet,Debit Card,True,False,True,True,High,High,-15.45,No
SV503536,44,18.2,13.7,38.7,7.3,1,0.0,15.99,0,Standard,SmartTV,Credit Card,True,False,False,True,Medium,High,-3.07,No
SV502584,39,1.8,5.3,19.9,9.6,4,0.0,19.99,0,Basic,Laptop,PayPal,True,False,True,False,Low,High,44.37,Yes
SV501744,41,5.6,1.0,17.2,3.6,3,1.0,12.99,0,Family,Mobile,PayPal,True,True,False,True,Low,Medium,3.24,No
SV503867,52,14.0,3.5,,6.1,2,1.0,15.99,20,Family,SmartTV,Gift Card,True,False,True,False,Low,High,16.5,Yes
SV500718,30,28.8,4.8,67.0,8.1,1,2.0,8.99,0,Premium,Tablet,PayPal,True,True,True,False,Medium,High,-8.29,No
SV501370,17,46.8,2.9,67.6,25.1,2,0.0,15.99,0,Standard,Mobile,Credit Card,True,True,True,True,Low,High,1.41,No
SV502979,59,14.3,2.4,66.5,7.4,5,0.0,15.99,30,Basic,Mobile,PayPal,False,True,False,True,Medium,Medium,8.85,Yes
SV503930,22,31.8,3.0,8.6,3.1,3,2.0,8.99,0,Standard,Mobile,Debit Card,True,True,False,True,Medium,High,-20.62,No
SV502020,34,16.4,6.0,64.9,42.2,3,0.0,15.99,10,Basic,Tablet,PayPal,True,False,False,False,Low,High,14.71,Yes
SV502610,16,10.0,3.3,49.5,8.6,3,2.0,15.99,0,Basic,Laptop,PayPal,False,True,True,True,Low,High,19.28,Yes
SV501626,16,13.9,2.8,45.8,0.3,3,1.0,12.99,0,Premium,SmartTV,Credit Card,True,False,True,False,Medium,Medium,14.47,Yes
SV502425,46,9.8,5.2,55.2,16.8,2,1.0,12.99,0,Standard,SmartTV,PayPal,True,False,False,True,Medium,,5.11,Yes
SV503053,33,10.4,5.2,57.2,18.0,2,2.0,15.99,30,Premium,Tablet,PayPal,True,False,False,True,Medium,Medium,6.68,Yes
SV503007,46,13.8,13.2,78.3,0.5,3,0.0,15.99,0,Standard,Mobile,PayPal,True,False,True,True,Medium,High,2.16,No
SV500599,16,17.8,9.0,61.3,2.8,4,1.0,15.99,0,Premium,Mobile,Gift Card,False,False,False,True,Medium,High,-11.82,No
SV501747,37,28.7,10.6,28.4,0.6,5,0.0,12.99,10,Standard,Mobile,Debit Card,True,False,False,False,High,High,-11.44,No
SV502351,41,3.5,23.9,21.5,1.1,5,2.0,15.99,0,Premium,SmartTV,Credit Card,False,False,True,True,High,High,-0.51,No
SV501429,42,10.6,2.6,51.6,4.3,4,1.0,12.99,0,Basic,Mobile,PayPal,False,False,True,False,Medium,High,8.63,Yes
SV501114,35,14.9,8.9,62.1,36.3,5,3.0,12.99,10,Family,Mobile,PayPal,True,True,True,False,Medium,High,-21.04,No
SV500642,57,27.6,2.0,53.6,0.9,3,1.0,8.99,0,Family,Mobile,Credit Card,True,False,False,True,Low,High,-16.23,No
SV500402,43,22.8,2.2,40.8,3.8,4,2.0,8.99,0,Family,Mobile,PayPal,False,True,False,False,Low,High,-5.51,No
SV500490,46,11.5,6.5,76.8,11.7,3,3.0,12.99,20,Standard,Mobile,Credit Card,False,False,False,True,Medium,Low,22.25,Yes
SV502499,48,20.3,25.8,39.5,1.0,4,2.0,8.99,20,Basic,Laptop,Debit Card,True,True,True,True,High,High,2.01,No
SV501003,41,6.3,3.5,61.7,15.7,3,0.0,12.99,0,Standard,Laptop,Credit Card,True,True,False,False,Medium,,14.62,Yes
SV502114,39,17.8,4.7,55.0,1.3,5,,8.99,0,Basic,Mobile,Debit Card,True,True,False,True,Low,High,0.69,No
SV503484,44,10.3,10.5,82.8,7.7,1,3.0,15.99,20,Family,Mobile,Credit Card,True,True,False,False,Medium,High,-5.05,No
SV501878,50,3.7,3.8,79.0,5.1,1,0.0,12.99,20,Basic,Mobile,PayPal,True,False,False,False,Low,High,25.36,Yes
SV502473,40,11.4,6.7,42.6,15.8,3,2.0,8.99,20,Family,SmartTV,Debit Card,True,True,False,True,Medium,Medium,-25.69,No
SV500270,26,3.5,8.2,35.4,13.6,4,2.0,19.99,0,Standard,Tablet,Debit Card,False,False,False,False,Medium,Medium,54.36,Yes
SV502341,32,4.0,3.0,33.1,11.7,1,3.0,19.99,20,Standard,Mobile,Credit Card,True,False,False,True,Low,High,25.61,Yes
SV503058,27,25.8,2.0,47.6,15.1,2,3.0,12.99,0,Standard,SmartTV,Credit Card,False,False,True,True,Medium,Medium,11.11,Yes
SV503198,45,7.4,11.6,45.6,4.3,5,0.0,8.99,0,Premium,Mobile,Debit Card,True,True,False,True,Medium,High,-3.19,No
SV501044,26,53.8,9.0,33.4,4.2,2,1.0,12.99,0,Standard,Mobile,PayPal,False,True,False,False,Medium,High,-3.87,No
SV503497,46,38.6,6.8,67.8,1.8,4,0.0,8.99,20,Basic,Mobile,Credit Card,True,False,True,False,Low,High,17.29,Yes
SV502793,28,18.9,5.0,55.3,5.0,3,0.0,8.99,30,Premium,Laptop,Gift Card,True,False,False,True,Medium,High,-13.04,No
SV502392,16,11.3,1.4,47.3,12.6,2,2.0,12.99,10,Basic,SmartTV,PayPal,True,True,False,True,Low,Low,15.21,Yes
SV503470,17,15.3,1.5,61.0,7.5,3,0.0,8.99,0,Family,SmartTV,Credit Card,True,False,True,True,Low,High,-10.7,No
SV503837,32,3.1,184.1,53.0,24.8,5,1.0,19.99,20,Basic,Mobile,Credit Card,False,True,False,False,Low,High,44.12,Yes
SV502358,47,13.4,14.5,35.3,12.3,2,0.0,19.99,20,Standard,SmartTV,Debit Card,True,False,True,True,High,Medium,-4.5,No
SV502334,29,295.3,8.3,39.4,10.3,3,1.0,12.99,10,Standard,Mobile,Debit Card,True,False,False,False,Medium,High,-8.37,No
SV500017,23,8.1,21.8,68.1,6.3,1,1.0,12.99,10,Premium,Laptop,Credit Card,True,True,False,False,High,High,-25.42,No
SV503654,41,19.0,5.2,65.5,0.9,4,0.0,12.99,30,Standard,SmartTV,Credit Card,True,False,False,True,Medium,High,-7.71,No
SV501210,44,28.1,19.8,64.1,19.3,5,1.0,12.99,0,Standard,SmartTV,Debit Card,False,True,False,False,High,Medium,16.23,Yes
SV502117,35,8.5,10.9,17.6,0.0,4,1.0,19.99,0,Standard,SmartTV,Debit Card,False,False,True,True,Medium,High,-10.46,No
SV500229,31,20.2,7.4,46.4,9.0,1,0.0,15.99,30,Standard,Laptop,Credit Card,False,True,False,True,Medium,High,-25.21,No
SV501117,30,15.2,9.6,57.0,17.1,1,1.0,8.99,10,Standard,Mobile,Debit Card,True,True,False,False,Medium,High,-4.44,No
SV501292,30,3.0,8.6,69.3,6.2,2,1.0,12.99,10,Premium,SmartTV,Credit Card,True,False,False,False,Medium,High,-19.86,No
SV500495,44,32.3,2.7,43.5,1.4,3,0.0,12.99,0,Family,Tablet,Credit Card,True,False,False,True,Low,High,-3.16,No
SV503544,31,3.3,14.9,88.7,23.0,2,0.0,12.99,0,Standard,Tablet,Debit Card,True,False,True,False,High,High,10.13,Yes
SV500461,25,7.7,5.5,42.6,3.6,3,2.0,8.99,0,Basic,Mobile,PayPal,True,False,True,False,Medium,High,6.29,Yes
SV502903,28,25.5,4.7,73.5,5.2,3,1.0,8.99,0,Basic,Laptop,Debit Card,True,True,False,False,Low,High,-6.14,No
SV501563,21,21.8,9.7,74.3,11.5,5,1.0,8.99,0,Basic,Laptop,Credit Card,True,False,False,True,Medium,High,-30.87,No
SV502553,16,14.6,0.4,44.3,1.6,4,0.0,15.99,0,Family,Mobile,Credit Card,True,True,True,False,Low,High,-1.02,No
SV500318,45,27.1,3.2,24.1,2.8,1,5.0,8.99,0,Basic,Mobile,PayPal,True,False,True,True,Low,Low,41.32,Yes
SV502453,25,10.1,13.8,70.6,1.2,1,0.0,12.99,0,Standard,SmartTV,Credit Card,True,True,True,True,High,High,-22.25,No
SV503265,38,11.1,4.2,8.6,4.9,4,0.0,19.99,50,Standard,Mobile,Credit Card,True,False,False,False,Medium,High,-2.82,No
SV502452,40,24.5,3.1,77.3,22.9,2,1.0,15.99,10,Premium,Tablet,Credit Card,True,True,False,False,Low,High,-15.43,No
SV501491,34,42.6,5.2,74.5,3.3,2,1.0,15.99,0,Premium,Mobile,Debit Card,True,False,False,False,Medium,Medium,4.69,No
SV503572,38,22.4,1.5,62.5,0.9,5,1.0,12.99,0,Basic,Laptop,Credit Card,False,True,False,False,Low,High,5.52,Yes
SV501289,43,39.8,11.7,43.7,5.4,3,0.0,19.99,0,Standard,Laptop,Gift Card,True,False,True,True,High,High,4.71,No
SV503322,36,15.1,4.9,73.0,33.8,1,2.0,12.99,20,Premium,Tablet,Gift Card,True,True,True,False,Low,Medium,32.37,Yes
SV503518,34,31.5,3.3,36.8,0.7,5,2.0,15.99,0,Basic,Tablet,Debit Card,True,False,False,False,Low,High,0.79,No
SV503393,22,9.2,19.0,45.0,1.8,4,2.0,15.99,20,Basic,Mobile,PayPal,True,False,True,True,High,High,-5.15,No
SV502233,51,17.4,4.1,24.5,27.0,3,2.0,12.99,20,Basic,SmartTV,PayPal,False,False,False,True,Low,Medium,23.91,Yes
SV500657,36,7.7,3.2,35.2,1.5,1,0.0,8.99,0,Premium,Mobile,Credit Card,True,False,False,True,Medium,High,-22.48,No
SV501056,36,11.5,0.9,52.9,3.0,5,2.0,15.99,0,Basic,SmartTV,PayPal,False,False,False,False,Medium,High,12.34,Yes
SV502119,42,12.8,4.6,69.9,3.6,3,0.0,19.99,20,Standard,Mobile,Credit Card,True,False,False,False,Low,High,7.23,Yes
SV503194,33,23.4,3.5,63.2,4.7,5,1.0,15.99,0,Basic,Laptop,Gift Card,True,False,True,False,Low,High,31.52,Yes
SV503894,41,36.6,6.3,52.1,3.2,3,1.0,8.99,0,Basic,Mobile,PayPal,True,False,True,True,Medium,High,4.19,No
SV501662,33,37.6,3.0,68.4,18.8,5,1.0,8.99,20,Premium,Mobile,Gift Card,False,False,False,True,Low,High,8.55,Yes
SV501330,16,10.8,1.4,13.1,14.1,4,1.0,15.99,0,Standard,SmartTV,Credit Card,True,True,False,True,Low,High,-4.74,No
SV501178,38,19.5,5.5,53.5,22.3,2,0.0,19.99,0,Basic,Tablet,Debit Card,False,False,True,True,Low,High,33.5,Yes
SV503720,35,21.7,10.4,89.0,5.6,4,3.0,15.99,0,Standard,Laptop,Debit Card,True,False,False,False,Medium,High,2.32,No
SV502157,25,59.1,6.1,37.8,3.4,5,0.0,8.99,0,Standard,Laptop,PayPal,True,False,False,False,Medium,High,-15.61,No
SV500298,16,21.7,19.0,70.7,1.2,3,1.0,12.99,20,Standard,Mobile,PayPal,True,False,False,False,High,High,-17.13,No
SV500093,33,19.9,3.8,45.4,8.2,5,0.0,8.99,30,Family,Tablet,Credit Card,True,False,True,True,Low,High,-18.29,No
SV502404,24,24.7,10.1,28.3,25.4,5,0.0,12.99,0,Premium,SmartTV,Credit Card,True,False,False,False,High,Medium,-15.4,No
SV503548,26,20.3,6.8,55.8,4.0,3,1.0,12.99,0,Standard,Tablet,Credit Card,True,False,True,True,Medium,High,-10.83,No
SV501575,20,20.6,7.2,48.3,15.5,5,1.0,12.99,30,Family,Tablet,PayPal,True,False,True,True,Medium,High,-19.37,No
SV503745,30,31.5,10.5,48.6,0.3,3,1.0,8.99,0,Basic,Laptop,PayPal,True,False,True,False,Medium,High,-1.77,No
SV502886,40,2.9,7.1,52.8,2.0,2,1.0,15.99,0,Premium,Mobile,Credit Card,True,False,False,True,Low,High,11.91,Yes
SV501793,31,32.6,11.0,66.3,22.2,4,1.0,15.99,10,Standard,Mobile,PayPal,False,False,False,True,High,High,-4.19,No
SV500023,32,13.2,2.1,80.3,2.7,1,1.0,8.99,20,Premium,SmartTV,Debit Card,True,False,True,True,Low,High,-23.36,No
SV503350,35,4.9,1.7,47.4,0.5,1,3.0,15.99,0,Basic,Laptop,PayPal,True,True,True,True,Low,Medium,42.68,Yes
SV503623,46,6.3,2.3,37.0,23.3,5,2.0,8.99,10,Standard,SmartTV,Credit Card,False,False,False,True,Medium,Medium,5.67,Yes
SV501731,34,3.1,5.8,3.0,5.8,3,0.0,8.99,0,Standard,Mobile,Gift Card,True,True,False,True,High,High,0.16,No
SV501084,35,2.8,5.4,30.5,3.0,1,1.0,19.99,30,Standard,Tablet,Gift Card,True,True,False,False,Medium,High,2.22,No
SV503991,23,5.4,11.9,28.0,8.6,4,46.0,8.99,0,Premium,Laptop,Credit Card,True,False,True,True,High,High,-24.43,No
SV502665,35,9.3,12.2,59.9,2.8,3,1.0,19.99,20,Standard,Tablet,PayPal,False,False,True,False,High,High,-17.87,No
SV502378,34,3.5,5.4,49.5,7.5,1,0.0,8.99,10,Standard,Laptop,Credit Card,True,True,True,True,Medium,High,-10.57,No
SV501272,30,5.1,6.7,52.3,3.7,4,2.0,12.99,0,Premium,Laptop,Credit Card,True,False,True,True,Medium,High,-23.14,No
SV500305,22,19.2,4.8,22.9,0.6,1,0.0,12.99,50,Basic,Mobile,Credit Card,False,False,True,False,Medium,High,0.79,No
SV502902,45,22.2,4.5,58.0,3.6,5,0.0,19.99,10,Basic,Mobile,Credit Card,False,False,False,True,Medium,High,-3.41,No
SV502761,16,22.9,7.9,17.2,14.0,3,2.0,15.99,0,Premium,Tablet,Credit Card,True,False,False,False,Low,High,-7.62,No
SV500598,37,19.9,10.8,39.7,1.2,5,1.0,8.99,10,Standard,SmartTV,PayPal,True,False,True,False,High,High,-33.47,No
SV503879,37,10.1,8.7,42.5,18.7,4,1.0,12.99,30,Basic,Laptop,Credit Card,False,True,False,True,Medium,High,-1.83,No
SV500871,23,2.6,4.9,46.9,5.0,2,0.0,12.99,0,Standard,SmartTV,Gift Card,False,True,True,True,Medium,High,-12.75,No
SV502545,29,21.3,11.2,37.9,5.4,3,2.0,8.99,0,Premium,Laptop,Debit Card,True,False,False,True,High,Medium,-15.6,No
SV502121,34,17.4,0.3,23.3,2.8,5,0.0,12.99,0,Basic,SmartTV,Debit Card,True,False,False,True,Low,High,6.52,Yes
SV501360,30,10.5,10.0,12.6,1.3,5,1.0,12.99,30,Basic,Mobile,Debit Card,True,True,False,False,Medium,High,0.74,No
SV501936,34,4.0,5.6,39.4,19.8,1,0.0,12.99,20,Standard,Mobile,PayPal,True,False,False,False,Medium,High,-15.87,No
SV502758,42,10.2,4.7,53.3,14.2,2,1.0,19.99,0,Standard,Mobile,PayPal,False,False,False,False,Low,High,-11.54,No
SV503644,31,24.7,7.8,49.6,15.7,2,1.0,8.99,20,Premium,SmartTV,Credit Card,False,True,False,True,Medium,Medium,-0.76,No
SV501539,51,11.4,8.3,69.2,8.9,4,1.0,15.99,0,Standard,SmartTV,Credit Card,True,False,False,True,Medium,High,-1.85,No
SV502210,43,25.5,1.8,35.1,11.8,5,1.0,8.99,0,Basic,SmartTV,Credit Card,True,True,True,True,Low,High,26.99,Yes
SV501052,35,11.4,5.5,40.7,4.7,3,0.0,19.99,0,Family,Mobile,PayPal,True,True,False,True,High,High,-32.13,No
SV501566,21,16.8,10.7,21.0,0.3,2,0.0,8.99,0,Basic,Mobile,PayPal,True,False,False,True,Medium,High,-17.62,No
SV503246,25,32.8,5.3,92.9,29.2,2,2.0,8.99,20,Basic,Laptop,Credit Card,False,False,False,True,Medium,High,5.49,Yes
SV501926,28,14.4,6.2,41.9,6.4,2,4.0,15.99,0,Basic,SmartTV,Debit Card,True,False,False,False,Medium,Medium,3.03,No
SV502023,33,6.4,10.0,45.3,16.1,3,0.0,8.99,0,Premium,Mobile,Debit Card,True,False,False,True,High,High,-31.54,No
SV500408,16,14.8,6.7,89.7,54.9,5,3.0,15.99,10,Standard,Mobile,PayPal,True,False,True,False,High,High,-14.75,No
SV500099,24,2.9,4.2,34.5,2.3,5,4.0,15.99,20,Standard,Laptop,PayPal,False,False,False,True,Medium,Medium,1.6,No
SV501211,29,6.1,15.1,4.5,8.2,2,2.0,8.99,10,Family,Mobile,Credit Card,True,False,True,False,High,Low,-23.19,No
SV501432,24,14.9,2.8,54.7,3.1,2,1.0,15.99,0,Premium,Mobile,Credit Card,True,False,False,True,Medium,High,-13.75,No
SV500315,31,6.1,14.5,42.1,0.1,3,0.0,8.99,0,Basic,Laptop,Gift Card,True,False,False,False,High,High,-22.43,No
SV501173,23,19.9,2.5,58.9,21.9,4,2.0,8.99,0,Basic,Tablet,Credit Card,True,False,True,True,Medium,,-0.49,No
SV501235,25,12.0,5.5,41.1,14.1,5,1.0,12.99,10,Family,Mobile,Credit Card,True,False,False,False,Medium,High,-23.03,No
SV503159,26,8.8,10.0,61.3,1.5,1,2.0,15.99,10,Basic,SmartTV,PayPal,True,False,True,True,Medium,Medium,22.91,Yes
SV502732,53,16.3,8.4,56.7,1.9,3,0.0,12.99,10,Family,SmartTV,PayPal,True,False,False,False,Medium,High,-11.08,No
SV503972,37,4.6,10.2,49.3,4.7,3,1.0,15.99,0,Standard,Mobile,Debit Card,False,False,False,False,Medium,High,23.18,Yes
SV503640,17,3.2,7.3,62.0,0.1,1,2.0,8.99,0,Premium,Mobile,Debit Card,True,False,False,False,Medium,Medium,18.7,Yes
SV500751,31,49.9,6.8,50.6,45.4,2,1.0,8.99,0,Standard,Laptop,Credit Card,True,False,False,False,Medium,High,-34.36,No
SV503115,42,20.7,1.9,75.2,9.0,5,2.0,15.99,10,Family,Mobile,Debit Card,True,False,False,False,Low,Medium,3.1,No
SV500156,35,19.3,1.8,43.2,7.0,1,1.0,15.99,0,Standard,Mobile,PayPal,True,True,False,False,Low,High,-1.34,No
SV502561,35,19.7,4.2,44.7,3.7,2,3.0,12.99,30,Standard,Laptop,Gift Card,True,False,True,False,Medium,Low,32.13,Yes
SV500120,23,14.1,2.9,39.9,9.9,3,2.0,19.99,0,Standard,Mobile,Credit Card,True,False,False,True,Medium,Medium,0.87,No
SV501454,50,8.0,2.7,42.6,9.1,1,2.0,19.99,10,Premium,Mobile,Credit Card,False,False,False,True,Low,High,5.51,Yes
SV500511,31,26.0,5.2,72.9,17.2,3,2.0,8.99,0,Premium,SmartTV,Gift Card,True,False,True,True,Medium,High,-13.3,No
SV501517,48,44.2,7.3,37.4,23.9,4,3.0,12.99,10,Basic,Mobile,Credit Card,True,True,False,False,Medium,Medium,-3.47,No
SV503504,36,18.4,5.7,33.5,9.1,4,3.0,8.99,0,Basic,Mobile,Debit Card,True,True,False,True,Low,Medium,0.78,No
SV502016,34,6.3,3.6,65.1,3.1,3,1.0,8.99,0,Basic,Laptop,PayPal,True,False,False,False,Medium,High,-7.07,No
SV503440,56,29.2,4.9,86.2,30.9,2,1.0,8.99,10,Family,SmartTV,Debit Card,True,True,False,False,Medium,High,-10.57,No
SV502846,28,34.3,22.1,19.0,4.0,3,0.0,8.99,0,Basic,SmartTV,Debit Card,True,True,False,False,High,High,-27.77,No
SV501602,48,15.9,15.2,34.5,2.9,5,0.0,8.99,0,Basic,Mobile,Debit Card,True,False,True,True,High,Medium,-6.97,No
SV503778,33,72.0,1.0,49.8,8.9,5,4.0,8.99,0,Standard,Tablet,Gift Card,True,False,False,True,Low,Medium,6.49,Yes
SV503803,37,2.2,12.4,30.6,9.2,3,3.0,8.99,0,Family,SmartTV,Debit Card,True,False,False,True,Medium,Medium,-16.24,No
SV500676,60,19.0,3.8,25.5,16.2,5,1.0,15.99,30,Standard,Laptop,Debit Card,True,False,True,True,Low,High,1.97,No
SV500240,24,21.8,5.3,81.6,3.7,4,2.0,12.99,0,Premium,Laptop,PayPal,True,False,False,True,Low,High,-4.48,No
SV501023,41,11.7,4.9,30.8,16.3,3,4.0,12.99,30,Basic,SmartTV,Credit Card,True,False,False,False,Medium,Low,20.36,Yes
SV502216,34,4.3,6.5,35.2,3.3,5,1.0,8.99,0,Premium,SmartTV,Credit Card,True,False,False,True,Low,High,6.37,Yes
SV501511,40,16.5,13.9,65.9,7.8,1,1.0,19.99,10,Basic,Tablet,PayPal,True,False,False,False,High,High,-14.14,No
SV502813,28,27.2,6.6,55.7,3.8,2,0.0,8.99,0,Standard,Tablet,Gift Card,True,True,False,False,Medium,High,-4.64,No
SV503225,27,22.9,3.3,6.3,9.6,2,1.0,19.99,0,Basic,Tablet,Debit Card,True,False,True,False,Medium,High,14.41,Yes
SV503799,33,2.1,5.7,45.5,12.9,5,0.0,15.99,10,Standard,Laptop,PayPal,True,False,True,True,Medium,High,-1.66,No
SV503763,40,9.0,1.9,48.7,3.2,1,1.0,19.99,0,Standard,SmartTV,Debit Card,True,False,False,True,Low,High,7.48,Yes
SV502882,42,4.7,12.7,30.3,5.8,2,1.0,15.99,50,Basic,Laptop,Debit Card,True,False,True,False,Medium,High,1.82,No
SV500486,25,8.5,7.1,30.8,17.4,1,2.0,15.99,10,Basic,Laptop,Debit Card,True,False,True,True,Medium,Medium,28.63,Yes
SV503361,16,16.4,22.3,107.6,5.3,1,,15.99,10,Standard,SmartTV,Debit Card,False,False,True,True,High,High,-24.49,No
SV501873,21,11.9,1.6,56.9,4.0,4,1.0,12.99,20,Basic,SmartTV,Credit Card,True,False,False,True,Low,High,-18.95,No
SV502461,20,42.1,13.2,58.6,19.3,2,2.0,8.99,10,Premium,Laptop,Credit Card,False,True,True,False,High,High,-13.11,No
SV502437,37,24.9,6.2,40.8,25.8,3,1.0,12.99,10,Standard,SmartTV,Credit Card,False,True,True,False,Medium,High,9.15,Yes
SV500354,46,13.6,14.9,48.8,12.8,3,0.0,19.99,0,Standard,SmartTV,PayPal,True,False,True,True,Medium,Low,10.67,Yes
SV501017,31,4.2,4.8,74.6,8.3,4,0.0,12.99,10,Premium,SmartTV,Debit Card,True,False,True,True,Medium,High,-14.17,No
SV503663,37,16.2,4.2,30.2,45.4,1,0.0,15.99,0,Standard,SmartTV,Debit Card,True,False,False,True,Low,High,4.58,No
SV501741,50,21.1,6.9,77.3,0.6,1,0.0,12.99,0,Standard,Laptop,PayPal,True,True,False,True,Medium,High,-18.26,No
SV502330,24,4.1,8.1,39.3,0.2,5,1.0,15.99,0,Standard,Laptop,Credit Card,False,False,False,True,Medium,High,14.1,Yes
SV502403,26,5.3,0.8,56.9,2.7,1,1.0,19.99,0,Premium,Laptop,PayPal,True,True,True,True,Low,High,11.11,Yes
SV501220,34,12.8,16.2,64.3,18.7,4,0.0,8.99,10,Standard,Laptop,Credit Card,True,False,True,False,Medium,High,0.5,No
SV500051,41,7.7,0.8,3.0,35.3,5,1.0,19.99,30,Basic,SmartTV,PayPal,True,False,True,False,Low,High,32.18,Yes
SV502722,16,32.4,5.9,45.8,5.6,5,1.0,19.99,0,Basic,Mobile,Credit Card,True,False,False,False,Low,High,9.66,Yes
SV501720,46,5.4,10.1,27.6,27.7,3,2.0,19.99,0,Family,Mobile,Credit Card,True,False,False,False,High,High,-20.9,No
SV500073,39,2.2,5.0,32.5,18.9,3,3.0,19.99,10,Family,Mobile,Debit Card,True,False,False,True,Low,Medium,26.06,Yes
SV501688,32,2.1,2.7,20.6,9.9,5,1.0,12.99,0,Standard,Laptop,Debit Card,True,False,False,True,Low,High,24.23,Yes
SV502585,45,15.1,12.8,55.2,2.4,1,0.0,12.99,10,Standard,SmartTV,Debit Card,True,True,True,False,High,High,-12.63,No
SV500438,27,24.1,9.9,63.4,0.5,2,0.0,8.99,0,Standard,Mobile,Gift Card,False,False,True,False,Medium,High,-2.83,No
SV501474,32,9.4,5.8,66.7,4.9,5,1.0,12.99,0,Premium,Mobile,PayPal,True,False,False,False,Medium,High,-11.69,No
SV502760,26,10.2,4.5,12.5,0.5,2,1.0,19.99,0,Premium,Mobile,Debit Card,True,False,True,False,Low,Low,33.89,Yes
SV500802,38,12.9,4.7,69.4,11.7,2,1.0,12.99,50,Premium,Tablet,Debit Card,True,False,False,True,Low,High,-1.06,No
SV500465,29,18.5,10.9,47.8,7.7,4,1.0,19.99,0,Standard,Mobile,PayPal,True,False,True,False,Medium,High,5.46,Yes
SV503084,29,7.5,6.7,32.0,9.4,1,3.0,8.99,0,Standard,Tablet,PayPal,True,True,False,False,Medium,High,6.76,Yes
SV501064,27,4.3,2.5,70.0,22.3,5,1.0,8.99,0,Standard,Mobile,Credit Card,False,False,False,True,Low,High,37.01,Yes
SV503910,49,166.2,4.4,,0.9,1,1.0,8.99,0,Premium,SmartTV,Debit Card,True,False,False,False,Medium,High,-21.58,No
SV500157,45,19.1,5.0,51.7,3.9,3,0.0,15.99,0,Standard,Mobile,PayPal,False,False,True,False,Medium,High,-1.43,No
SV502003,37,3.6,7.5,48.9,0.8,1,1.0,19.99,0,Premium,SmartTV,Credit Card,False,False,False,True,Medium,High,-0.25,No
SV501653,30,16.7,4.9,61.8,12.1,2,2.0,12.99,0,Standard,Mobile,PayPal,True,False,True,False,Medium,Medium,-13.8,No
SV500052,18,11.3,6.7,52.5,16.6,5,1.0,8.99,10,Basic,Laptop,Credit Card,True,False,False,True,Medium,High,-14.81,No
SV501344,23,12.1,8.0,52.1,4.2,1,1.0,19.99,0,Basic,SmartTV,Debit Card,True,False,True,True,Medium,High,11.13,Yes
SV500220,32,27.2,5.4,24.4,20.4,3,1.0,19.99,0,Standard,Tablet,Debit Card,False,False,True,False,Medium,Medium,44.05,Yes
SV500564,44,26.4,5.2,69.1,20.1,4,3.0,8.99,0,Standard,SmartTV,Credit Card,True,False,True,True,Medium,Low,34.74,Yes
SV500026,40,20.1,1.4,58.8,0.6,5,0.0,8.99,10,Basic,SmartTV,PayPal,True,False,False,True,Low,High,-8.94,No
SV501583,26,25.9,6.5,37.5,18.5,3,0.0,12.99,0,Basic,Mobile,PayPal,True,False,True,False,Medium,High,-9.78,No
SV502014,51,1.5,5.4,53.0,14.1,2,0.0,15.99,0,Standard,SmartTV,Credit Card,True,True,False,True,Medium,High,-7.64,No
SV500214,30,6.1,27.9,27.5,6.8,3,49.0,12.99,0,Premium,Laptop,Gift Card,True,False,False,False,High,Low,23.99,Yes
SV502057,16,6.4,8.8,30.5,2.2,2,2.0,8.99,10,Standard,SmartTV,Credit Card,True,True,False,True,Medium,High,-7.08,No
SV500937,33,32.5,2.8,62.1,3.0,4,2.0,15.99,0,Standard,Mobile,Credit Card,False,True,False,True,Low,Medium,-4.9,No
SV500551,40,18.8,6.7,45.5,6.4,5,1.0,12.99,50,Standard,Mobile,Credit Card,True,True,True,True,High,High,-9.2,No
SV503026,42,6.6,6.0,32.5,4.8,1,3.0,12.99,10,Premium,Mobile,PayPal,False,False,False,False,Medium,High,8.41,Yes
SV502586,35,11.8,11.9,45.3,9.1,3,0.0,15.99,0,Basic,Tablet,Credit Card,True,False,False,True,High,High,-21.75,No
SV500325,42,5.8,8.2,81.2,1.3,3,1.0,12.99,20,Standard,SmartTV,Debit Card,False,True,True,True,Medium,High,-22.01,No
SV503270,46,9.4,5.4,50.1,13.5,3,0.0,15.99,0,Standard,Laptop,PayPal,False,True,False,True,Medium,High,-31.23,No
SV503975,37,5.5,2.5,43.9,4.5,2,2.0,12.99,0,Standard,SmartTV,Debit Card,True,False,False,True,Medium,Medium,-9.42,No
SV501670,33,24.2,13.8,53.1,3.7,4,0.0,12.99,30,Standard,Mobile,Credit Card,True,False,False,False,High,High,-16.96,No
SV500829,16,24.6,1.7,43.3,2.2,4,1.0,8.99,10,Basic,Mobile,Credit Card,True,False,True,True,Medium,High,1.47,No
SV503116,27,23.6,10.9,84.7,13.0,1,3.0,8.99,20,Standard,SmartTV,Credit Card,True,True,True,True,High,Medium,-16.95,No
SV500752,23,6.2,1.3,49.0,13.2,4,1.0,8.99,0,Standard,SmartTV,Credit Card,True,True,False,True,Low,High,-3.54,No
SV503702,26,21.2,2.7,67.7,24.2,3,2.0,15.99,30,Premium,SmartTV,PayPal,False,False,False,True,Medium,High,-4.73,No
SV503237,42,5.0,24.9,47.7,10.8,2,2.0,19.99,10,Basic,Tablet,Credit Card,True,True,False,False,High,Medium,-2.18,No
SV502476,16,14.2,4.9,,6.2,1,1.0,12.99,10,Premium,SmartTV,Debit Card,True,False,False,True,Low,High,-8.67,No
SV500044,35,10.4,6.5,83.5,8.0,1,3.0,12.99,0,Basic,Mobile,Debit Card,True,False,False,True,Low,Medium,20.29,Yes
SV503987,39,12.7,5.2,3.0,1.7,5,0.0,8.99,10,Premium,Mobile,Credit Card,False,False,False,True,Low,High,-1.35,No
SV501553,30,13.5,10.1,56.8,2.3,5,0.0,15.99,10,Standard,Laptop,PayPal,True,True,True,True,Medium,High,-24.92,No
SV500501,44,3.2,5.1,34.0,10.8,2,1.0,8.99,0,Standard,Mobile,Debit Card,True,False,False,True,Medium,High,11.54,Yes
SV502398,27,10.4,9.7,67.9,24.2,4,1.0,8.99,0,Standard,Laptop,Credit Card,True,False,False,True,Medium,Medium,-15.27,No
SV500976,46,5.4,2.6,47.8,20.2,5,0.0,12.99,30,Premium,Laptop,Credit Card,True,False,False,False,Low,High,-0.07,No
SV502527,30,5.7,16.1,48.3,0.7,4,2.0,19.99,30,Standard,Mobile,Credit Card,True,True,False,False,High,High,-19.76,No
SV501192,31,16.7,3.3,70.2,5.1,2,0.0,19.99,0,Standard,SmartTV,PayPal,False,False,True,False,Low,High,22.13,Yes
SV500810,32,14.0,18.9,59.7,27.9,4,1.0,19.99,10,Premium,Mobile,PayPal,True,True,False,False,High,High,-6.74,No
SV500999,43,0.7,3.5,26.4,5.4,2,2.0,15.99,20,Basic,Mobile,Debit Card,True,False,False,False,Low,High,-0.77,No
SV500568,40,9.8,11.9,58.6,9.7,1,3.0,19.99,0,Basic,SmartTV,Credit Card,True,False,True,False,Medium,Low,57.85,Yes
SV502792,25,17.8,3.7,98.0,1.2,4,2.0,8.99,0,Premium,Mobile,Debit Card,True,False,True,False,Medium,High,-11.64,No
SV503808,33,11.2,18.3,75.0,1.1,3,1.0,12.99,0,Family,Laptop,Debit Card,False,True,True,True,High,High,-29.42,No
SV502031,29,38.1,8.1,73.4,2.6,4,1.0,12.99,10,Basic,Tablet,Gift Card,False,False,True,True,Medium,High,19.52,Yes
SV500366,26,18.6,8.5,41.5,5.0,3,,19.99,0,Basic,Mobile,PayPal,True,False,False,False,Low,High,1.5,No
SV500457,25,15.3,4.4,6.8,18.9,5,2.0,8.99,0,Standard,SmartTV,Debit Card,True,False,False,True,Medium,Medium,7.4,Yes
SV500256,39,6.1,115.1,67.0,2.5,1,1.0,8.99,0,Basic,Laptop,Credit Card,True,False,False,False,Low,High,2.55,No
SV502186,33,36.3,7.5,80.5,28.2,1,1.0,15.99,0,Premium,SmartTV,Debit Card,True,False,False,True,Medium,High,-22.25,No
SV502270,39,11.3,9.5,43.1,8.1,5,0.0,8.99,0,Standard,Laptop,PayPal,False,False,False,True,High,High,-32.69,No
SV501476,57,51.1,8.3,51.2,9.1,5,0.0,12.99,0,Family,SmartTV,Credit Card,True,True,False,True,Medium,High,-20.74,No
SV500576,49,13.0,6.7,62.8,9.7,2,0.0,8.99,0,Premium,Mobile,Credit Card,True,False,False,False,Low,High,-3.95,No
SV502339,43,33.0,2.9,40.5,3.4,1,1.0,8.99,0,Family,Mobile,PayPal,True,True,False,False,Low,High,-0.17,No
SV502140,33,14.2,7.9,54.1,9.7,2,1.0,8.99,0,Standard,Laptop,Debit Card,True,False,False,False,Medium,High,-19.09,No
SV502282,46,2.3,4.3,25.4,3.9,5,0.0,12.99,0,Premium,Mobile,Credit Card,False,False,False,True,Medium,High,-30.9,No
SV503736,29,48.2,13.7,58.9,5.1,3,3.0,12.99,0,Basic,SmartTV,Gift Card,True,False,False,True,Medium,Medium,16.09,Yes
SV501764,22,41.2,4.4,49.6,21.2,3,0.0,12.99,0,Standard,SmartTV,Credit Card,True,True,True,False,Medium,High,1.02,No
SV502304,38,12.9,16.7,63.3,7.7,3,1.0,12.99,0,Standard,SmartTV,Debit Card,True,True,False,False,High,Low,-3.69,No
SV502893,27,16.1,2.3,35.7,29.8,4,1.0,8.99,50,Standard,Mobile,Gift Card,False,False,True,False,Low,Medium,45.47,Yes
SV500291,36,18.9,3.5,27.9,9.5,1,1.0,8.99,0,Standard,SmartTV,PayPal,True,False,False,False,Low,High,-5.95,No
SV500729,22,25.1,10.4,63.2,6.6,4,0.0,15.99,0,Standard,SmartTV,Credit Card,True,False,True,True,Medium,Medium,-3.88,No
SV501613,35,16.4,15.0,44.3,6.7,5,2.0,19.99,0,Family,Mobile,Credit Card,True,False,True,True,High,High,-24.41,No
SV500134,18,8.5,17.4,43.3,2.4,1,0.0,12.99,30,Standard,Tablet,Gift Card,True,False,False,False,High,High,-19.48,No
SV501510,35,7.4,6.6,36.2,14.6,2,2.0,8.99,10,Family,SmartTV,Debit Card,True,True,False,False,Low,Medium,1.93,No
SV503221,35,16.4,4.7,55.5,2.0,3,3.0,19.99,0,Standard,Mobile,Credit Card,True,False,False,True,Medium,High,-8.47,No
SV500680,43,5.0,6.3,62.3,28.0,4,0.0,12.99,0,Basic,Laptop,PayPal,True,False,False,True,High,High,-34.14,No
SV503473,40,48.1,3.0,,11.6,4,1.0,19.99,20,Basic,Mobile,Credit Card,False,False,False,False,Medium,High,-10.3,No
SV500263,28,26.1,10.9,64.1,8.1,1,0.0,15.99,0,Basic,SmartTV,Gift Card,True,True,False,True,High,High,-12.82,No
SV502428,34,5.9,3.9,73.2,5.9,3,1.0,8.99,10,Standard,Laptop,Credit Card,True,False,False,True,Low,Medium,17.64,Yes
SV503349,24,3.6,7.5,49.4,0.4,4,3.0,12.99,0,Basic,SmartTV,PayPal,False,True,False,True,Medium,Low,45.02,Yes
SV502241,25,39.8,2.0,37.0,1.7,4,0.0,15.99,0,Basic,SmartTV,PayPal,False,False,True,True,Low,High,25.23,Yes
SV500764,38,3.3,6.9,,7.2,1,0.0,8.99,20,Standard,Laptop,Credit Card,True,True,False,False,Low,High,2.73,No
SV500056,31,8.7,4.5,86.6,8.3,4,1.0,12.99,50,Basic,Laptop,Gift Card,False,True,False,True,Medium,High,-9.55,No
SV502784,38,24.0,12.5,89.2,23.1,5,0.0,15.99,10,Basic,Mobile,Debit Card,False,False,False,True,High,High,8.31,Yes
SV500682,48,9.3,0.8,35.3,27.0,5,0.0,12.99,10,Basic,SmartTV,PayPal,True,False,False,False,Low,High,12.77,Yes
SV501293,16,1.8,8.3,67.9,9.6,5,2.0,8.99,30,Premium,Mobile,Credit Card,True,True,False,False,Medium,Medium,-4.15,No
SV502185,34,41.5,3.1,49.9,23.2,4,4.0,12.99,0,Basic,Tablet,PayPal,True,True,True,False,Low,Low,52.49,Yes
SV501309,30,44.3,2.8,55.8,20.8,5,2.0,8.99,10,Standard,Mobile,Credit Card,True,True,True,True,Low,Medium,17.15,Yes
SV503400,38,10.3,16.4,67.5,25.2,1,0.0,8.99,0,Basic,SmartTV,Credit Card,True,False,True,False,High,High,-16.81,No
SV500544,31,20.4,10.5,45.1,9.7,2,0.0,15.99,0,Standard,Tablet,Credit Card,False,False,False,False,High,High,-23.7,No
SV501860,41,5.6,2.9,45.4,3.4,1,0.0,8.99,20,Basic,Mobile,PayPal,True,True,False,False,Low,High,-5.39,No
SV502708,37,22.0,17.8,46.0,1.7,1,0.0,8.99,0,Premium,Mobile,Credit Card,True,True,False,False,High,High,-20.25,No
SV503931,42,31.6,10.4,62.8,23.2,1,2.0,8.99,0,Basic,Mobile,Debit Card,True,True,True,False,Medium,High,-1.96,No
SV501728,35,14.4,11.8,60.7,2.0,2,1.0,12.99,0,Family,Laptop,Credit Card,True,True,True,True,Medium,Medium,-5.91,No
SV502345,23,10.1,15.4,77.8,21.1,3,1.0,8.99,0,Standard,SmartTV,Credit Card,True,False,False,False,High,High,-12.4,No
SV500838,54,19.8,9.8,60.7,32.0,5,0.0,12.99,0,Family,Mobile,Debit Card,True,False,False,False,Medium,High,-17.07,No
SV500170,118,16.8,10.0,27.9,3.3,2,0.0,12.99,0,Basic,Mobile,Credit Card,True,False,False,False,Medium,High,-21.83,No
SV502024,19,22.2,12.3,49.0,39.2,1,0.0,8.99,10,Premium,Tablet,Debit Card,True,False,False,False,High,High,-10.98,No
SV503846,33,6.2,22.7,61.7,23.9,1,3.0,12.99,0,Basic,Tablet,Debit Card,True,False,True,False,High,Medium,10.09,Yes
SV503584,37,25.7,12.3,35.0,17.4,1,1.0,19.99,0,Premium,Mobile,Credit Card,False,False,False,False,Medium,Medium,-9.09,No
SV501550,17,19.9,10.8,48.8,0.0,3,0.0,12.99,0,Standard,SmartTV,PayPal,True,False,False,True,Medium,High,-22.2,No
SV501588,23,37.6,1.3,25.3,7.0,5,1.0,19.99,0,Family,Laptop,Credit Card,True,False,True,True,Medium,Medium,11.58,Yes
SV502763,44,0.5,4.5,18.7,10.7,5,1.0,15.99,30,Premium,Laptop,Debit Card,True,True,True,True,Medium,High,-0.32,No
SV500188,19,5.3,5.9,44.4,6.6,4,0.0,12.99,0,Standard,Mobile,Gift Card,True,False,True,True,Low,High,-5.3,No
SV500012,35,6.9,5.0,10.3,16.7,4,2.0,15.99,20,Standard,Tablet,PayPal,True,False,False,True,Low,Medium,9.2,Yes
SV503838,30,8.5,5.3,70.5,2.3,4,1.0,19.99,0,Family,SmartTV,PayPal,False,False,False,True,Medium,High,-6.88,No
SV500322,47,3.2,12.0,87.1,0.6,1,2.0,15.99,20,Basic,Mobile,Debit Card,True,False,False,True,High,Low,-4.36,No
SV500985,41,6.7,6.2,45.2,1.5,5,1.0,12.99,10,Basic,SmartTV,Credit Card,True,True,True,False,Low,Medium,46.51,Yes
SV503629,41,17.8,11.9,53.2,26.4,2,1.0,19.99,0,Basic,Mobile,Credit Card,True,False,True,False,High,Medium,6.08,Yes
SV500432,33,11.6,4.8,81.3,5.5,5,2.0,15.99,20,Basic,Mobile,Credit Card,True,False,False,True,Medium,High,-3.77,No
SV501091,34,36.3,14.0,62.2,17.6,2,1.0,15.99,30,Standard,SmartTV,Credit Card,True,True,False,False,High,High,-32.3,No
SV502894,27,13.6,8.8,61.6,9.1,4,0.0,12.99,30,Basic,Tablet,Credit Card,True,False,False,True,Medium,High,-20.27,No
SV502836,40,12.7,6.1,59.5,0.8,1,2.0,19.99,0,Family,Mobile,Debit Card,True,False,False,False,Medium,Low,13.51,Yes
SV502891,39,5.7,6.3,46.8,30.0,3,3.0,12.99,30,Standard,Mobile,Credit Card,True,False,False,True,Medium,Medium,-7.94,No
SV502238,24,21.0,4.9,61.6,13.3,1,1.0,15.99,0,Premium,Laptop,Credit Card,False,False,True,False,Low,High,-7.19,No
SV503123,40,9.1,4.8,56.2,2.0,3,1.0,15.99,0,Standard,SmartTV,PayPal,True,True,True,True,Low,High,15.26,Yes
SV503684,22,21.0,13.1,35.9,1.7,4,1.0,8.99,30,Basic,SmartTV,Gift Card,False,False,True,True,High,High,14.72,Yes
SV501805,16,8.4,11.5,50.2,33.0,1,3.0,19.99,0,Standard,Mobile,Credit Card,False,False,False,False,High,Medium,32.26,Yes
SV501315,54,21.7,1.3,24.8,12.1,5,1.0,8.99,0,Premium,Tablet,PayPal,False,False,False,False,Low,High,-0.19,No
SV502957,35,26.3,1.8,22.7,17.5,5,1.0,8.99,20,Standard,SmartTV,Debit Card,False,False,False,False,Low,High,-18.14,No
SV501096,51,1.9,4.8,74.7,5.3,4,0.0,19.99,0,Standard,Mobile,Credit Card,True,False,False,False,Medium,High,-11.9,No
SV501945,16,25.4,18.9,40.4,21.3,5,1.0,8.99,0,Basic,SmartTV,Gift Card,True,False,False,True,High,High,-15.68,No
SV501032,28,23.4,7.3,41.2,5.7,1,1.0,8.99,20,Standard,Mobile,Credit Card,False,False,False,False,Medium,High,-1.76,No
SV501018,30,16.1,1.7,51.0,0.2,2,2.0,8.99,20,Premium,SmartTV,Debit Card,True,False,False,False,Low,High,1.22,No
SV500238,22,7.9,17.6,34.2,5.0,2,2.0,15.99,0,Standard,Mobile,Debit Card,True,False,False,False,High,Medium,-7.49,No
SV500174,20,9.4,9.3,71.7,0.1,5,0.0,19.99,0,Basic,Laptop,Credit Card,True,False,True,False,High,High,-3.48,No
SV502240,48,29.6,9.2,41.4,5.4,4,1.0,19.99,30,Standard,Laptop,Credit Card,True,False,True,True,Medium,High,-14.63,No
SV502567,39,17.5,0.8,64.5,5.3,5,2.0,8.99,20,Basic,SmartTV,Gift Card,True,True,False,False,Low,,-4.54,No
SV500818,37,67.9,6.6,36.9,7.7,5,2.0,12.99,30,Standard,Mobile,Debit Card,True,False,False,True,Medium,High,-9.21,No
SV500990,44,7.5,8.6,56.1,8.5,5,1.0,12.99,10,Basic,SmartTV,Credit Card,False,False,True,True,Medium,High,13.87,Yes
SV501916,27,29.8,3.7,74.4,4.0,1,0.0,15.99,0,Basic,SmartTV,Gift Card,False,False,False,False,Medium,High,13.9,Yes
SV501113,31,25.7,5.0,35.3,16.3,3,1.0,15.99,0,Standard,SmartTV,Credit Card,True,False,False,True,Medium,High,-25.59,No
SV501378,37,7.5,6.5,23.1,4.3,1,0.0,12.99,30,Family,Laptop,Credit Card,True,False,False,False,Low,High,-12.14,No
SV501426,43,34.3,4.3,45.2,16.9,4,1.0,15.99,10,Standard,Mobile,Debit Card,False,False,True,True,Medium,High,-26.64,No
SV500410,18,51.7,10.0,55.6,3.7,2,1.0,15.99,0,Family,Mobile,PayPal,False,False,True,False,Medium,High,-9.62,No
SV501138,33,15.6,4.2,65.8,16.1,2,1.0,15.99,10,Standard,SmartTV,Debit Card,True,False,False,True,Medium,High,-21.17,No
SV500817,37,15.4,4.1,70.2,3.2,3,0.0,15.99,0,Basic,Mobile,PayPal,True,True,True,False,Medium,Medium,25.69,Yes
SV502962,37,23.9,5.8,75.7,0.9,3,1.0,8.99,0,Standard,Mobile,Credit Card,True,True,False,True,Medium,High,-18.24,No
SV501732,32,10.8,5.1,47.7,5.4,3,1.0,19.99,30,Standard,Laptop,PayPal,True,False,True,False,Medium,High,-4.9,No
SV502348,51,7.9,5.7,29.0,19.4,4,2.0,19.99,0,Standard,Mobile,PayPal,True,True,False,True,Medium,Medium,12.45,Yes
SV501450,30,7.1,8.6,78.5,3.8,1,3.0,19.99,30,Standard,Mobile,Debit Card,False,False,True,True,Medium,High,5.21,Yes
SV500227,55,15.1,5.9,58.7,6.9,3,1.0,8.99,0,Basic,SmartTV,Credit Card,True,False,False,False,Low,High,1.05,No
SV502700,43,4.4,2.9,33.0,0.5,3,1.0,19.99,0,Basic,Mobile,Credit Card,True,False,False,True,Medium,High,23.86,Yes
SV501580,47,4.7,0.9,35.7,5.6,5,0.0,19.99,20,Standard,Tablet,Credit Card,False,True,True,False,Low,High,30.78,Yes
SV501161,30,15.9,9.0,52.3,23.6,4,0.0,8.99,0,Premium,SmartTV,Credit Card,True,False,False,True,Medium,High,-13.51,No
SV500351,43,12.8,19.8,24.2,7.4,2,2.0,12.99,50,Basic,Mobile,Debit Card,True,False,False,True,High,High,-28.34,No
SV501393,39,5.2,4.1,12.9,4.7,3,2.0,19.99,20,Basic,SmartTV,Credit Card,True,False,True,True,Low,High,34.35,Yes
SV501263,29,20.3,12.2,42.3,25.1,4,1.0,8.99,10,Standard,Mobile,Credit Card,True,False,False,True,High,Medium,-15.69,No
SV501237,40,24.3,6.6,56.4,2.3,5,0.0,12.99,20,Family,Laptop,Credit Card,False,True,False,False,Medium,High,-16.55,No
SV501200,19,3.9,5.6,19.6,18.9,4,3.0,12.99,0,Standard,Mobile,PayPal,True,True,False,True,Medium,Low,65.72,Yes
SV502178,41,37.5,3.0,38.9,28.3,1,0.0,15.99,20,Standard,Mobile,Credit Card,True,True,False,True,Low,High,-3.8,No
SV502466,29,27.4,1.3,57.7,9.7,3,2.0,12.99,20,Standard,SmartTV,Credit Card,True,False,False,True,Low,Medium,9.57,Yes
SV502010,20,2.9,3.2,43.7,6.7,4,2.0,8.99,30,Basic,SmartTV,Credit Card,True,False,True,False,Low,High,27.74,Yes
SV501377,36,24.6,3.7,43.2,14.6,4,,15.99,0,Basic,SmartTV,Credit Card,True,True,False,False,Low,Medium,12.04,Yes
SV500069,32,6.1,7.4,67.8,3.1,1,1.0,15.99,0,Standard,Tablet,PayPal,False,False,False,False,Medium,High,6.15,Yes
SV503597,28,11.2,0.9,34.8,1.2,3,2.0,8.99,10,Standard,Mobile,Debit Card,True,False,False,False,Low,Medium,6.11,Yes
SV500045,36,60.0,6.8,25.4,19.2,2,3.0,15.99,0,Standard,Mobile,Credit Card,False,True,False,False,Medium,Low,43.16,Yes
SV501068,50,11.9,5.6,96.3,2.5,3,2.0,8.99,0,Premium,Laptop,Credit Card,True,False,True,True,Low,High,-10.31,No
SV503493,37,10.3,13.6,61.6,12.3,1,1.0,8.99,30,Standard,Mobile,PayPal,True,False,False,False,Medium,High,4.05,No
SV500183,46,11.1,9.3,42.4,8.9,1,0.0,12.99,0,Standard,SmartTV,Credit Card,True,False,True,True,High,High,-41.67,No
SV502250,23,1.7,18.9,65.7,12.7,3,2.0,12.99,0,Standard,Laptop,Credit Card,True,True,False,False,High,Medium,-14.39,No
SV501413,48,62.1,10.7,36.3,0.7,5,2.0,15.99,0,Premium,Mobile,PayPal,True,False,False,False,High,High,-3.15,No
SV501586,16,14.1,5.1,38.1,30.5,3,2.0,15.99,0,Standard,SmartTV,PayPal,True,True,True,True,Medium,High,3.27,No
SV501270,51,32.8,5.4,40.4,11.0,1,0.0,12.99,30,Premium,Laptop,Credit Card,True,False,False,False,Medium,High,-19.27,No
SV501414,49,18.4,3.8,28.2,2.4,4,0.0,8.99,0,Premium,SmartTV,Credit Card,True,False,False,False,Medium,High,-19.83,No
SV500139,66,20.1,6.2,42.1,14.7,5,,12.99,0,Premium,Mobile,Debit Card,True,False,False,False,Medium,High,-8.6,No
SV503353,25,15.4,11.8,50.8,3.2,5,0.0,8.99,0,Basic,SmartTV,PayPal,True,True,True,True,High,High,-11.75,No
SV503211,33,70.1,6.0,55.7,7.8,4,1.0,8.99,20,Standard,Mobile,Credit Card,False,False,False,False,Medium,Low,-3.24,No
SV500309,53,17.3,9.2,56.7,19.8,4,1.0,12.99,0,Basic,Mobile,Credit Card,True,False,True,False,Medium,,-13.62,No
SV500266,36,5.0,6.5,52.5,2.8,5,0.0,12.99,0,Basic,Mobile,Credit Card,True,False,False,False,Medium,High,-14.85,No
SV503150,37,8.2,6.8,45.0,13.8,3,1.0,12.99,0,Basic,Laptop,Debit Card,True,False,False,True,Medium,High,-6.44,No
SV502168,26,4.6,9.6,45.9,5.4,2,2.0,8.99,0,Family,Mobile,Credit Card,False,False,False,False,Medium,High,19.46,Yes
SV503207,38,28.5,10.0,86.9,3.4,5,1.0,19.99,50,Basic,Mobile,PayPal,True,True,True,True,Medium,High,23.44,Yes
SV500063,40,30.1,4.1,23.7,2.9,2,2.0,12.99,0,Basic,Laptop,Credit Card,True,True,False,False,Low,High,-0.24,No
SV502571,41,21.1,2.8,57.0,3.7,2,1.0,8.99,0,Premium,Mobile,Credit Card,False,False,True,False,Medium,Medium,-4.14,No
SV501991,40,20.5,6.3,66.0,1.2,4,0.0,12.99,0,Premium,Mobile,Credit Card,True,True,False,False,Low,High,1.36,No
SV501578,16,27.2,2.5,34.4,2.1,2,2.0,12.99,0,Basic,Mobile,Debit Card,True,False,False,False,Low,High,2.45,No
SV502682,45,16.6,7.7,75.9,10.2,2,1.0,12.99,20,Standard,Tablet,Debit Card,True,True,False,True,Medium,High,-17.88,No
SV500144,25,10.7,3.1,17.3,2.0,4,2.0,12.99,20,Basic,Mobile,Gift Card,True,False,True,False,Low,Medium,37.26,Yes
SV503456,37,12.4,7.8,46.6,3.4,2,2.0,15.99,20,Basic,Mobile,Credit Card,True,False,False,True,High,High,-26.94,No
SV503401,43,39.7,2.8,49.1,2.2,4,0.0,15.99,50,Premium,SmartTV,Credit Card,True,True,True,True,Low,High,-0.5,No
SV503992,31,14.8,6.4,52.9,4.0,5,4.0,12.99,0,Standard,SmartTV,Credit Card,False,True,False,False,Medium,High,-6.84,No
SV501405,42,31.6,10.5,61.2,10.2,2,1.0,15.99,0,Basic,SmartTV,Debit Card,True,True,False,False,High,High,0.8,No
SV503666,34,5.0,9.2,46.9,12.7,3,4.0,19.99,0,Basic,Laptop,Gift Card,False,False,False,True,Medium,Medium,46.91,Yes
SV502579,49,10.3,3.4,64.6,8.8,5,1.0,12.99,0,Standard,Mobile,Debit Card,True,False,False,False,Medium,High,10.48,Yes
SV500776,22,6.8,3.3,59.8,21.5,4,0.0,8.99,0,Basic,SmartTV,Credit Card,False,True,True,True,Low,High,29.0,Yes
SV502171,22,16.1,4.8,90.9,0.9,3,1.0,19.99,0,Basic,SmartTV,Debit Card,True,True,False,True,Low,High,2.83,No
SV503024,32,2.4,18.9,49.7,15.1,1,0.0,15.99,0,Standard,Tablet,PayPal,False,True,False,True,High,High,-21.86,No
SV501964,26,3.7,4.2,48.9,3.4,5,1.0,8.99,10,Premium,Mobile,Credit Card,True,False,False,False,Medium,High,-15.04,No
SV500969,34,72.0,1.1,7.2,4.9,5,1.0,8.99,0,Standard,Laptop,Credit Card,False,False,False,True,Low,High,-7.34,No
SV502281,34,43.3,5.5,36.4,0.5,3,1.0,19.99,20,Basic,Mobile,PayPal,False,True,False,False,High,High,-22.75,No
SV500251,38,1.3,8.3,34.0,4.3,3,0.0,8.99,0,Basic,SmartTV,Debit Card,True,True,False,True,Medium,High,-22.64,No
SV503614,16,2.6,12.5,27.5,2.1,5,4.0,12.99,20,Standard,Mobile,Credit Card,True,False,False,False,Medium,Medium,6.14,Yes
SV500864,26,19.9,12.0,41.4,21.7,4,2.0,12.99,30,Standard,Mobile,PayPal,True,False,False,True,High,Medium,-23.58,No
SV500809,36,23.6,6.1,38.1,0.6,1,1.0,15.99,0,Basic,SmartTV,Credit Card,True,False,False,True,Low,High,1.96,No
SV501598,51,34.8,13.8,74.6,2.1,1,0.0,15.99,0,Standard,SmartTV,Debit Card,True,False,False,False,High,High,-16.59,No
SV502592,39,32.6,5.2,58.2,32.8,2,1.0,12.99,0,Basic,Mobile,Debit Card,True,False,False,False,Medium,High,-13.39,No
SV503492,31,50.3,3.3,72.1,2.1,5,1.0,19.99,20,Family,Mobile,Credit Card,True,False,False,True,Medium,High,-25.04,No
SV501298,21,19.9,7.8,22.8,17.9,2,0.0,8.99,10,Standard,SmartTV,Credit Card,False,False,True,False,Medium,High,-19.56,No
SV503870,34,5.3,13.3,5.6,5.6,2,1.0,8.99,0,Premium,Laptop,Credit Card,False,True,False,True,High,High,-28.39,No
SV500279,37,29.8,0.7,65.1,0.5,2,1.0,12.99,0,Family,Laptop,Credit Card,True,False,True,True,Medium,Medium,4.8,No
SV501461,26,12.4,1.9,47.8,9.1,4,0.0,8.99,0,Premium,Tablet,PayPal,True,True,True,False,Medium,Medium,-2.69,No
SV501422,38,46.5,1.0,82.9,6.6,4,1.0,12.99,10,Basic,SmartTV,Credit Card,True,False,True,False,Low,,17.75,Yes
SV503283,48,20.5,13.8,57.6,19.7,2,2.0,19.99,0,Premium,Laptop,Debit Card,True,False,False,True,High,Medium,-9.99,No
SV501572,38,28.2,14.6,57.8,1.4,5,1.0,15.99,0,Premium,SmartTV,Debit Card,True,False,False,True,Medium,High,-8.36,No
SV500358,25,2.3,3.9,29.5,3.0,2,2.0,8.99,0,Premium,Mobile,PayPal,True,True,True,False,Low,High,12.46,Yes
SV503927,18,31.9,2.7,40.1,4.9,1,2.0,8.99,0,Standard,Mobile,Credit Card,True,False,True,True,Medium,Medium,-19.4,No
SV500299,38,2.6,21.5,66.7,0.1,4,1.0,12.99,0,Basic,Mobile,Debit Card,True,False,True,True,High,High,-13.21,No
SV501075,36,13.5,13.7,3.0,0.2,1,4.0,15.99,0,Basic,SmartTV,Credit Card,True,True,False,False,High,Low,37.73,Yes
SV501029,46,26.9,14.1,33.5,1.2,5,1.0,12.99,20,Standard,SmartTV,Debit Card,True,True,True,True,High,Medium,-16.77,No
SV500534,17,12.0,7.0,67.0,3.0,2,2.0,15.99,0,Standard,SmartTV,Credit Card,True,True,False,False,Medium,High,-2.03,No
SV503317,27,12.3,6.3,35.1,5.4,5,,8.99,30,Standard,Mobile,Debit Card,True,False,False,False,Medium,High,-10.38,No
SV503252,19,30.4,1.6,,0.1,4,4.0,19.99,10,Basic,Mobile,Debit Card,True,True,False,True,Low,Medium,32.91,Yes
SV501770,29,42.2,3.9,66.9,0.1,1,1.0,8.99,0,Family,SmartTV,Credit Card,True,True,False,True,Low,High,-2.09,No
SV502918,23,2.3,9.6,46.6,6.1,1,0.0,12.99,20,Basic,Tablet,PayPal,True,True,False,True,Medium,High,6.75,Yes
SV500415,36,49.2,19.3,75.6,0.2,3,0.0,8.99,20,Premium,SmartTV,Credit Card,True,False,False,True,High,High,-41.24,No
SV500839,30,12.1,4.1,33.9,4.2,3,0.0,12.99,20,Standard,SmartTV,Credit Card,True,False,True,False,Low,High,23.0,Yes
SV502627,50,2.4,5.7,69.8,7.3,4,1.0,15.99,0,Premium,Mobile,Debit Card,True,True,False,False,Medium,High,2.53,No
SV503804,45,16.8,7.4,29.4,3.6,4,1.0,12.99,0,Basic,Mobile,Credit Card,False,True,True,False,Medium,Medium,26.36,Yes
SV501042,42,26.3,5.3,56.9,3.7,5,2.0,15.99,0,Premium,SmartTV,Credit Card,True,False,False,False,Medium,Medium,-3.42,No
SV501497,21,12.0,2.2,58.6,6.7,5,1.0,19.99,0,Basic,Mobile,Debit Card,True,False,False,False,Low,High,2.58,No
SV501398,40,19.5,4.5,32.2,15.2,2,2.0,15.99,0,Basic,Mobile,Gift Card,True,False,True,False,Low,Low,28.83,Yes
SV500308,40,22.5,2.3,51.0,5.9,4,2.0,15.99,50,Premium,Mobile,Credit Card,True,False,True,False,Low,High,-13.97,No
SV501532,45,8.3,3.2,63.1,6.5,3,0.0,8.99,0,Basic,SmartTV,Debit Card,True,True,False,True,Low,,-26.42,No
SV502487,43,15.1,13.2,38.5,4.7,2,3.0,12.99,0,Basic,SmartTV,Debit Card,False,False,False,True,High,High,-26.21,No
SV503284,26,12.2,15.0,68.7,11.7,4,2.0,19.99,30,Family,SmartTV,Gift Card,True,False,True,True,High,High,-14.14,No
SV502618,26,15.5,3.1,53.9,9.4,3,1.0,8.99,20,Family,Laptop,Credit Card,True,False,False,False,Medium,High,-10.45,No
SV501073,16,25.3,3.7,47.5,3.8,5,1.0,19.99,10,Basic,Mobile,PayPal,False,True,True,True,Low,High,11.6,Yes
SV503299,36,27.2,8.6,51.1,5.1,3,1.0,8.99,0,Premium,SmartTV,Credit Card,True,False,False,False,Medium,High,-13.43,No
SV503052,24,26.9,10.3,67.8,1.2,5,2.0,12.99,0,Family,Mobile,PayPal,True,True,False,True,High,High,-50.3,No
SV503517,33,17.2,5.5,40.3,37.9,2,,15.99,20,Family,Mobile,Credit Card,True,True,True,False,Medium,High,-25.37,No
SV500761,41,9.8,8.0,58.9,4.2,5,1.0,15.99,50,Basic,Mobile,Gift Card,True,False,True,True,Low,Medium,15.06,Yes
SV502771,40,24.3,5.3,19.5,38.0,3,1.0,19.99,0,Basic,Laptop,Debit Card,True,False,False,False,Medium,High,-7.63,No
SV501110,50,30.4,4.0,76.4,4.7,1,0.0,12.99,0,Premium,Mobile,Credit Card,True,False,False,True,Low,High,-19.4,No
SV501876,42,21.3,2.9,27.8,10.9,1,1.0,19.99,10,Standard,Mobile,PayPal,False,True,False,False,Low,High,10.0,Yes
SV502053,65,3.4,1.8,56.7,27.2,2,0.0,12.99,0,Standard,Laptop,Credit Card,True,False,False,False,Low,High,61.9,Yes
SV500058,24,32.3,4.2,48.4,0.0,2,1.0,8.99,10,Standard,SmartTV,Credit Card,True,False,False,False,Low,High,-17.87,No
SV500076,29,39.0,2.0,32.8,20.3,3,2.0,15.99,0,Basic,Laptop,Credit Card,True,False,False,False,Low,High,26.63,Yes
SV500368,36,14.4,13.0,98.2,21.8,2,1.0,8.99,10,Basic,SmartTV,PayPal,False,True,False,True,High,High,-31.37,No
SV502429,54,4.1,1.5,45.2,2.0,3,0.0,15.99,10,Standard,Tablet,Debit Card,False,False,False,False,Low,High,18.92,Yes
SV503200,28,23.4,2.9,56.3,3.5,5,0.0,8.99,50,Standard,SmartTV,Credit Card,True,False,False,False,Low,High,8.3,Yes
SV500733,32,12.8,3.5,61.0,9.5,4,0.0,19.99,0,Family,SmartTV,Credit Card,True,False,True,True,Low,High,-1.43,No
SV503829,22,247.2,13.9,26.9,8.5,1,0.0,12.99,10,Basic,Mobile,PayPal,False,False,False,True,High,High,-25.88,No
SV502319,31,23.7,13.4,33.3,8.8,3,1.0,15.99,0,Premium,SmartTV,Debit Card,False,False,False,True,High,High,-28.49,No
SV502384,42,20.5,12.5,51.8,1.8,4,,15.99,0,Family,Mobile,Debit Card,True,False,False,True,High,,-14.52,No
SV502730,21,5.1,2.5,48.9,0.4,4,0.0,12.99,0,Premium,Tablet,PayPal,True,False,True,True,Low,Medium,-2.78,No
SV501839,24,2.1,2.9,49.8,10.5,4,0.0,8.99,0,Premium,Laptop,Gift Card,False,True,False,True,Medium,High,15.56,Yes
SV502664,29,9.9,16.5,34.0,12.8,3,0.0,8.99,0,Standard,SmartTV,Credit Card,True,False,True,True,High,High,-23.2,No
SV500124,43,17.7,8.0,59.2,4.4,5,0.0,8.99,10,Premium,SmartTV,Credit Card,True,True,False,False,Medium,High,-6.41,No
SV503472,46,6.4,10.6,40.0,3.4,4,3.0,12.99,0,Family,SmartTV,Debit Card,True,True,True,False,Medium,High,-12.38,No
SV503731,42,14.3,8.5,46.2,5.1,4,0.0,19.99,0,Family,SmartTV,Credit Card,False,False,False,True,Medium,Medium,1.35,No
SV502256,38,12.8,5.3,53.0,8.7,1,3.0,15.99,10,Standard,Tablet,Credit Card,True,True,False,False,Low,High,-6.72,No
SV502313,35,13.5,7.6,53.3,13.7,1,1.0,8.99,30,Premium,Tablet,Debit Card,True,False,True,False,Low,High,-14.72,No
SV500429,38,14.5,4.0,54.9,6.8,3,0.0,8.99,50,Basic,SmartTV,PayPal,True,False,False,True,Low,High,-4.8,No
SV501973,53,5.6,15.3,49.8,3.6,4,0.0,12.99,10,Standard,Mobile,Debit Card,True,False,False,False,High,High,-20.58,No
SV503953,30,15.7,7.5,46.0,3.6,1,0.0,12.99,10,Standard,SmartTV,Credit Card,True,False,True,False,Medium,High,-17.98,No
SV500816,30,13.8,21.6,64.7,5.4,1,2.0,19.99,0,Premium,SmartTV,Credit Card,True,True,True,True,High,Medium,0.89,No
SV502716,35,18.3,6.9,36.1,24.5,3,1.0,8.99,30,Basic,Laptop,Debit Card,True,False,True,True,Medium,Medium,2.13,No
SV503055,21,70.6,1.5,73.7,7.4,1,2.0,8.99,0,Basic,Mobile,Credit Card,True,False,False,True,Low,Low,2.3,No
SV501691,17,10.5,16.1,43.8,8.6,4,0.0,15.99,50,Basic,Mobile,Credit Card,True,True,True,False,High,High,4.0,No
SV500387,40,17.2,4.8,41.7,0.7,5,1.0,15.99,0,Standard,Mobile,PayPal,True,False,True,False,Low,High,18.02,Yes
SV500030,58,18.0,6.6,61.8,7.8,5,1.0,8.99,0,Basic,SmartTV,Credit Card,True,False,False,True,Low,High,-9.76,No
SV501175,16,12.3,7.0,27.5,16.7,1,3.0,8.99,0,Standard,SmartTV,Credit Card,True,False,True,True,Low,Medium,-17.34,No
SV500203,41,8.4,8.6,29.5,18.4,4,0.0,8.99,0,Standard,Mobile,Credit Card,True,False,False,True,Medium,High,-12.98,No
SV501025,30,55.9,19.1,65.8,5.3,3,2.0,12.99,20,Basic,Tablet,Credit Card,True,True,True,True,High,High,-12.93,No
SV503857,34,5.4,10.7,33.3,8.8,3,0.0,15.99,10,Standard,Laptop,Credit Card,True,False,False,False,Medium,High,0.3,No
SV503757,20,7.9,14.6,52.9,13.3,5,1.0,8.99,0,Family,Mobile,Gift Card,True,True,False,True,High,Medium,-30.47,No
SV500893,34,33.8,2.8,31.7,6.5,3,1.0,8.99,0,Premium,SmartTV,Credit Card,True,False,True,True,Medium,Medium,-17.28,No
SV502678,16,8.3,8.4,67.5,3.2,2,0.0,12.99,0,Standard,Laptop,Credit Card,True,True,True,False,Medium,High,-3.4,No
SV502666,30,8.5,8.0,49.6,5.6,2,1.0,15.99,20,Premium,Mobile,Credit Card,True,False,True,False,Medium,Medium,-4.8,No
SV500478,34,13.2,9.4,59.6,2.6,4,2.0,19.99,0,Premium,SmartTV,Gift Card,True,False,False,False,Medium,Medium,21.03,Yes
SV501684,27,23.9,2.7,68.9,3.7,1,3.0,19.99,10,Standard,Mobile,Credit Card,True,False,True,False,Low,Medium,28.08,Yes
SV501350,31,11.9,2.3,60.8,3.3,2,1.0,12.99,0,Family,Mobile,Credit Card,False,False,True,False,Low,High,-17.08,No
SV500443,49,4.1,2.6,28.0,0.1,5,0.0,19.99,30,Premium,Mobile,Credit Card,True,True,False,False,Low,High,23.85,Yes
SV502770,45,10.1,6.4,58.2,6.0,3,1.0,19.99,0,Basic,SmartTV,Debit Card,True,False,False,True,Low,High,-7.24,No
SV501338,64,5.0,9.0,56.1,24.1,2,,15.99,0,Standard,Mobile,Credit Card,True,False,False,False,Medium,High,4.57,No
SV500192,30,50.8,8.4,55.8,0.9,2,2.0,8.99,0,Premium,SmartTV,Credit Card,True,False,True,True,Medium,High,-11.89,No
SV502969,34,13.5,3.4,58.0,1.7,5,1.0,8.99,30,Premium,Tablet,Credit Card,True,False,False,False,Medium,Medium,12.89,Yes
SV501128,31,41.2,1.1,20.4,3.5,1,2.0,12.99,0,Premium,Laptop,Gift Card,True,False,False,True,Medium,Medium,0.61,No
SV500006,35,24.5,6.9,23.3,21.0,4,1.0,12.99,0,Premium,Mobile,PayPal,True,False,False,False,Medium,High,-19.68,No
SV500439,39,7.0,9.3,24.9,4.5,5,1.0,12.99,0,Premium,SmartTV,Credit Card,True,True,False,True,High,High,-47.09,No
SV500289,33,6.8,5.8,48.2,14.0,3,1.0,8.99,20,Family,Mobile,Credit Card,True,False,False,True,Medium,High,-16.73,No
SV501106,19,39.8,4.3,26.9,6.8,4,1.0,12.99,30,Basic,Mobile,Credit Card,True,False,False,False,Low,High,12.97,Yes
SV503693,19,40.7,1.5,38.6,6.2,5,0.0,15.99,0,Premium,Mobile,Credit Card,True,False,False,False,Low,High,2.01,No
SV503416,35,4.3,12.6,29.0,13.4,5,3.0,8.99,0,Basic,SmartTV,Debit Card,True,True,True,True,Medium,High,20.28,Yes
SV503940,35,7.6,6.7,23.4,5.9,3,0.0,12.99,10,Family,Mobile,Debit Card,True,True,False,True,Medium,High,-17.38,No
SV501921,45,7.9,13.2,58.4,9.1,2,1.0,15.99,10,Basic,Mobile,Debit Card,True,False,False,True,Medium,Medium,10.67,Yes
SV502477,36,5.4,8.0,45.8,15.0,2,4.0,8.99,20,Standard,SmartTV,PayPal,True,False,True,True,Medium,High,-32.14,No
SV502367,30,15.0,1.6,58.1,8.5,1,1.0,15.99,50,Premium,Mobile,Debit Card,True,True,True,False,Low,High,-20.66,No
SV501735,44,8.8,1.3,65.0,8.5,5,0.0,8.99,0,Premium,Mobile,Debit Card,True,False,False,True,Low,High,-25.75,No
SV502684,18,14.8,2.2,81.1,14.4,2,2.0,8.99,20,Standard,Mobile,Debit Card,False,False,False,True,Low,Medium,-7.22,No
SV503882,38,20.6,5.2,31.0,16.5,1,1.0,12.99,10,Basic,Mobile,Debit Card,True,True,True,False,Medium,High,24.23,Yes
SV500194,22,25.1,7.0,12.9,23.1,1,1.0,8.99,10,Basic,Mobile,PayPal,True,True,False,True,Medium,Medium,-12.99,No
SV500450,33,17.8,9.1,26.3,1.7,2,1.0,8.99,10,Premium,Mobile,Gift Card,True,True,True,False,Medium,High,-16.44,No
SV501593,26,23.2,1.7,59.9,6.0,5,0.0,12.99,0,Standard,Laptop,Debit Card,True,False,True,True,Low,High,0.44,No
SV501105,42,7.9,1.7,52.5,6.3,2,1.0,15.99,0,Standard,Laptop,Debit Card,True,True,True,True,Low,Medium,14.49,Yes
SV500029,39,22.9,14.8,31.4,3.2,3,,19.99,0,Standard,SmartTV,Credit Card,False,True,True,False,High,Medium,-8.57,No
SV500785,37,13.1,5.7,43.5,3.0,3,0.0,8.99,30,Family,SmartTV,Credit Card,True,True,True,True,High,Medium,-27.57,No
SV503997,31,25.6,7.2,39.7,4.3,1,1.0,12.99,0,Basic,Laptop,Debit Card,True,False,False,True,Medium,High,-13.16,No
SV502622,51,12.8,0.3,49.5,1.6,3,0.0,8.99,0,Standard,Mobile,Credit Card,True,False,False,True,Low,High,-5.21,No
SV502907,34,22.5,11.6,20.9,4.2,3,1.0,19.99,0,Standard,SmartTV,PayPal,False,False,False,True,High,High,-12.04,No
SV503387,28,56.7,0.6,34.8,1.1,5,0.0,12.99,20,Basic,Mobile,PayPal,False,False,False,True,Medium,High,-10.09,No
SV503786,30,3.9,11.2,35.3,4.3,5,1.0,8.99,30,Family,Laptop,Debit Card,True,False,False,True,Medium,,-38.41,No
SV500881,44,2.2,9.9,86.3,5.0,5,1.0,19.99,20,Standard,Laptop,Credit Card,True,True,False,True,Medium,High,-13.78,No
SV503699,21,14.5,10.1,36.6,3.8,4,0.0,12.99,0,Basic,Mobile,Credit Card,True,True,True,False,Medium,High,19.21,Yes
SV502369,43,10.1,1.9,36.4,4.9,2,2.0,8.99,10,Basic,SmartTV,Credit Card,True,False,False,False,Medium,,-5.76,No
SV502736,24,47.8,9.0,65.1,11.1,2,1.0,8.99,0,Basic,Laptop,Credit Card,False,True,False,True,Medium,Medium,5.14,Yes
SV503594,30,21.1,18.9,37.9,1.6,4,1.0,8.99,0,Standard,Laptop,Debit Card,True,False,True,True,High,High,-26.94,No
SV500222,36,6.4,4.1,51.6,28.1,3,1.0,12.99,20,Standard,Laptop,Credit Card,True,False,False,False,Low,Medium,3.8,No
SV501995,38,2.1,12.0,62.5,17.9,3,0.0,12.99,10,Family,Laptop,Debit Card,False,False,False,True,Medium,High,-7.52,No
SV501717,28,16.3,2.8,55.9,2.1,3,2.0,8.99,0,Standard,SmartTV,Credit Card,True,False,True,True,Low,Medium,4.26,No
SV500573,24,9.6,3.3,51.1,16.2,3,1.0,8.99,0,Premium,Laptop,Credit Card,True,True,False,False,Low,High,-0.28,No
SV503328,27,14.7,7.0,58.0,7.8,4,5.0,8.99,0,Standard,SmartTV,Credit Card,True,False,False,False,Medium,Low,15.46,Yes
SV503377,31,15.8,20.9,45.0,0.2,4,2.0,8.99,0,Standard,SmartTV,Gift Card,True,False,False,True,High,Medium,-1.92,No
SV501537,16,15.6,10.0,61.7,9.1,4,3.0,12.99,0,Premium,SmartTV,Debit Card,False,True,False,True,High,Medium,-16.5,No
SV501258,53,8.7,5.8,11.4,1.0,3,3.0,8.99,20,Premium,Mobile,Credit Card,True,True,False,True,Medium,Medium,-5.54,No
SV502754,46,8.8,7.0,77.8,4.1,3,0.0,8.99,0,Standard,SmartTV,Debit Card,True,False,True,False,Low,High,-0.97,No
SV501345,59,26.7,17.0,43.3,1.8,5,,12.99,0,Premium,Laptop,PayPal,True,True,False,True,High,High,-18.93,No
SV500080,39,20.9,4.4,22.0,12.9,4,1.0,15.99,30,Basic,SmartTV,PayPal,False,False,False,False,Medium,High,-5.62,No
SV500257,30,23.2,4.0,34.3,0.7,2,2.0,12.99,0,Basic,Laptop,Gift Card,False,False,False,False,Low,High,12.29,Yes
SV500295,36,11.3,6.6,58.5,1.7,2,1.0,12.99,10,Premium,SmartTV,Credit Card,True,True,False,True,Medium,,-19.44,No
SV502092,35,21.6,11.3,34.2,6.5,3,2.0,8.99,50,Standard,Laptop,Credit Card,True,False,True,False,High,High,-17.43,No
SV501034,28,12.4,8.1,63.9,25.3,4,1.0,15.99,0,Basic,Laptop,PayPal,True,False,False,True,Medium,,5.69,Yes
SV501545,31,14.5,9.6,,16.4,5,0.0,15.99,30,Standard,Laptop,PayPal,True,False,True,False,Medium,High,5.57,Yes
SV501840,28,3.4,4.1,27.8,27.1,2,1.0,8.99,50,Standard,Mobile,PayPal,False,True,False,False,Low,High,-7.98,No
SV501740,30,10.9,12.0,39.9,0.3,3,2.0,8.99,20,Family,Mobile,Credit Card,True,False,False,True,High,High,-28.45,No
SV502375,16,16.6,2.0,52.4,6.0,4,0.0,19.99,0,Premium,Tablet,Debit Card,True,False,False,True,Low,High,-0.81,No
SV500654,40,16.2,8.1,47.4,18.9,5,2.0,19.99,50,Standard,Mobile,Credit Card,False,False,False,True,Medium,Medium,25.96,Yes
SV502776,40,16.2,4.8,47.0,11.5,3,2.0,8.99,0,Basic,SmartTV,Credit Card,True,False,False,True,Medium,Medium,4.91,No
SV502855,51,28.1,7.3,45.9,0.4,4,2.0,12.99,20,Basic,Mobile,Credit Card,True,False,True,True,Medium,High,15.8,Yes
SV502325,40,15.4,12.9,60.0,3.6,1,1.0,12.99,0,Standard,Laptop,Debit Card,True,False,False,True,Medium,High,-22.77,No
SV503182,26,10.8,5.9,49.0,6.8,5,0.0,8.99,0,Basic,Mobile,PayPal,False,False,True,True,Low,Medium,13.46,Yes
SV503567,21,15.6,3.5,50.9,0.9,4,1.0,19.99,0,Family,Mobile,Credit Card,False,True,False,True,Medium,High,-1.12,No
SV503570,42,19.2,6.5,45.0,7.0,5,1.0,15.99,0,Premium,Mobile,Debit Card,True,False,False,False,Medium,High,-1.61,No
SV502812,29,24.8,23.0,6.6,1.4,5,2.0,15.99,30,Premium,SmartTV,Credit Card,True,True,False,True,High,Medium,-8.15,No
SV502530,47,11.9,3.3,64.1,3.2,1,4.0,8.99,50,Basic,Laptop,Credit Card,False,True,False,True,Low,High,-7.57,No
SV500655,38,7.9,2.0,71.4,13.2,4,2.0,19.99,0,Basic,SmartTV,Credit Card,True,False,True,True,Low,Low,33.68,Yes
SV501909,39,55.6,13.5,8.7,5.9,2,2.0,12.99,10,Basic,Mobile,Credit Card,True,False,False,True,High,Medium,-17.35,No
SV501745,25,12.1,7.8,15.0,22.5,3,0.0,12.99,50,Family,Tablet,PayPal,True,False,False,True,Medium,High,-22.31,No
SV502415,49,39.4,12.7,51.7,31.0,1,1.0,12.99,20,Premium,SmartTV,Credit Card,True,True,True,True,High,Medium,-20.81,No
SV502213,54,39.2,90.0,82.2,0.3,2,0.0,19.99,10,Premium,Laptop,Credit Card,True,True,False,False,Medium,High,-5.87,No
SV500411,16,9.3,3.7,60.9,0.4,3,2.0,8.99,20,Premium,SmartTV,Debit Card,False,False,False,False,Medium,Medium,-16.82,No
SV500978,18,2.2,7.5,54.4,23.3,5,0.0,12.99,50,Standard,SmartTV,Debit Card,True,False,False,True,Medium,Medium,6.07,Yes
SV501171,16,12.3,3.8,43.3,9.8,5,2.0,8.99,0,Basic,Mobile,Debit Card,True,False,False,True,Medium,Medium,-6.31,No
SV501431,24,59.0,12.7,75.9,5.1,5,3.0,19.99,50,Standard,Mobile,PayPal,True,False,True,True,High,Medium,-11.6,No
SV501074,24,5.8,5.2,24.0,1.4,2,1.0,8.99,0,Standard,Mobile,Credit Card,True,False,False,False,Medium,High,-0.01,No
SV501022,39,11.8,11.6,40.0,3.1,3,2.0,8.99,10,Premium,Tablet,PayPal,True,True,False,True,Medium,High,-18.18,No
SV503226,24,11.5,3.3,58.3,0.4,1,1.0,19.99,0,Standard,Laptop,Debit Card,True,True,False,True,Low,High,6.16,Yes
SV500720,33,24.9,5.3,38.8,8.5,2,1.0,12.99,10,Basic,Tablet,PayPal,False,False,False,False,Medium,Medium,-1.44,No
SV500152,16,10.4,1.8,63.8,4.9,2,3.0,15.99,30,Basic,Laptop,Credit Card,True,True,False,True,Low,High,-16.21,No
SV500948,38,35.4,15.3,22.7,19.0,2,0.0,8.99,20,Family,Mobile,PayPal,True,False,True,True,High,High,-19.72,No
SV502357,38,29.1,9.5,70.9,19.9,2,0.0,12.99,0,Family,Tablet,Credit Card,True,False,False,True,Medium,High,-13.89,No
SV501830,42,31.3,3.6,69.6,11.3,1,2.0,19.99,20,Basic,Laptop,Credit Card,True,False,True,False,Medium,Medium,31.54,Yes
SV500102,30,55.6,14.6,80.9,6.8,2,0.0,8.99,0,Premium,Laptop,Debit Card,True,False,True,True,High,High,-29.61,No
SV503455,25,15.9,10.7,26.3,21.6,1,2.0,8.99,0,Basic,SmartTV,Credit Card,False,False,False,False,High,High,1.58,No
SV500731,35,3.0,7.1,28.8,15.9,2,1.0,12.99,0,Basic,Mobile,Credit Card,True,True,True,True,Low,High,47.35,Yes
SV500239,28,27.8,3.0,28.8,31.0,1,0.0,19.99,0,Standard,Mobile,PayPal,True,False,False,True,Low,High,-4.45,No
SV503351,39,13.0,1.6,53.9,8.3,3,1.0,19.99,0,Premium,SmartTV,Gift Card,True,True,False,False,Low,High,39.89,Yes
SV502973,28,29.0,7.8,39.7,3.4,3,1.0,12.99,10,Premium,Mobile,Credit Card,True,True,True,True,Medium,High,-15.26,No
SV501727,28,9.3,9.8,23.4,0.6,3,2.0,12.99,0,Standard,Mobile,Gift Card,True,True,False,False,High,Medium,2.0,No
SV502093,43,35.3,12.4,41.2,8.9,4,0.0,15.99,0,Basic,Laptop,Debit Card,True,False,True,False,Medium,High,8.73,Yes
SV502840,32,27.0,3.1,36.0,1.8,5,0.0,19.99,20,Standard,Laptop,Credit Card,False,False,False,True,Low,High,22.85,Yes
SV500857,39,9.0,8.9,14.2,27.5,5,1.0,12.99,0,Standard,Mobile,PayPal,True,True,False,True,Medium,High,-4.9,No
SV501157,50,12.4,22.1,47.9,3.4,5,1.0,15.99,0,Basic,SmartTV,Debit Card,True,True,False,False,High,High,-8.61,No
SV500862,33,17.0,10.4,46.5,8.7,3,2.0,12.99,50,Standard,SmartTV,Credit Card,False,True,False,False,Medium,Medium,3.8,No
SV502519,16,27.9,8.2,47.2,13.4,3,1.0,15.99,0,Standard,Mobile,Debit Card,True,True,True,False,High,High,-23.36,No
SV502847,27,61.8,6.7,48.5,11.2,3,5.0,8.99,20,Family,Mobile,Credit Card,True,False,False,True,Medium,Medium,1.7,No
SV502725,30,26.0,8.7,32.9,1.2,3,0.0,8.99,30,Family,Tablet,Debit Card,True,True,False,True,Medium,High,-24.15,No
SV503792,30,18.7,3.1,43.9,7.9,4,1.0,15.99,0,Standard,Tablet,PayPal,False,True,False,False,Low,High,7.8,Yes
SV500755,46,26.1,3.9,60.6,7.9,3,0.0,8.99,0,Premium,SmartTV,Debit Card,True,True,False,False,Low,High,1.84,No
SV500332,26,29.7,3.3,47.2,6.8,2,5.0,19.99,0,Basic,Tablet,PayPal,True,False,False,True,Medium,Low,44.1,Yes
SV500744,35,21.2,8.9,69.2,0.6,5,0.0,15.99,30,Standard,Laptop,Credit Card,True,False,False,False,High,High,-0.89,No
SV503288,30,41.1,8.0,65.2,6.3,2,0.0,8.99,20,Standard,SmartTV,Debit Card,True,True,False,False,Medium,High,-6.47,No
SV502643,23,17.3,3.6,90.7,4.1,4,2.0,19.99,0,Standard,Laptop,Credit Card,False,False,False,True,Low,Medium,8.93,Yes
SV502274,35,4.9,2.3,68.9,14.4,3,2.0,19.99,0,Standard,Laptop,Credit Card,True,True,False,False,Medium,Medium,43.43,Yes
SV503631,47,32.4,8.0,22.0,9.5,1,0.0,12.99,0,Standard,Tablet,Credit Card,False,True,False,True,Medium,High,-11.7,No
SV503802,32,27.1,3.1,52.8,6.2,3,0.0,12.99,0,Standard,Mobile,PayPal,True,True,False,True,Medium,High,-21.56,No
SV503779,16,30.6,13.7,49.7,8.5,1,0.0,15.99,20,Premium,Mobile,Credit Card,True,True,False,True,High,High,-16.68,No
SV503128,26,29.8,9.6,28.7,11.4,2,,12.99,50,Standard,Laptop,PayPal,False,False,False,True,Medium,High,-2.3,No
SV502083,36,13.6,5.8,51.0,2.8,5,2.0,8.99,0,Basic,Laptop,Credit Card,False,False,False,True,Medium,High,-15.93,No
SV502702,43,6.3,4.4,47.8,35.9,2,1.0,12.99,0,Basic,Mobile,Gift Card,True,False,False,True,Low,,9.79,Yes
SV503962,40,35.9,16.0,15.1,2.5,4,0.0,15.99,0,Standard,SmartTV,Debit Card,False,True,False,False,High,High,-15.29,No
SV500907,20,7.7,8.7,63.8,0.2,4,1.0,15.99,0,Premium,SmartTV,PayPal,False,False,False,True,Medium,High,-1.28,No
SV502283,37,6.2,5.6,81.2,0.2,3,0.0,15.99,50,Family,Laptop,Credit Card,True,True,True,True,Low,High,12.2,Yes
SV501163,17,14.3,21.4,47.5,6.4,5,2.0,12.99,0,Premium,SmartTV,Credit Card,False,False,False,True,High,High,-15.32,No
SV502183,23,7.6,4.9,29.7,0.5,5,1.0,12.99,30,Premium,Mobile,PayPal,True,False,True,False,Medium,High,-10.27,No
SV503722,44,16.5,3.3,72.0,3.6,3,3.0,8.99,0,Family,Laptop,Credit Card,True,False,False,False,Medium,,-6.38,No
SV502211,45,29.5,8.5,23.9,3.3,1,2.0,12.99,0,Family,Mobile,Credit Card,False,False,True,True,Medium,High,-28.45,No
SV502067,34,31.7,5.5,56.6,20.3,2,4.0,15.99,0,Premium,SmartTV,Credit Card,False,False,True,False,High,High,-3.56,No
SV500554,33,31.3,11.7,35.2,9.9,2,1.0,8.99,20,Basic,Tablet,Credit Card,False,True,True,True,Medium,High,0.78,No
SV503025,34,14.2,15.7,79.2,8.7,2,2.0,15.99,0,Standard,Laptop,Debit Card,False,False,True,False,High,High,-3.7,No
SV503609,34,11.6,9.6,47.2,5.8,2,1.0,12.99,0,Premium,Laptop,PayPal,True,True,False,False,Medium,High,-11.75,No
SV500831,51,3.4,4.2,59.8,10.8,4,6.0,12.99,0,Standard,SmartTV,Credit Card,True,False,False,False,Medium,Low,61.98,Yes
SV503431,49,27.9,5.7,46.2,20.1,5,0.0,19.99,20,Basic,Laptop,PayPal,False,True,False,False,Medium,High,21.89,Yes
SV503201,47,7.6,3.1,49.9,6.6,1,0.0,8.99,0,Basic,SmartTV,Credit Card,True,False,False,True,Low,High,12.27,Yes
SV502090,36,5.9,5.3,71.2,7.5,2,0.0,15.99,0,Basic,Mobile,Debit Card,True,True,False,False,Low,High,1.02,No
SV501754,46,16.9,9.5,53.5,4.3,1,2.0,15.99,20,Basic,SmartTV,Debit Card,True,False,True,False,Medium,Low,17.17,Yes
SV500811,28,12.6,12.0,53.6,16.5,4,0.0,12.99,20,Standard,Laptop,Credit Card,True,True,False,False,Medium,High,-25.51,No
SV500888,16,64.1,8.2,3.0,1.5,3,0.0,8.99,30,Basic,Tablet,Debit Card,True,False,True,True,Medium,High,17.16,Yes
SV502463,21,11.1,5.3,58.4,2.4,5,2.0,12.99,0,Premium,Mobile,Credit Card,True,False,False,True,Medium,Medium,3.22,No
SV502988,36,20.1,15.5,43.3,0.8,1,0.0,12.99,20,Standard,Tablet,Credit Card,False,True,True,False,High,High,-14.48,No
SV501659,35,12.0,3.3,37.5,1.5,1,0.0,15.99,0,Basic,Laptop,PayPal,True,False,False,True,Low,High,-1.83,No
SV502509,31,22.5,12.7,63.7,10.8,4,3.0,8.99,0,Premium,Laptop,Debit Card,True,False,False,True,High,High,-42.71,No
SV501233,35,11.0,12.2,29.5,2.9,5,0.0,19.99,0,Standard,Mobile,Credit Card,True,True,False,True,High,,-21.2,No
SV503873,21,2.9,6.4,42.6,4.9,1,3.0,8.99,0,Basic,Laptop,Credit Card,True,True,False,False,Medium,High,-19.3,No
SV501448,31,11.1,1.4,44.4,58.4,1,0.0,12.99,0,Premium,Mobile,PayPal,False,True,False,True,Low,High,23.27,Yes
SV502873,16,12.7,3.6,55.2,2.9,4,0.0,15.99,10,Premium,Laptop,Credit Card,True,False,False,True,Medium,High,-6.38,No
SV501965,39,15.5,4.9,23.0,17.9,1,0.0,15.99,0,Basic,SmartTV,PayPal,False,False,False,False,Medium,High,-11.79,No
SV500693,16,8.9,13.6,32.6,10.1,2,2.0,12.99,20,Family,Tablet,PayPal,True,True,True,True,High,Medium,-24.04,No
SV501057,39,9.4,19.9,43.0,2.9,4,0.0,19.99,0,Premium,SmartTV,PayPal,True,False,True,False,High,Medium,6.22,Yes
SV501798,28,3.5,4.2,28.2,15.1,5,0.0,19.99,20,Standard,Laptop,Credit Card,True,False,False,False,Medium,High,8.46,Yes
SV501027,34,26.0,6.2,62.3,3.3,1,0.0,12.99,0,Basic,SmartTV,PayPal,True,False,False,False,Medium,Medium,-8.49,No
SV501536,42,29.2,7.8,,3.7,1,0.0,12.99,0,Family,SmartTV,PayPal,True,False,False,False,High,,-27.62,No
SV503432,30,15.0,5.2,74.7,4.8,5,1.0,8.99,30,Premium,Laptop,PayPal,True,True,False,True,High,High,-26.95,No
SV501702,36,12.0,2.0,82.8,15.1,4,1.0,8.99,20,Premium,SmartTV,PayPal,True,False,False,False,Medium,High,-14.44,No
SV502335,35,11.1,4.6,63.0,4.2,4,3.0,15.99,0,Basic,Mobile,PayPal,True,True,False,False,Medium,Medium,-2.42,No
SV500346,27,6.5,6.5,33.7,6.1,4,1.0,12.99,30,Standard,Tablet,PayPal,True,False,False,True,Medium,High,-14.79,No
SV500923,28,5.4,11.0,18.5,14.4,3,3.0,8.99,20,Standard,Laptop,Debit Card,True,False,False,False,Medium,High,1.77,No
SV503259,30,17.3,13.1,16.2,5.7,5,3.0,19.99,0,Standard,Laptop,Credit Card,True,True,False,False,High,Low,36.07,Yes
SV501187,38,11.3,6.0,40.9,8.7,3,2.0,12.99,0,Basic,Mobile,Credit Card,True,True,False,True,Medium,Medium,-20.0,No
SV500842,53,8.7,19.0,69.7,21.8,1,0.0,12.99,0,Standard,SmartTV,Credit Card,False,False,False,True,High,High,-3.07,No
SV503278,26,20.8,6.9,24.0,9.9,3,2.0,12.99,0,Family,SmartTV,Gift Card,True,False,False,True,Medium,High,-32.56,No
SV503776,24,23.7,4.2,48.5,1.6,1,0.0,8.99,0,Premium,SmartTV,Credit Card,True,False,True,False,Low,High,5.81,Yes
SV502727,32,16.6,6.3,22.9,4.0,5,2.0,19.99,0,Basic,Mobile,Credit Card,True,False,False,False,Medium,Medium,-4.69,No
SV502827,55,2.6,9.7,50.0,16.9,1,0.0,19.99,10,Basic,SmartTV,Credit Card,True,True,True,True,Medium,High,4.34,No
SV501420,32,19.4,5.9,26.4,11.9,1,0.0,15.99,0,Premium,SmartTV,Debit Card,False,False,False,False,Medium,High,-6.71,No
SV501924,33,5.9,2.8,65.4,14.4,3,4.0,12.99,0,Standard,Tablet,Debit Card,True,True,False,True,Low,High,-5.04,No
SV500178,33,16.1,5.0,83.7,28.3,3,1.0,8.99,0,Standard,Mobile,Credit Card,True,False,True,False,Medium,High,-6.55,No
SV502276,20,6.3,5.1,19.0,0.8,4,2.0,19.99,0,Family,Laptop,Debit Card,True,False,True,True,Medium,High,-0.74,No
SV503185,19,9.6,2.3,48.7,9.8,4,1.0,19.99,0,Standard,SmartTV,Credit Card,False,True,True,False,Low,Medium,13.97,Yes
SV500812,37,17.8,4.6,55.8,3.7,3,2.0,12.99,0,Basic,SmartTV,Gift Card,True,False,True,False,Medium,High,32.83,Yes
SV501877,54,14.6,8.8,50.9,23.9,1,2.0,8.99,0,Standard,Mobile,PayPal,True,True,False,True,Medium,Medium,-19.98,No
SV501336,39,13.7,6.2,35.5,3.0,3,2.0,15.99,0,Family,SmartTV,PayPal,True,False,True,True,Medium,High,-14.6,No
SV503158,18,2.6,8.6,73.3,8.0,4,2.0,8.99,0,Family,SmartTV,PayPal,True,True,True,True,Medium,,-19.2,No
SV503107,35,11.2,8.4,61.3,5.5,1,0.0,15.99,10,Basic,Laptop,PayPal,True,True,False,True,Medium,High,-19.56,No
SV501557,42,17.3,7.4,33.6,16.7,5,1.0,19.99,30,Family,Mobile,Debit Card,False,False,True,False,Medium,Medium,-5.77,No
SV502801,45,15.0,4.5,43.8,0.3,1,68.0,19.99,0,Basic,Laptop,Credit Card,True,True,False,True,Medium,High,0.51,No
SV502176,39,6.3,6.7,7.2,7.9,4,,15.99,20,Basic,Mobile,PayPal,True,False,False,False,Medium,High,2.4,No
SV501812,37,11.7,8.0,59.5,2.9,2,1.0,15.99,0,Basic,Laptop,PayPal,True,False,False,True,Medium,High,-7.11,No
SV500173,21,14.1,4.1,61.1,1.4,5,1.0,12.99,10,Standard,Mobile,Credit Card,True,False,True,False,Medium,Medium,4.97,No
SV502354,21,36.0,6.1,38.5,2.5,3,1.0,15.99,10,Basic,Laptop,Credit Card,True,False,False,True,Medium,High,-18.18,No
SV503057,29,30.2,2.3,48.5,7.0,5,1.0,19.99,0,Standard,SmartTV,Debit Card,True,False,False,False,Medium,High,8.49,Yes
SV500331,41,12.4,3.9,46.0,7.6,2,1.0,12.99,0,Family,Mobile,Credit Card,True,False,True,True,Medium,Medium,-15.9,No
SV501361,44,1.9,3.0,34.1,18.7,2,0.0,8.99,20,Premium,Mobile,PayPal,True,False,True,True,Low,High,16.74,Yes
SV500430,23,28.1,8.2,47.1,14.1,4,1.0,19.99,30,Premium,Laptop,Debit Card,False,False,True,True,Medium,High,-16.0,No
SV503652,43,14.7,10.3,55.8,2.5,3,2.0,19.99,0,Standard,Mobile,Credit Card,True,False,False,True,High,Medium,-6.04,No
SV502009,41,17.5,5.0,6.8,1.3,5,0.0,8.99,0,Basic,Mobile,Debit Card,True,False,True,False,Medium,Medium,-8.32,No
SV501104,22,27.2,2.4,69.6,5.5,2,0.0,8.99,0,Premium,SmartTV,Debit Card,True,False,False,True,Medium,High,-15.1,No
SV502562,49,23.0,4.8,40.9,10.8,2,2.0,8.99,0,Family,SmartTV,Credit Card,False,False,True,True,Medium,High,-27.99,No
SV500479,63,37.5,3.8,73.4,5.8,5,0.0,8.99,0,Standard,Tablet,PayPal,True,False,True,False,Low,Medium,23.18,Yes
SV501278,38,15.1,10.3,57.7,0.8,1,0.0,15.99,0,Basic,Laptop,Credit Card,True,True,False,False,Medium,High,0.64,No
SV502603,36,10.6,8.0,45.4,1.9,1,2.0,19.99,0,Standard,Mobile,Credit Card,False,True,True,False,High,High,3.77,No
SV500746,54,6.9,5.8,30.6,14.2,3,0.0,15.99,0,Standard,Laptop,Credit Card,True,False,False,True,Medium,High,-10.78,No
SV501769,65,9.2,3.5,59.5,13.8,1,4.0,19.99,10,Standard,Mobile,Debit Card,True,False,False,True,Medium,High,3.24,No
SV503554,44,31.3,10.9,90.2,2.9,3,1.0,12.99,30,Family,SmartTV,Credit Card,True,False,False,True,Medium,Medium,-3.89,No
SV502337,43,13.2,2.9,63.2,4.2,5,4.0,12.99,0,Premium,Mobile,Gift Card,False,True,False,True,Medium,Medium,9.79,Yes
SV503751,27,16.2,3.2,66.1,1.1,2,2.0,8.99,0,Basic,Mobile,Debit Card,True,False,False,True,Medium,Medium,-1.51,No
SV501940,20,8.0,4.4,3.2,8.2,5,0.0,8.99,20,Family,SmartTV,Credit Card,True,False,True,True,Medium,High,-28.58,No
SV501795,30,4.4,19.1,52.8,1.8,3,2.0,15.99,10,Basic,Laptop,Debit Card,True,True,False,False,High,Medium,-7.92,No
SV500324,54,4.9,14.5,75.9,14.5,4,1.0,15.99,0,Standard,Laptop,PayPal,False,False,False,True,High,High,5.86,Yes
SV501268,41,35.1,8.0,70.4,1.7,3,0.0,8.99,10,Basic,Laptop,Credit Card,False,True,False,True,Low,High,-11.26,No
SV500468,46,3.8,6.0,44.1,4.9,3,,15.99,0,Premium,SmartTV,PayPal,True,False,False,False,Low,High,3.12,No
SV500561,38,12.9,12.6,66.2,6.4,1,1.0,8.99,0,Basic,SmartTV,Credit Card,True,True,False,False,High,Medium,-16.57,No
SV502630,35,15.0,1.4,39.9,6.9,1,1.0,8.99,0,Family,SmartTV,Debit Card,True,False,False,True,Medium,High,-41.62,No
SV502350,41,37.9,9.6,55.7,3.8,1,1.0,12.99,0,Standard,Laptop,Credit Card,True,False,False,False,Medium,High,-17.79,No
SV502078,16,21.4,10.8,71.8,6.1,4,1.0,19.99,0,Basic,Mobile,Credit Card,True,False,True,True,Medium,High,13.89,Yes
SV503784,54,14.8,4.8,36.4,16.9,1,0.0,19.99,10,Basic,SmartTV,Credit Card,True,True,False,False,Low,High,-2.41,No
SV502970,45,14.8,11.9,72.4,17.7,5,,12.99,0,Basic,Mobile,Credit Card,True,False,False,False,Medium,High,-11.94,No
SV502346,32,4.2,6.4,50.0,10.4,2,2.0,19.99,0,Standard,Tablet,PayPal,True,False,False,True,Medium,Medium,32.34,Yes
SV500061,30,6.1,10.3,83.4,1.4,2,0.0,8.99,0,Standard,Laptop,Credit Card,True,False,True,False,High,High,-17.83,No
SV502803,23,22.0,7.5,82.6,3.2,2,4.0,12.99,50,Premium,Mobile,Credit Card,True,False,True,False,Medium,Low,53.33,Yes
SV501897,39,27.4,8.7,66.1,33.1,1,1.0,12.99,0,Basic,Mobile,Credit Card,True,False,True,False,Medium,High,-7.42,No
SV502876,19,17.4,2.4,53.7,0.6,1,0.0,19.99,0,Standard,SmartTV,Credit Card,True,False,False,False,Low,High,23.4,Yes
SV500254,31,26.3,10.9,50.5,5.2,5,0.0,12.99,0,Standard,Tablet,Credit Card,True,False,True,True,Medium,Low,9.75,Yes
SV503781,16,5.5,9.9,40.2,32.7,1,1.0,15.99,10,Standard,Laptop,Gift Card,True,True,False,True,Medium,High,3.75,No
SV501094,27,7.7,4.4,80.3,0.4,4,1.0,8.99,0,Basic,Laptop,Debit Card,True,False,True,False,Medium,Medium,1.9,No
SV501061,50,12.0,7.6,76.7,1.3,3,0.0,15.99,20,Premium,SmartTV,Debit Card,True,False,True,True,Low,High,22.29,Yes
SV500915,47,25.9,3.5,11.8,1.0,1,0.0,15.99,0,Family,Laptop,Gift Card,True,True,True,True,Medium,High,-10.63,No
SV501041,45,5.6,9.1,60.5,3.1,5,0.0,8.99,20,Standard,Mobile,Gift Card,False,True,False,False,Medium,High,5.19,Yes
SV502566,36,20.5,7.8,3.0,10.4,2,0.0,12.99,10,Family,Laptop,Gift Card,False,False,True,False,Medium,High,-13.55,No
SV500067,29,5.8,1.3,15.4,5.1,1,0.0,12.99,0,Standard,SmartTV,Credit Card,True,True,False,False,Low,Medium,18.16,Yes
SV501871,28,17.3,11.8,46.4,10.2,3,2.0,15.99,0,Basic,Mobile,Credit Card,False,False,True,False,Medium,Medium,21.74,Yes
SV502788,28,13.1,6.6,76.0,4.8,4,2.0,19.99,0,Basic,Mobile,Credit Card,True,True,False,True,Low,High,22.3,Yes
SV500221,37,26.7,5.5,42.2,2.1,4,2.0,19.99,10,Family,Mobile,Debit Card,True,False,True,False,Medium,Medium,9.99,Yes
SV501962,31,22.0,7.5,29.7,10.7,4,2.0,8.99,20,Premium,Mobile,Debit Card,False,True,False,False,Medium,Medium,5.02,Yes
SV502408,16,2.8,0.8,41.1,13.7,2,3.0,15.99,10,Basic,Laptop,Debit Card,False,True,True,True,Medium,High,49.73,Yes
SV502877,28,22.7,3.9,58.2,24.1,3,1.0,12.99,0,Standard,SmartTV,Credit Card,True,False,True,True,Medium,High,-0.58,No
SV503173,34,2.9,12.0,58.7,5.6,4,2.0,12.99,0,Basic,Mobile,Credit Card,True,True,False,True,High,Medium,-15.39,No
SV500088,39,9.8,6.7,39.3,2.2,2,0.0,12.99,10,Standard,Tablet,Credit Card,True,False,False,True,Medium,High,-10.42,No
SV501807,34,37.3,7.6,49.3,8.8,2,2.0,15.99,10,Standard,Mobile,Credit Card,False,False,False,True,High,High,-21.64,No
SV501675,16,13.8,4.0,45.6,10.6,4,1.0,15.99,10,Basic,Mobile,PayPal,True,False,True,False,Medium,High,14.2,Yes
SV502828,16,33.4,3.3,39.1,6.5,5,0.0,8.99,0,Family,Mobile,Debit Card,False,False,True,False,Medium,High,-13.87,No
SV501488,38,5.1,8.7,24.0,8.2,3,0.0,12.99,50,Standard,SmartTV,Debit Card,False,False,False,True,High,High,-33.78,No
SV503032,20,6.0,21.8,59.4,24.4,4,1.0,15.99,0,Basic,Laptop,PayPal,True,False,False,False,High,High,-11.36,No
SV501721,19,31.5,0.8,84.1,8.0,2,1.0,8.99,0,Basic,Laptop,Credit Card,True,False,True,True,Low,High,14.24,Yes
SV503806,25,21.4,14.2,,11.1,3,0.0,15.99,0,Premium,Laptop,Credit Card,True,True,True,True,Medium,High,-3.12,No
SV500436,28,9.7,3.5,67.6,19.4,1,0.0,15.99,0,Basic,SmartTV,Credit Card,True,True,False,True,Low,High,-2.17,No
SV503579,19,10.6,6.4,35.4,6.3,5,0.0,12.99,0,Standard,Laptop,Gift Card,True,False,True,False,Medium,High,1.54,No
SV503600,45,11.8,15.1,50.8,13.7,4,3.0,19.99,0,Standard,Tablet,Credit Card,True,True,False,False,Medium,Medium,2.08,No
SV503189,19,0.9,8.8,44.9,8.9,3,3.0,12.99,0,Standard,Laptop,Credit Card,True,False,False,True,High,Low,4.12,No
SV503402,26,8.1,2.8,62.7,5.9,1,1.0,8.99,50,Standard,SmartTV,Credit Card,True,False,True,False,Medium,High,-3.11,No
SV502347,26,33.3,4.0,19.5,6.2,1,0.0,12.99,0,Family,SmartTV,Credit Card,True,False,True,True,Low,High,-17.26,No
SV503441,35,18.4,3.8,85.9,11.4,4,0.0,19.99,0,Premium,Laptop,Gift Card,True,True,True,False,Low,Medium,29.74,Yes
SV503569,43,11.6,2.3,49.7,0.7,4,2.0,12.99,0,Standard,Mobile,Credit Card,True,False,True,False,Low,Medium,19.63,Yes
SV501513,16,3.4,5.0,62.7,3.9,5,3.0,15.99,0,Basic,Laptop,PayPal,False,False,True,False,Medium,High,29.19,Yes
SV502648,37,19.5,4.4,35.0,8.3,5,0.0,8.99,20,Standard,SmartTV,Credit Card,False,True,False,True,Low,High,7.83,Yes
SV503274,16,2.4,3.7,35.3,1.1,1,2.0,8.99,0,Standard,Mobile,Debit Card,True,True,False,True,Medium,High,-9.14,No
SV501736,19,34.2,3.1,27.4,31.3,3,2.0,8.99,20,Premium,Mobile,Debit Card,True,False,True,True,Low,High,-16.15,No
SV501402,32,10.1,6.5,44.2,4.9,5,1.0,15.99,30,Standard,Mobile,Credit Card,False,False,False,True,Medium,High,-17.29,No
SV500283,39,26.2,1.7,36.9,18.0,3,,19.99,20,Standard,Tablet,Credit Card,True,False,False,False,Medium,High,4.32,No
SV500712,23,5.6,6.0,39.7,10.3,2,1.0,8.99,30,Basic,Mobile,Credit Card,True,False,False,False,Medium,High,-10.08,No
SV500274,51,18.4,14.7,54.6,4.6,5,0.0,12.99,0,Standard,Mobile,Debit Card,True,True,False,False,High,High,-5.27,No
SV502272,41,30.1,17.9,26.9,1.4,1,3.0,19.99,10,Family,Laptop,Debit Card,True,False,True,True,High,Medium,-19.57,No
SV500621,34,11.7,4.1,14.5,3.7,3,2.0,19.99,0,Family,Mobile,Credit Card,True,False,False,True,Medium,Low,-12.62,No
SV501922,16,15.2,8.4,17.3,1.8,1,3.0,15.99,0,Standard,SmartTV,Credit Card,True,False,True,True,Medium,Medium,6.79,Yes
SV500865,43,3.4,11.8,71.6,0.7,1,0.0,8.99,10,Basic,Mobile,Credit Card,True,False,False,True,Low,High,-6.83,No
SV503943,42,13.2,5.8,81.2,2.8,3,2.0,8.99,0,Family,SmartTV,Debit Card,True,False,False,True,Low,High,-30.17,No
SV501642,16,22.2,2.2,67.0,18.2,1,0.0,8.99,0,Family,Laptop,PayPal,True,True,True,True,Low,,-9.0,No
SV502483,34,8.6,19.6,50.4,11.8,3,0.0,12.99,10,Family,Mobile,PayPal,False,False,True,False,High,High,-24.62,No
SV503994,41,27.4,4.4,42.3,4.0,2,1.0,8.99,20,Basic,Laptop,Debit Card,True,False,False,False,Medium,High,-22.27,No
SV500423,18,5.6,2.7,43.7,5.5,5,0.0,8.99,10,Standard,Mobile,Credit Card,True,True,False,False,Low,Medium,11.43,Yes
SV502991,52,5.1,4.7,46.0,0.8,3,3.0,12.99,0,Standard,Mobile,PayPal,True,True,True,False,Low,Medium,0.97,No
SV501221,48,19.3,17.1,88.1,18.0,3,4.0,12.99,0,Family,Mobile,Credit Card,True,True,False,False,High,Low,18.69,Yes
SV500506,61,12.2,5.7,44.5,0.9,4,78.0,15.99,50,Standard,Laptop,PayPal,True,False,False,True,Low,High,-7.66,No
SV503860,21,14.0,22.4,49.9,2.0,1,0.0,12.99,20,Premium,SmartTV,Debit Card,True,True,True,True,High,Medium,-11.35,No
SV503563,32,15.7,2.4,26.2,0.0,1,0.0,19.99,0,Standard,Mobile,Credit Card,True,False,False,False,Low,High,8.05,Yes
SV501123,31,13.3,13.4,39.7,7.5,1,1.0,8.99,30,Basic,Mobile,Credit Card,False,True,False,True,High,High,-18.88,No
SV502512,36,27.3,6.8,21.5,5.2,2,1.0,8.99,20,Basic,Tablet,Gift Card,False,False,True,True,Medium,High,-2.35,No
SV500500,49,10.0,1.2,14.6,3.2,3,4.0,19.99,0,Basic,Tablet,Debit Card,True,False,False,True,Low,Medium,10.02,Yes
SV501108,48,14.3,13.8,62.5,25.7,3,1.0,8.99,0,Family,SmartTV,Gift Card,False,False,False,True,Medium,High,4.63,No
SV501281,16,23.5,5.0,46.8,12.3,2,2.0,12.99,30,Standard,SmartTV,PayPal,True,False,False,True,Medium,High,-18.4,No
SV500549,41,6.3,12.5,74.4,19.7,1,1.0,15.99,0,Standard,Tablet,PayPal,True,False,False,True,High,High,-17.41,No
SV500557,23,30.7,3.8,3.1,3.8,5,1.0,12.99,0,Basic,SmartTV,PayPal,True,True,True,False,Low,High,37.2,Yes
SV501601,46,25.3,9.1,27.6,8.8,1,0.0,15.99,20,Family,Laptop,PayPal,True,True,True,True,High,High,-41.72,No
SV500602,48,21.8,4.7,42.7,0.5,3,0.0,19.99,30,Standard,SmartTV,PayPal,True,True,True,True,Low,,-4.86,No
SV500442,38,5.0,3.6,34.5,15.2,3,0.0,12.99,0,Standard,Laptop,Credit Card,True,False,True,True,Low,High,-8.52,No
SV501779,50,11.3,13.6,46.0,12.5,4,2.0,12.99,20,Basic,Mobile,Debit Card,True,False,False,False,High,Medium,6.73,Yes
SV500218,32,22.0,13.4,20.2,3.1,1,1.0,19.99,50,Standard,Mobile,Credit Card,True,True,False,False,High,Low,6.17,Yes
SV502107,22,18.1,1.2,51.6,0.5,5,1.0,8.99,0,Premium,Mobile,Credit Card,False,False,True,True,Low,High,-21.5,No
SV500897,25,36.0,15.6,17.6,6.4,2,2.0,12.99,20,Basic,Laptop,Credit Card,True,False,False,False,High,High,-21.47,No
SV500736,43,2.1,4.1,,3.1,4,1.0,19.99,0,Standard,Mobile,Credit Card,True,False,False,True,Low,High,1.95,No
SV503323,43,9.6,4.6,37.6,2.8,5,3.0,8.99,0,Family,SmartTV,Credit Card,False,False,True,False,Medium,High,-0.73,No
SV502480,54,21.0,1.6,41.2,12.1,4,4.0,12.99,0,Premium,Laptop,Debit Card,True,False,True,True,Medium,Low,20.49,Yes
SV503816,33,54.1,8.3,43.6,1.9,5,1.0,12.99,30,Standard,SmartTV,Credit Card,True,True,False,False,Medium,High,-3.23,No
SV502059,22,24.3,4.4,71.0,2.4,2,0.0,12.99,0,Basic,Laptop,Credit Card,False,False,False,False,Medium,Medium,-8.94,No
SV501904,41,29.8,5.8,15.4,9.9,5,1.0,15.99,30,Basic,Mobile,Credit Card,True,False,False,False,Medium,High,-2.78,No
SV503382,55,9.4,6.3,25.9,7.8,3,1.0,15.99,0,Premium,SmartTV,PayPal,False,False,False,False,Medium,High,-7.55,No
SV501666,36,51.6,3.7,28.2,14.9,1,1.0,12.99,0,Basic,SmartTV,Debit Card,True,False,True,True,Low,High,11.45,Yes
SV503958,27,22.6,4.5,41.1,11.5,2,3.0,15.99,10,Basic,Laptop,Gift Card,True,False,False,True,Medium,Low,40.55,Yes
SV502829,61,30.7,16.6,,17.0,5,1.0,12.99,0,Basic,Mobile,Credit Card,True,True,False,False,High,Medium,-9.86,No
SV503130,41,11.0,5.7,5.5,11.2,5,1.0,8.99,30,Family,Tablet,Debit Card,True,False,False,False,Low,High,5.72,Yes
SV503341,117,26.2,15.7,45.1,3.0,2,0.0,12.99,0,Basic,Tablet,Credit Card,True,False,False,False,High,High,-26.93,No
SV502481,24,1.3,13.9,26.4,2.8,3,1.0,8.99,0,Standard,SmartTV,Credit Card,True,False,False,True,High,High,-20.33,No
SV501204,27,25.0,2.5,56.1,12.9,4,2.0,8.99,0,Basic,SmartTV,Debit Card,True,False,False,False,Medium,Low,6.24,Yes
SV501159,18,2.4,4.0,19.7,40.0,3,1.0,8.99,20,Premium,SmartTV,Credit Card,False,True,True,False,Medium,Medium,64.77,Yes
SV502290,39,15.3,0.8,22.4,1.7,2,0.0,8.99,0,Basic,Mobile,Credit Card,True,False,False,True,Low,High,-7.08,No
SV501533,21,12.2,6.1,74.1,12.0,5,1.0,12.99,20,Standard,Tablet,Gift Card,True,True,True,True,Medium,High,-9.39,No
SV500805,46,21.0,14.7,58.0,0.0,1,0.0,19.99,0,Basic,SmartTV,Debit Card,True,False,False,False,High,High,-0.19,No
SV502706,38,3.8,7.3,60.4,1.4,1,0.0,12.99,0,Standard,Laptop,PayPal,True,True,False,False,Medium,High,6.32,Yes
SV501874,22,17.8,3.6,44.6,5.1,5,1.0,12.99,20,Standard,Laptop,Gift Card,True,False,False,False,Medium,Medium,32.9,Yes
SV503275,22,35.5,10.3,17.5,17.4,2,3.0,8.99,10,Basic,Tablet,Credit Card,True,False,False,True,Medium,Low,29.41,Yes
SV500578,31,2.7,2.0,41.0,62.9,2,1.0,12.99,10,Family,SmartTV,PayPal,True,True,False,False,Low,High,15.55,Yes
SV502279,16,2.1,0.5,62.3,5.8,2,2.0,12.99,0,Family,SmartTV,Debit Card,False,True,False,True,Low,Low,43.54,Yes
SV503418,36,11.2,3.0,32.5,1.5,5,1.0,19.99,0,Premium,Mobile,Debit Card,True,False,True,False,Low,Medium,22.61,Yes
SV501362,16,40.4,4.1,17.2,17.0,2,2.0,15.99,0,Premium,Mobile,Credit Card,True,False,False,False,Medium,,-14.68,No
SV500000,37,18.1,13.7,18.9,2.0,1,1.0,8.99,20,Standard,SmartTV,Credit Card,True,False,False,True,High,Low,-14.38,No
SV503426,38,13.8,3.9,71.2,54.3,3,4.0,19.99,20,Standard,Mobile,Gift Card,True,False,True,True,Low,Medium,26.89,Yes
SV503728,37,27.3,1.9,53.4,0.5,2,0.0,8.99,30,Standard,SmartTV,Credit Card,True,False,False,True,Low,Medium,-9.88,No
SV503845,16,10.8,14.7,60.1,1.0,3,0.0,19.99,0,Basic,Mobile,Debit Card,False,True,False,True,High,,-14.84,No
SV500964,34,22.7,3.9,33.3,37.3,3,1.0,8.99,10,Standard,SmartTV,PayPal,False,False,False,True,Medium,High,17.54,Yes
SV503253,45,5.9,9.7,54.3,31.6,4,0.0,12.99,0,Basic,Laptop,Credit Card,True,True,False,True,Medium,Medium,-0.87,No
SV501011,50,25.7,2.9,23.6,2.8,4,1.0,15.99,0,Basic,Laptop,Credit Card,True,False,False,True,Medium,Medium,3.34,No
SV500247,54,11.6,7.4,35.4,7.6,3,0.0,12.99,20,Basic,Laptop,Credit Card,True,False,False,True,Medium,High,-22.68,No
SV501425,24,11.8,26.3,27.1,5.0,3,3.0,12.99,0,Basic,Mobile,Debit Card,True,True,False,True,High,Low,24.75,Yes
SV502111,39,5.1,7.0,50.4,2.6,2,2.0,15.99,0,Basic,Mobile,Debit Card,False,True,False,True,Medium,High,-15.66,No
SV503976,37,13.4,10.5,46.2,17.7,3,1.0,15.99,10,Standard,SmartTV,PayPal,True,False,True,False,Medium,High,-0.86,No
SV503407,52,4.4,3.5,58.1,8.2,2,2.0,15.99,0,Basic,Mobile,PayPal,True,False,False,False,Low,High,46.23,Yes
SV503793,42,20.3,1.5,75.4,0.2,2,2.0,8.99,0,Premium,Laptop,Credit Card,True,True,False,False,Medium,High,-23.87,No
SV501509,35,39.6,6.6,40.1,4.6,3,1.0,15.99,0,Standard,SmartTV,PayPal,True,False,False,True,Low,Medium,0.39,No
SV503515,31,10.9,3.7,39.2,3.0,1,,12.99,0,Family,Laptop,PayPal,True,False,False,False,Low,High,2.28,No
SV500650,54,6.5,17.7,47.0,24.2,2,1.0,8.99,20,Family,Laptop,Credit Card,True,False,True,False,High,High,-46.42,No
SV501967,33,43.4,9.5,60.4,1.6,1,0.0,15.99,30,Family,Laptop,Credit Card,False,False,False,False,High,High,-23.35,No
SV502046,41,25.3,0.5,50.5,11.6,4,1.0,8.99,0,Standard,Mobile,Debit Card,True,False,True,False,Low,High,5.13,Yes
SV501558,43,13.7,7.3,48.7,12.6,2,2.0,12.99,20,Basic,Tablet,Credit Card,False,False,True,False,Medium,High,16.16,Yes
SV503800,30,11.2,2.4,43.0,9.2,5,2.0,15.99,30,Basic,Mobile,Credit Card,True,True,False,False,Low,High,13.84,Yes
SV500175,36,6.8,8.1,39.9,14.6,4,0.0,15.99,0,Standard,Mobile,Debit Card,True,False,False,False,Medium,High,-4.13,No
SV500278,47,16.6,2.4,41.1,2.0,4,0.0,8.99,0,Basic,Mobile,PayPal,False,False,True,True,Low,Medium,33.21,Yes
SV501135,48,5.4,14.3,41.1,19.6,4,1.0,15.99,20,Premium,Mobile,Credit Card,True,False,True,True,High,High,-22.76,No
SV503552,45,16.2,21.9,37.5,5.4,3,2.0,12.99,0,Standard,SmartTV,PayPal,True,False,True,False,High,High,-21.88,No
SV502484,33,6.1,11.6,56.1,6.8,4,0.0,12.99,0,Standard,Mobile,PayPal,True,False,False,True,High,High,-12.44,No
SV502430,17,7.5,5.4,78.3,7.5,4,2.0,12.99,10,Basic,Laptop,PayPal,True,False,False,True,Medium,Medium,-16.77,No
SV502529,28,8.0,1.9,41.9,1.8,1,1.0,8.99,20,Standard,SmartTV,Credit Card,True,False,False,True,Medium,High,-19.66,No
SV503519,41,25.5,3.5,90.9,0.1,1,3.0,15.99,0,Standard,Mobile,Credit Card,True,False,False,True,Low,High,-7.7,No
SV500691,31,46.7,24.9,66.5,3.5,2,1.0,8.99,10,Standard,SmartTV,Debit Card,False,False,False,True,High,High,-36.01,No
SV503961,49,9.1,10.6,53.8,4.6,3,1.0,19.99,10,Family,Mobile,Credit Card,True,True,False,True,High,High,-11.0,No
SV500416,46,22.8,5.9,55.9,8.2,5,1.0,19.99,30,Standard,SmartTV,Credit Card,True,True,False,False,Medium,Medium,23.2,Yes
SV502889,30,20.7,6.8,90.8,23.2,5,0.0,15.99,10,Basic,SmartTV,Credit Card,False,True,False,True,Medium,High,3.92,No
SV500217,49,14.4,9.8,53.8,3.0,3,1.0,19.99,0,Standard,SmartTV,Credit Card,True,False,True,False,High,High,1.02,No
SV502488,49,2.9,5.5,27.8,15.5,4,1.0,19.99,0,Premium,Laptop,Credit Card,True,False,False,True,Medium,High,0.02,No
SV501971,31,12.8,3.2,87.0,10.9,1,2.0,15.99,0,Standard,Mobile,Credit Card,True,False,False,True,Low,Medium,-1.97,No
SV503405,20,30.6,14.7,50.4,6.6,2,2.0,19.99,0,Basic,Laptop,PayPal,True,True,False,False,High,Medium,9.09,Yes
SV503111,47,7.9,4.2,38.1,10.6,4,1.0,8.99,0,Standard,Laptop,PayPal,True,False,True,False,Medium,High,-25.07,No
SV500903,51,32.3,4.0,33.9,7.9,4,1.0,8.99,30,Standard,Mobile,Credit Card,False,True,False,False,Low,Medium,-1.52,No
SV502925,44,7.9,3.8,65.2,33.7,1,0.0,12.99,0,Standard,Mobile,Debit Card,True,True,False,True,Medium,High,-8.38,No
SV500912,40,9.4,10.6,38.7,4.5,3,1.0,19.99,0,Standard,Mobile,Debit Card,True,False,False,True,Medium,High,-7.25,No
SV503469,44,15.6,14.3,48.6,15.1,5,0.0,8.99,0,Premium,Tablet,Credit Card,True,False,True,True,High,High,-31.16,No
SV500727,42,19.1,4.8,16.0,4.0,5,1.0,12.99,10,Standard,SmartTV,Debit Card,True,False,False,False,Medium,High,-6.33,No
SV503755,29,22.4,3.9,39.0,5.9,5,1.0,15.99,20,Premium,Tablet,PayPal,True,False,False,True,Medium,High,-0.58,No
SV503079,46,22.0,6.2,83.3,5.7,2,3.0,19.99,0,Premium,Mobile,PayPal,True,False,False,False,Medium,Low,30.08,Yes
SV502825,33,14.0,2.7,19.0,7.0,4,1.0,8.99,0,Standard,SmartTV,PayPal,True,False,False,False,High,High,-27.63,No
SV502155,41,17.9,10.9,38.1,1.1,5,0.0,12.99,0,Premium,Mobile,Credit Card,True,False,True,True,Medium,High,-2.0,No
SV500449,38,20.7,0.8,66.4,4.1,2,2.0,15.99,0,Standard,SmartTV,Debit Card,False,False,False,True,Medium,Medium,20.31,Yes
SV501395,54,2.4,5.5,56.3,29.8,3,1.0,19.99,0,Premium,Tablet,PayPal,True,True,False,True,Medium,High,-15.24,No
SV500376,32,26.6,6.9,60.2,9.7,3,1.0,8.99,10,Standard,Mobile,Gift Card,True,False,False,False,High,High,-30.47,No
SV503142,31,14.6,3.0,45.3,7.0,4,1.0,19.99,10,Premium,Tablet,Gift Card,False,False,False,True,Medium,High,-6.86,No
SV501752,27,7.7,1.5,65.5,6.3,2,1.0,15.99,10,Standard,Laptop,Debit Card,True,True,True,False,Low,Medium,19.91,Yes
SV503966,23,17.9,8.9,12.4,3.8,5,0.0,8.99,0,Basic,Mobile,Credit Card,False,True,False,True,Medium,High,-10.59,No
SV500433,16,53.3,10.3,40.6,0.1,1,2.0,8.99,30,Basic,SmartTV,Gift Card,True,True,False,True,Medium,High,9.41,Yes
SV500952,39,19.7,5.7,10.2,9.3,2,0.0,15.99,0,Basic,Laptop,Credit Card,True,True,False,True,Medium,High,-19.9,No
SV500371,49,19.1,9.7,75.3,8.8,5,0.0,15.99,0,Basic,SmartTV,PayPal,True,True,False,True,Medium,Medium,0.28,No
SV503277,16,18.8,10.1,37.7,4.3,3,1.0,12.99,0,Basic,Mobile,Credit Card,True,False,False,False,Medium,High,0.01,No
SV502396,29,49.3,1.3,26.9,3.7,1,1.0,8.99,0,Family,Laptop,Debit Card,False,False,False,False,Low,Medium,1.27,No
SV501421,32,37.5,10.6,29.4,0.8,3,4.0,8.99,20,Basic,Mobile,Credit Card,True,True,False,False,Medium,Low,12.58,Yes
SV500700,46,12.1,7.9,36.4,3.8,1,0.0,12.99,0,Premium,Mobile,Credit Card,False,True,False,False,Medium,High,-17.55,No
SV502867,51,2.0,0.7,58.1,2.4,2,0.0,15.99,0,Standard,Mobile,Credit Card,True,False,True,True,Low,High,36.36,Yes
SV500644,30,8.6,7.2,30.7,4.9,3,0.0,19.99,0,Family,Laptop,Debit Card,True,False,True,False,Medium,High,-7.2,No
SV501457,35,15.6,2.3,45.9,22.4,3,0.0,8.99,10,Standard,SmartTV,PayPal,False,False,True,True,Low,High,16.83,Yes
SV500665,16,25.7,2.6,24.1,31.8,5,0.0,8.99,0,Basic,Laptop,PayPal,True,True,False,False,Medium,High,-5.56,No
SV501503,38,7.8,7.1,52.4,2.6,4,2.0,8.99,0,Premium,Mobile,Debit Card,True,False,False,True,Medium,Low,-32.06,No
SV501427,44,11.8,1.6,78.2,1.6,1,0.0,12.99,30,Standard,Mobile,Debit Card,False,False,False,True,Low,High,-2.35,No
SV501632,36,20.4,5.7,35.2,2.4,5,0.0,8.99,20,Basic,SmartTV,Credit Card,True,True,False,False,Medium,Medium,2.35,No
SV502420,16,5.0,8.4,51.8,10.9,2,1.0,12.99,0,Standard,SmartTV,Credit Card,True,False,False,False,High,High,-34.62,No
SV501480,39,12.7,8.4,47.3,4.3,3,0.0,15.99,0,Standard,Laptop,Debit Card,True,False,True,True,Medium,High,-3.45,No
SV501164,23,6.6,3.1,52.9,2.7,3,1.0,8.99,0,Family,SmartTV,Debit Card,True,True,True,False,Low,Medium,7.16,Yes
SV500794,16,3.2,6.1,35.5,4.5,1,1.0,19.99,0,Basic,Laptop,Credit Card,True,False,False,False,Low,High,18.9,Yes
SV503591,49,4.5,0.6,35.2,21.3,2,0.0,8.99,0,Premium,Mobile,Credit Card,True,False,False,True,Low,High,36.82,Yes
SV500246,22,5.8,4.1,37.0,2.1,1,0.0,12.99,0,Family,Mobile,PayPal,False,False,False,True,Low,High,-1.3,No
SV503815,26,8.0,3.5,55.5,8.5,2,1.0,19.99,0,Family,SmartTV,Credit Card,True,True,False,True,Medium,High,-9.39,No
SV500734,37,46.1,2.1,46.4,1.3,3,0.0,8.99,20,Family,Laptop,Debit Card,False,False,True,False,Low,High,-3.72,No
SV500505,28,15.6,15.6,39.1,11.2,2,1.0,12.99,0,Standard,SmartTV,Credit Card,True,False,True,True,High,High,-19.35,No
SV502440,35,7.0,21.9,26.2,1.1,3,0.0,8.99,10,Basic,Mobile,Credit Card,False,False,False,False,High,High,-18.69,No
SV501189,32,42.6,3.4,36.5,13.1,3,0.0,15.99,30,Family,SmartTV,PayPal,True,False,False,True,Medium,High,-21.71,No
SV503372,18,2.9,7.8,52.1,13.2,2,0.0,19.99,0,Standard,Mobile,Credit Card,False,False,False,True,Medium,High,1.2,No
SV503443,30,23.6,6.2,18.9,0.5,2,1.0,15.99,20,Basic,SmartTV,Credit Card,True,False,False,True,Medium,High,-13.06,No
SV501614,27,22.2,2.2,63.5,0.8,5,1.0,19.99,0,Family,Mobile,Credit Card,False,False,False,False,Medium,Medium,22.34,Yes
SV500532,29,31.7,4.3,39.2,6.3,1,0.0,8.99,0,Basic,SmartTV,Credit Card,False,False,False,True,Medium,High,-15.02,No
SV500932,47,22.6,6.0,44.1,10.1,2,1.0,12.99,0,Family,SmartTV,Debit Card,True,False,False,True,Low,Medium,14.4,Yes
SV500108,43,15.6,7.9,49.0,0.4,1,1.0,19.99,0,Premium,Mobile,Credit Card,True,False,False,False,Medium,High,-6.67,No
SV501867,41,20.7,3.7,60.6,4.9,5,1.0,15.99,0,Premium,SmartTV,Credit Card,True,False,False,False,Medium,High,-6.95,No
SV500949,16,32.4,7.9,86.7,1.5,4,2.0,8.99,20,Standard,Mobile,Credit Card,False,False,False,False,Medium,Medium,3.03,No
SV502413,18,31.8,4.3,76.1,4.8,4,2.0,8.99,0,Standard,Mobile,PayPal,True,True,False,True,Medium,High,-12.36,No
SV502948,42,17.9,5.5,65.4,2.6,2,1.0,12.99,0,Family,Mobile,Debit Card,False,True,False,False,Medium,High,-9.08,No
SV503205,30,18.4,2.0,36.5,2.9,2,1.0,8.99,0,Family,Mobile,Credit Card,True,True,True,False,Low,High,5.76,Yes
SV502223,25,4.2,6.7,56.5,4.4,5,2.0,8.99,20,Family,Laptop,Debit Card,True,False,False,False,Low,High,-7.42,No
SV502974,35,26.3,1.2,62.4,20.7,3,0.0,12.99,50,Standard,Laptop,PayPal,True,False,True,False,Low,High,19.38,Yes
SV503957,45,20.3,9.6,69.4,8.5,1,0.0,12.99,0,Standard,Mobile,Credit Card,False,False,False,True,Medium,,-10.93,No
SV500543,32,34.5,8.8,43.8,3.5,4,3.0,15.99,0,Standard,Mobile,PayPal,True,False,False,False,High,Medium,-6.56,No
SV501765,32,20.9,19.1,46.5,4.0,1,0.0,12.99,0,Standard,Mobile,PayPal,True,True,True,True,High,High,-15.83,No
SV502494,46,41.3,2.8,53.4,1.6,2,1.0,15.99,0,Premium,SmartTV,PayPal,True,True,True,False,Low,High,0.39,No
SV502934,26,14.3,14.1,21.3,15.4,4,1.0,15.99,0,Basic,SmartTV,Credit Card,False,True,False,True,High,High,-24.45,No
SV500259,19,7.9,20.6,51.1,15.8,4,4.0,8.99,0,Basic,Laptop,Credit Card,True,False,True,True,High,Low,13.95,Yes
SV501514,16,39.9,17.8,33.7,5.3,3,0.0,8.99,10,Premium,Laptop,Credit Card,False,False,False,True,High,,-25.79,No
SV501778,22,9.0,4.0,,5.3,2,1.0,15.99,0,Basic,Laptop,Debit Card,True,False,False,True,Low,High,-1.23,No
SV501862,50,6.3,1.3,41.6,20.9,4,1.0,19.99,0,Basic,Laptop,PayPal,True,False,False,False,Low,High,-2.86,No
SV501295,43,13.4,9.3,20.1,16.3,1,0.0,8.99,30,Family,Mobile,PayPal,False,False,True,True,Medium,High,-23.27,No
SV500927,39,14.6,5.9,52.1,0.1,5,2.0,19.99,0,Family,Mobile,Credit Card,False,True,False,True,Medium,High,-0.94,No
SV500612,18,25.3,2.3,69.4,7.9,3,1.0,12.99,0,Standard,Tablet,Debit Card,True,False,False,False,Medium,High,-1.14,No
SV502631,23,17.4,6.3,11.5,2.4,3,0.0,19.99,0,Basic,SmartTV,PayPal,True,False,False,False,Medium,High,-2.8,No
SV501231,22,14.7,3.3,69.3,2.6,4,1.0,8.99,0,Standard,SmartTV,Credit Card,True,True,True,False,Medium,High,1.68,No
SV500219,26,17.2,10.4,25.3,13.8,1,0.0,8.99,50,Premium,Mobile,Debit Card,True,False,False,True,High,High,-23.79,No
SV503129,38,17.1,4.1,69.1,15.8,2,0.0,8.99,0,Family,Mobile,Credit Card,True,False,False,False,Low,High,-8.2,No
SV500485,32,23.2,10.0,,15.7,4,0.0,8.99,30,Basic,Mobile,Credit Card,True,True,True,False,Medium,High,2.43,No
SV502316,31,15.4,10.0,53.9,6.2,1,0.0,19.99,20,Premium,Mobile,Credit Card,True,False,False,True,Medium,High,-21.59,No
SV502164,41,28.9,14.4,61.4,17.2,4,0.0,8.99,20,Basic,Laptop,PayPal,True,False,False,True,Medium,High,-17.95,No
SV503521,34,38.5,0.8,3.4,2.5,3,0.0,12.99,0,Basic,SmartTV,PayPal,True,False,False,False,Low,High,12.85,Yes
SV502992,33,12.3,5.7,33.8,1.3,2,2.0,12.99,0,Standard,Laptop,Gift Card,True,False,False,True,Medium,High,-2.25,No
SV500258,33,13.1,3.6,70.5,1.7,5,1.0,8.99,0,Basic,SmartTV,Credit Card,True,False,False,True,Medium,High,-11.96,No
SV503842,37,9.6,4.2,36.9,49.1,4,2.0,15.99,20,Basic,Laptop,PayPal,True,True,False,False,Medium,Medium,8.2,Yes
SV500386,39,6.2,10.8,,1.2,1,3.0,15.99,10,Standard,Mobile,PayPal,True,False,True,False,Medium,Medium,4.38,No
SV500847,43,17.9,12.3,25.6,4.8,5,0.0,8.99,30,Basic,Laptop,PayPal,True,False,False,True,High,High,-18.51,No
SV502573,36,28.5,2.9,57.3,0.1,4,2.0,15.99,0,Standard,Mobile,Credit Card,True,False,True,False,Low,High,-5.79,No
SV503233,100,9.5,4.4,21.7,5.8,2,0.0,8.99,0,Standard,Mobile,Credit Card,True,False,False,True,Medium,High,-2.9,No
SV503612,28,32.9,3.6,50.0,17.5,2,2.0,15.99,20,Standard,Mobile,Debit Card,True,False,False,True,Medium,High,-19.56,No
SV503101,28,25.5,5.1,95.4,2.8,3,1.0,15.99,0,Basic,Mobile,Gift Card,False,False,True,True,Medium,High,11.94,Yes
SV502861,41,45.6,7.3,32.6,2.2,4,2.0,12.99,20,Family,SmartTV,Debit Card,True,False,True,False,Medium,Medium,-2.55,No
SV501623,47,20.5,5.3,31.5,11.3,2,1.0,12.99,0,Premium,Tablet,Debit Card,False,False,False,True,Low,Medium,-5.06,No
SV501001,26,17.2,3.2,74.9,24.2,3,1.0,12.99,0,Standard,SmartTV,PayPal,True,True,False,False,Medium,High,-3.59,No
SV500209,30,13.2,20.1,36.0,2.0,2,2.0,12.99,0,Standard,Mobile,Gift Card,True,False,True,False,High,Medium,-0.15,No
SV503620,38,26.2,3.5,59.2,19.4,2,1.0,8.99,30,Family,SmartTV,Credit Card,True,False,False,True,Medium,Medium,-18.05,No
SV502091,41,19.7,5.0,60.1,7.2,5,1.0,12.99,50,Basic,Mobile,Debit Card,True,False,False,True,Medium,High,18.67,Yes
SV501948,24,2.7,5.0,61.4,10.3,1,0.0,12.99,0,Standard,SmartTV,Credit Card,True,False,False,True,Medium,High,-19.24,No
SV500910,26,11.7,5.7,57.3,2.3,1,1.0,8.99,0,Family,SmartTV,Credit Card,True,False,False,True,Medium,High,-14.86,No
SV501718,41,33.2,15.4,60.2,1.1,3,2.0,8.99,30,Premium,Laptop,Debit Card,True,False,True,True,High,High,-36.35,No
SV502552,29,20.3,13.3,17.5,10.0,3,0.0,12.99,20,Family,Mobile,Credit Card,False,False,False,True,High,High,-16.89,No
SV502984,19,26.8,7.0,44.7,12.2,5,3.0,8.99,0,Standard,Mobile,Credit Card,True,False,False,True,Medium,Medium,-3.39,No
SV502163,41,9.2,7.9,31.0,4.1,2,1.0,19.99,20,Family,Mobile,Credit Card,True,False,False,True,Medium,High,-8.28,No
SV500596,28,8.5,2.0,54.9,23.7,2,1.0,19.99,0,Basic,Mobile,Credit Card,True,False,True,True,Low,High,-0.28,No
SV501950,35,16.4,12.5,35.4,22.1,4,0.0,12.99,10,Premium,Laptop,Credit Card,False,True,False,True,Medium,High,-10.8,No
SV503764,33,27.3,8.4,49.9,12.1,5,1.0,8.99,0,Basic,SmartTV,Credit Card,False,False,False,True,Medium,High,-8.66,No
SV500296,37,16.8,14.3,80.6,31.0,4,1.0,15.99,0,Basic,Mobile,Credit Card,True,False,False,True,High,High,-36.51,No
SV503716,42,4.7,3.3,34.4,0.6,5,1.0,15.99,10,Premium,Mobile,PayPal,True,False,False,True,Medium,High,9.44,Yes
SV500507,39,8.3,1.3,47.2,0.5,3,0.0,12.99,0,Basic,Tablet,Credit Card,False,False,False,True,Low,High,-8.05,No
SV502864,22,31.8,3.2,54.1,32.8,3,1.0,15.99,10,Standard,Laptop,PayPal,True,False,True,True,Low,Medium,-2.46,No
SV500007,31,17.1,6.7,33.6,5.5,2,0.0,12.99,20,Family,Laptop,Credit Card,False,True,False,True,Medium,High,-25.96,No
SV502252,41,9.6,10.8,32.0,14.6,1,3.0,15.99,20,Basic,Mobile,PayPal,True,True,False,True,Medium,Medium,0.08,No
SV503054,29,9.1,3.2,35.4,0.3,4,42.0,8.99,30,Basic,SmartTV,Credit Card,True,True,False,True,Medium,High,-9.68,No
SV502029,29,17.4,7.7,70.8,1.8,3,1.0,8.99,30,Standard,Mobile,PayPal,True,False,True,False,Medium,High,-6.23,No
SV502148,30,28.6,7.4,35.8,20.9,1,,15.99,20,Basic,SmartTV,Debit Card,True,True,False,True,Medium,High,-14.72,No
SV502086,33,23.1,4.0,25.4,8.5,5,2.0,15.99,20,Basic,Mobile,Credit Card,False,False,False,True,Medium,Medium,4.57,No
SV503117,32,10.5,6.9,9.3,1.0,5,5.0,19.99,20,Premium,Laptop,Credit Card,True,False,False,False,Medium,Low,35.62,Yes
SV502550,16,1.8,12.4,32.1,8.0,4,0.0,8.99,0,Premium,Mobile,Credit Card,True,False,True,True,Medium,High,-12.53,No
SV503358,23,9.2,2.0,27.3,1.2,3,2.0,15.99,0,Family,Laptop,PayPal,True,False,False,False,Low,Medium,11.29,Yes
SV500177,36,12.8,10.0,74.6,4.1,5,0.0,19.99,10,Standard,SmartTV,Credit Card,False,False,False,True,High,High,-13.82,No
SV503853,30,26.2,14.6,25.8,16.0,1,1.0,15.99,0,Family,SmartTV,Gift Card,True,False,True,True,High,Medium,8.16,Yes
SV502778,39,21.7,4.6,54.5,19.6,3,1.0,19.99,0,Basic,SmartTV,Credit Card,True,True,False,True,Medium,High,0.22,No
SV500790,26,7.7,3.8,53.2,1.5,1,3.0,19.99,30,Standard,SmartTV,PayPal,True,True,True,True,Low,Low,54.86,Yes
SV501334,39,8.1,10.9,47.1,0.6,5,2.0,15.99,30,Premium,Laptop,Debit Card,True,False,False,True,Medium,High,-19.02,No
SV500678,38,16.5,5.5,76.7,7.9,4,2.0,12.99,0,Basic,Mobile,Credit Card,False,False,True,True,Medium,High,10.0,Yes
SV503453,42,29.8,5.8,61.9,3.8,2,2.0,19.99,30,Premium,Laptop,Gift Card,True,True,True,False,Medium,,20.07,Yes
SV503012,29,19.4,10.0,57.9,5.5,4,1.0,15.99,10,Basic,Mobile,Credit Card,True,True,True,True,Medium,High,6.53,Yes
SV501436,29,291.8,7.8,,10.1,3,1.0,19.99,0,Premium,Laptop,Credit Card,True,False,True,True,Medium,Medium,16.58,Yes
SV500096,19,26.7,3.4,67.8,0.1,1,1.0,12.99,0,Basic,Tablet,PayPal,True,True,False,True,Medium,Medium,-5.19,No
SV500043,37,7.4,8.9,,28.8,5,0.0,15.99,0,Basic,Mobile,Credit Card,True,False,True,True,Medium,High,11.5,Yes
SV501814,36,10.1,2.2,71.6,5.0,5,4.0,8.99,20,Standard,SmartTV,PayPal,True,True,False,True,Low,High,-8.74,No
SV501490,27,51.5,5.7,33.5,11.6,2,4.0,12.99,20,Family,Tablet,Credit Card,True,True,False,False,Low,Low,32.03,Yes
SV501228,40,10.3,11.8,54.1,1.3,4,1.0,12.99,0,Premium,Tablet,Credit Card,True,False,False,True,Medium,High,-18.55,No
SV500759,39,5.6,6.3,32.4,1.4,5,0.0,8.99,0,Standard,Laptop,Debit Card,True,False,True,True,Medium,High,-23.69,No
SV503626,35,2.9,11.1,33.7,1.0,2,1.0,8.99,30,Standard,SmartTV,Debit Card,False,False,False,True,Medium,High,-16.48,No
SV502018,40,27.8,10.6,44.0,7.1,3,3.0,15.99,20,Premium,SmartTV,Debit Card,True,True,False,False,High,High,-12.71,No
SV502749,42,3.3,10.9,60.6,11.0,1,2.0,8.99,20,Basic,Tablet,Debit Card,True,False,True,True,Medium,High,5.35,Yes
SV503066,37,11.4,3.5,83.1,18.1,5,1.0,8.99,20,Basic,Mobile,Debit Card,False,False,False,False,Medium,Medium,23.15,Yes
SV500025,30,27.9,4.6,42.9,4.5,5,0.0,8.99,30,Basic,Mobile,PayPal,True,True,False,True,Medium,High,-17.24,No
SV502302,16,5.5,2.2,49.5,4.5,5,0.0,12.99,0,Family,Mobile,Credit Card,True,True,False,True,Low,High,4.11,No
SV501610,37,16.5,1.4,52.9,10.1,4,1.0,12.99,0,Basic,SmartTV,PayPal,True,True,False,False,Low,Medium,13.77,Yes
SV500679,32,14.1,4.7,73.8,12.2,1,0.0,19.99,0,Basic,SmartTV,Debit Card,True,False,True,False,Medium,Medium,34.22,Yes
SV501842,44,7.6,5.0,36.7,2.7,3,,8.99,0,Premium,Laptop,Gift Card,True,False,False,True,Medium,High,8.79,Yes
SV502644,50,9.3,3.8,55.6,7.3,4,2.0,12.99,50,Basic,Laptop,PayPal,True,False,False,False,Low,High,5.81,Yes
SV501222,39,28.1,0.7,83.9,7.5,1,2.0,8.99,10,Basic,SmartTV,Credit Card,True,False,False,True,Low,Medium,14.88,Yes
SV500781,33,45.0,9.0,26.8,27.9,4,1.0,12.99,30,Standard,Mobile,Credit Card,False,False,False,False,High,High,-4.79,No
SV503667,22,6.6,0.7,61.4,20.9,4,0.0,15.99,10,Basic,SmartTV,Credit Card,False,True,False,True,Medium,High,4.91,No
SV503813,31,14.2,5.4,27.2,16.5,2,6.0,15.99,0,Family,Mobile,Debit Card,True,False,False,True,Medium,Low,19.92,Yes
SV502338,46,26.5,13.0,59.9,5.3,3,3.0,8.99,0,Standard,SmartTV,PayPal,False,True,True,False,High,Medium,-25.32,No
SV501356,30,26.4,2.0,54.9,2.4,4,1.0,15.99,10,Basic,Tablet,Debit Card,True,True,True,False,Medium,Medium,29.2,Yes
SV501615,40,28.4,19.2,35.7,0.0,2,0.0,8.99,0,Premium,Laptop,Credit Card,True,False,True,False,High,High,-14.65,No
SV503127,39,22.5,6.8,56.7,9.0,3,1.0,15.99,30,Basic,Tablet,Credit Card,True,False,False,True,Low,High,-12.25,No
SV502382,17,20.7,5.9,17.5,6.7,1,0.0,15.99,0,Family,SmartTV,Debit Card,True,True,False,False,Medium,High,-23.46,No
SV502147,44,4.4,1.8,40.4,11.2,2,2.0,8.99,10,Standard,SmartTV,PayPal,True,False,False,True,Medium,High,0.8,No
SV500883,21,20.0,5.3,13.1,1.1,5,0.0,12.99,0,Basic,SmartTV,Credit Card,False,True,False,True,Medium,High,-13.08,No
SV500382,16,27.5,15.5,39.5,2.4,1,1.0,8.99,0,Family,SmartTV,Credit Card,True,False,False,True,High,Medium,-23.71,No
SV502835,33,18.2,3.7,42.7,0.6,5,1.0,15.99,20,Family,Tablet,Gift Card,True,False,True,True,Low,High,13.36,Yes
SV501337,41,13.1,0.4,32.1,16.6,3,1.0,15.99,0,Premium,SmartTV,Credit Card,True,False,False,False,Low,High,11.36,Yes
SV502752,16,23.8,2.6,58.4,4.9,3,1.0,8.99,20,Standard,Laptop,Debit Card,True,True,True,True,Medium,Medium,4.62,No
SV500031,30,8.6,3.3,107.4,16.9,5,0.0,12.99,30,Standard,Mobile,Credit Card,True,False,False,True,Medium,High,-11.02,No
SV502181,37,50.3,5.1,49.1,3.7,5,0.0,12.99,10,Premium,Laptop,PayPal,True,True,True,True,Medium,High,-23.45,No
SV502034,35,14.3,13.7,44.8,2.0,5,0.0,15.99,50,Basic,Tablet,Debit Card,True,False,False,False,Medium,High,-12.31,No
SV503607,50,32.3,80.8,62.7,16.2,3,3.0,12.99,0,Basic,SmartTV,PayPal,True,False,False,True,Low,Low,28.26,Yes
SV500610,23,6.1,10.2,50.2,4.6,1,1.0,8.99,0,Basic,SmartTV,PayPal,True,False,False,True,Medium,High,-17.4,No
SV500570,18,18.3,20.0,15.7,3.9,5,3.0,19.99,0,Standard,Mobile,Credit Card,False,True,False,False,High,High,-18.01,No
SV500343,39,22.5,11.8,10.5,0.4,4,1.0,15.99,50,Family,Mobile,Credit Card,True,False,False,False,Medium,High,-5.12,No
SV501885,37,12.9,4.2,8.4,2.1,4,0.0,19.99,50,Standard,SmartTV,Debit Card,True,True,False,True,Medium,High,-4.26,No
SV501650,28,9.1,2.9,51.1,9.5,1,1.0,19.99,0,Family,SmartTV,Credit Card,True,False,False,False,Low,High,10.8,Yes
SV503038,25,8.1,18.1,65.5,1.5,1,1.0,12.99,30,Standard,Laptop,Credit Card,False,False,False,False,High,High,-25.56,No
SV502496,33,39.7,19.9,32.0,6.1,5,0.0,19.99,0,Basic,Mobile,Credit Card,True,False,True,True,High,High,10.85,Yes
SV501047,40,19.6,15.9,28.3,5.7,1,1.0,19.99,0,Premium,Tablet,PayPal,False,False,True,True,High,Medium,-11.15,No
SV503628,47,8.9,7.7,11.5,5.1,5,1.0,12.99,20,Basic,Laptop,Debit Card,False,True,True,True,High,High,15.48,Yes
SV501071,22,13.4,7.8,55.6,46.1,2,3.0,15.99,10,Premium,SmartTV,Credit Card,True,False,False,False,High,Medium,-1.31,No
SV501811,16,2.7,9.1,12.9,7.2,2,1.0,12.99,0,Basic,SmartTV,PayPal,True,True,False,True,Medium,High,-7.1,No
SV503486,42,29.5,3.1,54.4,19.4,4,1.0,12.99,0,Family,SmartTV,Credit Card,False,True,True,True,Low,High,-13.44,No
SV502535,46,31.3,9.3,30.5,1.3,5,1.0,19.99,10,Basic,Mobile,Credit Card,True,False,False,True,Medium,High,-8.19,No
SV500965,19,22.0,16.6,79.1,0.4,1,1.0,8.99,10,Family,Mobile,Credit Card,False,False,True,False,High,High,-22.01,No
SV500528,37,37.3,1.4,34.0,0.2,4,2.0,12.99,0,Basic,Mobile,Credit Card,True,True,False,False,Medium,Medium,-8.69,No
SV500176,51,20.2,3.5,68.2,10.4,1,0.0,12.99,0,Basic,Tablet,Credit Card,False,False,False,True,Medium,High,-28.87,No
SV500422,27,4.3,4.9,46.4,2.1,2,4.0,19.99,0,Premium,Mobile,Credit Card,True,False,False,True,Medium,Low,72.16,Yes
SV503368,37,28.6,11.5,54.7,5.2,4,1.0,15.99,0,Standard,Mobile,PayPal,True,False,False,True,High,High,-26.93,No
SV503241,25,9.5,9.0,35.1,2.9,1,0.0,15.99,0,Premium,Mobile,Credit Card,True,False,True,False,Medium,High,-18.4,No
SV502019,39,22.4,4.2,80.1,4.2,4,0.0,8.99,0,Standard,SmartTV,Credit Card,True,False,True,False,Low,High,-12.17,No
SV500572,37,15.2,4.9,67.1,9.9,2,2.0,12.99,10,Basic,SmartTV,Credit Card,True,False,False,False,Low,Medium,18.24,Yes
SV503537,30,3.8,8.8,56.3,5.1,3,0.0,8.99,0,Family,SmartTV,Credit Card,True,False,False,True,Medium,High,8.94,Yes
SV500288,31,23.8,3.5,35.4,0.1,5,2.0,8.99,10,Basic,Mobile,Debit Card,False,False,True,True,Medium,High,5.85,Yes
SV502658,32,15.1,8.0,55.7,4.8,3,0.0,8.99,0,Standard,SmartTV,Debit Card,True,False,False,True,Low,High,-4.61,No
SV502921,36,17.9,8.1,58.7,5.2,3,,19.99,30,Standard,Mobile,Credit Card,True,True,False,True,High,Medium,-9.37,No
SV502632,33,2.9,4.5,3.0,9.8,2,4.0,12.99,0,Basic,Laptop,Debit Card,True,False,False,False,Medium,High,-15.08,No
SV501590,19,15.9,3.2,51.3,6.1,1,1.0,8.99,10,Premium,SmartTV,Credit Card,True,True,False,True,Low,High,-3.93,No
SV503942,25,18.3,6.0,79.9,3.1,2,0.0,12.99,50,Basic,Laptop,Credit Card,True,False,False,False,Low,High,2.7,No
SV502099,51,5.5,7.9,42.0,0.5,5,1.0,8.99,0,Basic,Laptop,Credit Card,False,True,False,True,Medium,Medium,5.23,Yes
SV501391,50,4.7,15.4,60.9,9.0,5,0.0,19.99,10,Premium,Mobile,Credit Card,True,False,False,True,High,High,-25.78,No
SV502854,95,17.6,9.6,38.9,2.3,2,3.0,12.99,20,Family,Laptop,Gift Card,True,False,True,False,Medium,Medium,15.11,Yes
SV501739,35,16.4,4.0,65.4,15.4,4,0.0,12.99,30,Premium,Mobile,Credit Card,True,True,False,True,Medium,,-17.0,No
SV501729,34,13.3,11.4,46.0,8.7,2,0.0,15.99,30,Basic,Laptop,Debit Card,True,False,True,False,High,High,3.2,No
SV501918,31,23.0,9.2,,10.4,3,2.0,8.99,10,Standard,Mobile,Debit Card,False,False,True,True,Medium,High,-22.77,No
SV503100,23,33.9,12.1,57.4,5.3,5,2.0,15.99,0,Standard,Mobile,Credit Card,False,False,False,True,Medium,Low,6.04,Yes
SV500370,34,11.6,3.9,51.4,0.5,2,0.0,15.99,10,Standard,Mobile,Credit Card,True,False,False,True,Medium,Medium,-6.19,No
SV503292,29,29.3,3.2,86.4,4.9,4,0.0,12.99,0,Premium,Mobile,Debit Card,True,False,True,False,Medium,High,-16.81,No
SV503712,32,4.8,3.2,33.0,10.1,1,2.0,8.99,30,Standard,Tablet,Credit Card,True,True,False,False,Medium,High,15.38,Yes
SV502634,47,30.8,4.4,58.3,9.0,5,0.0,8.99,0,Premium,Tablet,Debit Card,True,True,False,False,Medium,Medium,-13.72,No
SV503411,16,16.7,4.4,88.0,2.4,4,0.0,8.99,0,Basic,Laptop,Credit Card,True,False,False,False,Medium,High,-13.31,No
SV502069,32,2.5,3.6,37.6,0.9,5,3.0,12.99,0,Premium,SmartTV,Gift Card,False,False,False,False,Low,Low,69.28,Yes
SV500141,23,11.0,13.3,56.8,13.6,5,2.0,12.99,20,Basic,Tablet,Credit Card,True,False,True,False,High,Medium,1.99,No
SV503355,16,23.9,2.5,75.0,5.9,2,1.0,8.99,20,Family,Mobile,Gift Card,False,True,False,True,Low,High,-1.41,No
SV500491,38,13.0,3.2,23.0,0.7,3,0.0,19.99,0,Standard,Mobile,Credit Card,True,True,False,False,Low,High,-8.04,No
SV500198,34,5.7,2.1,47.9,2.1,2,1.0,15.99,30,Standard,SmartTV,Credit Card,True,False,True,True,Medium,High,0.91,No
SV501788,37,28.8,8.6,17.4,3.7,3,0.0,19.99,0,Premium,Mobile,Debit Card,True,False,False,False,Medium,High,-0.23,No
SV502526,33,9.3,6.8,41.8,7.0,5,3.0,8.99,20,Standard,Laptop,PayPal,True,False,False,False,Medium,Low,20.97,Yes
SV503924,34,17.8,18.7,39.6,15.5,1,1.0,19.99,20,Basic,Laptop,Gift Card,True,True,False,False,High,High,2.78,No
SV501456,59,6.0,5.5,38.4,14.6,4,0.0,12.99,0,Standard,SmartTV,Debit Card,True,False,True,False,Medium,Low,0.07,No
SV500195,24,11.9,7.8,57.1,2.1,3,2.0,12.99,20,Basic,Mobile,Debit Card,True,False,False,True,Medium,Medium,-1.53,No
SV500874,16,37.2,1.3,13.7,23.9,1,0.0,12.99,0,Premium,Mobile,Debit Card,False,False,False,False,Medium,High,-19.16,No
SV502439,33,35.7,6.6,47.2,7.3,4,1.0,15.99,10,Standard,Mobile,Credit Card,True,False,False,True,Medium,High,-13.82,No
SV503823,32,16.8,7.7,27.6,26.5,5,1.0,12.99,20,Premium,Laptop,Credit Card,True,False,False,False,Medium,High,-23.4,No
SV500840,55,29.9,13.8,64.3,22.6,4,0.0,8.99,0,Standard,SmartTV,PayPal,True,True,True,True,High,High,-27.08,No
SV500581,21,43.0,1.3,63.4,3.0,5,1.0,12.99,0,Premium,Mobile,PayPal,True,False,False,True,Low,High,0.86,No
SV503948,33,6.2,7.5,47.0,0.3,4,0.0,8.99,20,Family,Mobile,PayPal,False,False,False,True,Low,High,-5.1,No
SV500905,57,6.2,8.0,62.7,3.6,4,2.0,8.99,30,Standard,SmartTV,Debit Card,True,False,False,True,Medium,High,-23.41,No
SV500631,62,19.1,3.8,39.8,16.7,1,2.0,15.99,10,Standard,Tablet,Credit Card,True,False,False,True,Low,High,-7.95,No
SV502576,25,17.9,7.9,34.6,15.0,2,2.0,15.99,20,Basic,Laptop,PayPal,True,False,True,True,Medium,High,4.34,No
SV500162,57,8.1,7.3,60.3,6.7,4,0.0,19.99,50,Premium,Mobile,Credit Card,True,False,False,False,High,High,-19.59,No
SV502073,31,57.5,3.9,58.9,5.8,1,1.0,8.99,0,Standard,Laptop,PayPal,False,False,False,True,Low,Medium,6.82,Yes
SV502080,38,12.8,16.8,69.0,5.7,5,2.0,8.99,20,Basic,Tablet,Credit Card,True,True,False,True,High,High,-25.75,No
SV501760,21,39.8,6.5,55.4,22.2,4,1.0,15.99,20,Premium,SmartTV,Debit Card,True,False,False,True,Medium,High,-11.72,No
SV502661,26,16.8,10.8,73.3,15.0,4,2.0,15.99,30,Basic,Laptop,Gift Card,True,True,False,True,Medium,Low,-11.77,No
SV500925,55,13.1,9.4,94.6,4.6,1,2.0,8.99,20,Standard,Mobile,Credit Card,True,True,False,False,Medium,High,4.22,No
SV501832,22,56.2,13.3,35.2,14.9,5,2.0,15.99,0,Basic,SmartTV,Debit Card,True,False,False,False,High,Medium,-9.73,No
SV500547,23,16.2,6.4,39.1,1.2,2,1.0,12.99,20,Family,Mobile,Credit Card,True,True,False,True,Low,Medium,11.59,Yes
SV502293,29,9.4,3.5,45.9,2.2,5,1.0,15.99,0,Family,Tablet,Credit Card,True,False,False,False,Medium,High,-22.76,No
SV501188,41,6.1,0.7,66.8,0.7,5,0.0,15.99,30,Basic,Mobile,Debit Card,True,False,False,False,Low,,24.1,Yes
SV501999,58,4.8,3.1,44.1,8.9,2,0.0,8.99,0,Family,Mobile,Credit Card,True,False,False,False,Medium,High,8.18,Yes
SV502097,25,23.0,4.7,43.2,2.9,2,0.0,19.99,0,Family,Mobile,PayPal,True,False,False,False,Medium,High,-12.05,No
SV500611,37,4.2,14.1,20.7,15.3,5,1.0,15.99,0,Premium,Laptop,Credit Card,True,False,False,True,High,High,18.47,Yes
SV502194,36,17.2,5.0,19.0,26.0,4,1.0,12.99,0,Standard,SmartTV,Debit Card,True,True,False,True,Medium,Medium,-15.29,No
SV503661,38,1.8,10.4,33.1,28.9,2,0.0,15.99,0,Family,SmartTV,Credit Card,True,False,False,False,Medium,High,-14.73,No
SV501507,34,10.8,9.7,34.2,1.8,1,2.0,8.99,0,Premium,Mobile,Debit Card,True,False,True,False,Medium,Medium,-11.17,No
SV501869,37,23.5,12.0,58.8,0.6,4,1.0,8.99,10,Basic,Mobile,Credit Card,True,True,False,False,High,Medium,6.33,Yes
SV500742,23,19.7,4.3,35.1,6.0,5,0.0,19.99,0,Basic,Tablet,PayPal,True,False,False,True,Medium,Medium,24.2,Yes
SV500637,22,21.9,10.8,50.5,3.0,1,0.0,8.99,0,Basic,Laptop,PayPal,True,False,True,True,High,High,-8.18,No
SV503535,19,7.1,9.2,40.8,0.1,4,1.0,8.99,10,Standard,SmartTV,Credit Card,True,False,False,False,Low,High,-4.43,No
SV502015,36,19.6,15.0,72.5,12.3,5,0.0,8.99,20,Standard,SmartTV,Credit Card,True,False,False,True,High,High,-12.97,No
SV503761,42,32.7,6.3,80.7,1.1,3,4.0,8.99,0,Basic,Laptop,PayPal,True,True,False,True,Medium,Low,11.69,Yes
SV501097,39,30.1,3.7,24.5,5.2,5,5.0,15.99,0,Premium,Mobile,Credit Card,True,True,True,False,Low,Medium,20.62,Yes
SV501483,38,12.6,8.6,67.6,14.7,5,0.0,8.99,0,Standard,Laptop,Debit Card,True,False,False,False,Low,Medium,1.0,No
SV500048,41,22.3,4.1,38.0,12.2,2,1.0,12.99,0,Standard,Mobile,Credit Card,False,False,True,False,Low,High,12.95,Yes
SV501351,40,11.5,9.0,44.8,0.0,1,2.0,8.99,20,Standard,Mobile,Credit Card,True,False,False,False,High,High,-28.21,No
SV500921,24,29.2,7.1,35.2,38.4,2,1.0,12.99,20,Family,Laptop,Credit Card,True,False,True,True,Medium,,-37.86,No
SV503562,20,4.2,5.9,71.3,12.3,5,0.0,12.99,10,Standard,Mobile,Debit Card,True,True,False,True,Low,High,5.71,Yes
SV500756,24,9.0,4.3,48.5,11.8,3,0.0,15.99,10,Basic,Mobile,Credit Card,True,False,True,True,Low,High,20.6,Yes
SV502124,34,15.4,6.0,79.6,8.1,4,3.0,12.99,50,Standard,Tablet,PayPal,False,False,False,False,Low,Medium,-2.63,No
SV502366,46,1.2,8.0,48.1,9.6,2,1.0,15.99,0,Basic,SmartTV,Gift Card,True,False,False,True,Low,High,3.62,No
SV501467,19,7.8,3.3,3.0,0.4,3,0.0,15.99,20,Family,Laptop,Credit Card,True,True,True,False,Low,High,2.99,No
SV503642,33,4.7,2.8,44.6,1.6,2,1.0,8.99,0,Family,SmartTV,Debit Card,False,False,False,False,Medium,Medium,20.3,Yes
SV501694,20,14.0,7.7,50.3,10.3,3,1.0,12.99,10,Family,Laptop,PayPal,True,False,False,True,Medium,High,-24.29,No
SV501322,34,22.4,15.0,44.0,25.0,3,1.0,12.99,20,Standard,Laptop,PayPal,True,True,True,True,Medium,High,-1.87,No
SV501176,26,23.5,5.9,33.7,1.3,4,0.0,12.99,10,Basic,SmartTV,Credit Card,True,False,False,True,High,High,-6.38,No
SV501947,24,12.2,13.3,37.2,2.2,1,0.0,15.99,20,Basic,SmartTV,Credit Card,True,False,True,False,Medium,High,-0.48,No
SV501213,26,37.0,11.2,55.1,4.4,3,3.0,12.99,0,Standard,Laptop,PayPal,True,True,False,True,High,Medium,-19.25,No
SV503933,46,13.9,4.0,67.4,1.8,1,0.0,8.99,0,Standard,SmartTV,Debit Card,True,True,True,True,Medium,High,-12.32,No
SV502533,36,2.6,5.5,45.9,0.1,1,2.0,12.99,0,Family,Mobile,Credit Card,True,False,False,False,Medium,Medium,-0.6,No
SV502287,59,7.8,4.0,70.1,7.0,4,3.0,15.99,10,Standard,SmartTV,Credit Card,True,True,False,False,Low,Medium,11.17,Yes
SV502781,27,14.1,11.6,35.3,0.5,4,0.0,12.99,10,Premium,Laptop,Gift Card,True,False,True,True,High,High,-41.33,No
SV502677,40,25.0,12.5,33.8,9.9,1,2.0,12.99,30,Premium,SmartTV,Debit Card,True,False,False,False,Medium,Medium,10.45,Yes
SV501070,32,35.5,2.5,62.9,4.0,4,1.0,8.99,10,Basic,Laptop,Credit Card,True,False,True,True,Medium,High,20.13,Yes
SV503729,37,17.1,5.0,54.3,4.0,5,1.0,12.99,10,Basic,SmartTV,Debit Card,True,True,True,True,Medium,High,-0.25,No
SV502830,24,20.1,10.5,59.5,8.5,2,3.0,8.99,0,Premium,Mobile,PayPal,False,False,False,False,Medium,High,3.53,No
SV502441,40,3.3,8.3,3.0,2.4,5,0.0,12.99,10,Premium,Mobile,Gift Card,True,False,True,True,Medium,High,-10.15,No
SV503603,50,1.3,5.5,41.5,4.9,3,1.0,12.99,10,Standard,Laptop,Credit Card,False,True,True,True,Medium,High,-20.15,No
SV501714,23,36.8,2.6,37.7,6.6,4,2.0,12.99,0,Basic,Mobile,Credit Card,True,False,True,True,Low,Medium,1.82,No
SV503021,51,16.6,10.0,69.2,0.8,2,0.0,12.99,20,Premium,SmartTV,Debit Card,True,False,False,True,Medium,Medium,-6.46,No
SV502196,32,30.0,3.5,76.0,1.2,3,2.0,8.99,50,Premium,SmartTV,Gift Card,True,False,True,False,Low,Medium,10.11,Yes
SV501149,45,34.4,8.2,83.5,20.2,4,1.0,12.99,50,Basic,Laptop,Credit Card,True,False,True,False,High,High,3.35,No
SV503086,21,13.2,7.3,59.3,41.5,4,2.0,15.99,0,Family,Laptop,Debit Card,True,False,False,False,Medium,High,4.89,No
SV502228,58,18.7,19.0,56.3,1.3,4,1.0,15.99,20,Standard,Laptop,Credit Card,True,False,False,True,High,High,-33.23,No
SV502963,26,14.0,2.0,72.2,2.1,4,2.0,12.99,10,Family,Mobile,PayPal,True,False,True,False,Medium,High,-12.27,No
SV502609,19,26.0,3.3,19.5,26.1,4,0.0,8.99,20,Family,Mobile,PayPal,True,False,True,True,Low,High,10.07,Yes
SV501551,26,4.2,4.2,49.2,3.9,4,3.0,8.99,0,Standard,Mobile,Credit Card,True,False,False,True,Low,Medium,21.26,Yes
SV502554,38,29.0,4.7,48.0,6.1,3,1.0,8.99,20,Standard,Mobile,Credit Card,True,False,False,False,Low,High,4.63,No
SV501288,56,8.2,10.0,61.9,1.6,3,1.0,8.99,0,Standard,Mobile,Credit Card,True,True,False,False,High,High,-17.74,No
SV503861,42,5.0,4.8,62.6,0.9,5,3.0,8.99,0,Basic,Mobile,PayPal,True,True,True,True,Medium,Low,70.95,Yes
SV502807,16,5.3,13.4,47.7,8.2,3,,12.99,0,Basic,Mobile,Credit Card,True,False,True,True,Medium,High,11.36,Yes
SV501641,40,15.5,12.9,41.7,27.8,1,1.0,12.99,0,Family,Laptop,Credit Card,True,False,True,False,High,Medium,-16.93,No
SV500867,30,30.6,0.7,41.7,18.4,4,0.0,8.99,10,Standard,SmartTV,Debit Card,True,False,False,True,Low,High,-8.71,No
SV500926,32,28.5,13.9,49.3,5.2,3,1.0,12.99,20,Standard,Laptop,Credit Card,True,True,False,True,High,Medium,-31.68,No
SV503210,34,30.6,12.8,16.1,2.9,3,2.0,12.99,0,Basic,Tablet,PayPal,True,False,False,False,High,Medium,-7.61,No
SV500997,35,7.9,1.2,31.7,1.5,2,3.0,8.99,20,Basic,Mobile,Debit Card,True,False,False,False,Low,High,3.95,No
SV503020,21,40.7,9.9,83.1,15.7,2,1.0,8.99,10,Standard,Mobile,Credit Card,True,False,False,True,High,High,-27.8,No
SV501829,32,7.0,4.7,45.7,7.8,1,1.0,19.99,0,Family,SmartTV,Credit Card,True,False,False,False,Low,Low,-1.95,No
SV501132,26,30.0,2.1,57.7,14.5,2,0.0,15.99,0,Premium,Mobile,Debit Card,True,True,False,False,Low,Medium,5.72,Yes
SV501340,25,13.5,7.1,36.2,0.5,1,4.0,15.99,30,Standard,SmartTV,Debit Card,True,False,False,True,High,Low,14.46,Yes
SV503674,19,6.5,3.1,,12.9,3,,19.99,0,Standard,Mobile,Debit Card,True,True,False,True,Low,High,-2.23,No
SV500210,44,34.4,2.7,50.8,5.9,5,,12.99,0,Basic,Mobile,Debit Card,True,False,False,False,Medium,High,-1.0,No
SV503979,43,13.6,8.1,104.2,0.5,5,0.0,8.99,0,Premium,Mobile,Credit Card,True,False,False,True,Medium,High,-15.98,No
SV500059,45,8.2,13.9,91.9,13.7,4,2.0,19.99,0,Basic,Laptop,Debit Card,True,False,False,False,High,Low,-1.42,No
SV503670,39,28.3,5.1,58.7,23.7,1,1.0,12.99,0,Standard,SmartTV,PayPal,True,True,False,False,Medium,High,-4.47,No
SV502619,52,3.9,18.9,41.5,5.6,4,2.0,12.99,0,Premium,Laptop,Debit Card,False,False,True,True,High,High,0.66,No
SV503897,54,27.1,2.9,67.3,5.4,2,2.0,12.99,0,Premium,SmartTV,PayPal,True,False,False,False,Medium,High,4.74,No
SV503946,48,24.5,5.3,36.9,0.7,2,0.0,12.99,0,Premium,Mobile,Credit Card,False,True,False,True,Medium,High,-16.33,No
SV500765,16,10.7,7.0,64.4,27.6,3,1.0,8.99,10,Basic,SmartTV,Credit Card,True,False,False,True,Medium,High,-6.88,No
SV502102,26,6.8,8.9,85.2,9.0,4,1.0,8.99,0,Basic,Tablet,PayPal,True,False,False,True,High,Medium,-22.35,No
SV503229,18,8.7,11.2,55.4,13.1,1,0.0,8.99,20,Premium,Laptop,Credit Card,True,False,True,True,Medium,High,-17.01,No
SV501078,28,29.0,8.2,10.7,9.5,2,2.0,15.99,0,Premium,Laptop,Credit Card,True,False,False,True,Low,Medium,-2.75,No
SV502659,39,9.0,6.2,27.7,16.7,5,1.0,8.99,20,Basic,SmartTV,PayPal,True,False,True,False,Medium,Medium,22.39,Yes
SV503742,16,20.4,22.2,57.4,8.4,5,1.0,19.99,0,Family,Tablet,Credit Card,True,False,True,False,High,High,-26.42,No
SV502044,19,30.4,9.3,47.3,4.7,3,3.0,8.99,10,Premium,Mobile,Credit Card,True,False,True,False,Medium,Medium,-12.91,No
SV502066,45,13.0,5.0,37.3,12.3,4,0.0,15.99,0,Premium,Laptop,Credit Card,True,False,True,False,Low,High,-25.41,No
SV500582,31,15.5,9.2,12.2,9.2,3,1.0,12.99,30,Premium,SmartTV,Debit Card,True,False,True,False,Medium,High,-18.19,No
SV502123,35,14.5,4.5,57.9,16.3,1,2.0,19.99,10,Family,Laptop,Debit Card,True,False,False,False,Medium,Medium,-3.03,No
SV503528,17,40.3,2.3,71.9,2.7,5,0.0,15.99,0,Premium,Mobile,PayPal,True,True,False,False,Medium,High,-5.43,No
SV503616,47,10.6,12.6,38.6,5.5,4,0.0,8.99,50,Basic,Mobile,Debit Card,True,True,True,True,High,High,-27.78,No
SV500940,36,10.2,7.9,77.6,10.4,3,1.0,12.99,0,Standard,Mobile,Gift Card,False,False,True,True,Medium,High,-1.78,No
SV501080,37,1.5,3.6,56.4,10.8,4,1.0,15.99,0,Standard,Mobile,Credit Card,True,True,True,True,Low,High,13.72,Yes
SV500187,21,3.2,3.5,18.9,21.1,2,0.0,8.99,0,Family,SmartTV,PayPal,False,False,True,True,Low,High,12.79,Yes
SV503105,34,14.1,9.7,27.3,1.4,2,0.0,15.99,0,Premium,Mobile,PayPal,True,True,False,True,Medium,High,-15.59,No
SV502310,43,27.7,4.7,35.9,17.2,1,0.0,8.99,10,Basic,Mobile,Credit Card,True,False,False,True,Medium,High,-26.09,No
SV502676,51,16.3,3.2,57.7,12.1,5,3.0,8.99,10,Premium,Mobile,PayPal,True,False,False,True,Medium,High,-15.85,No
SV503094,54,20.6,8.6,62.6,4.7,5,0.0,12.99,50,Premium,Mobile,PayPal,True,True,False,True,Medium,High,3.74,No
SV503819,31,11.7,5.3,43.8,11.2,4,2.0,12.99,20,Standard,SmartTV,Credit Card,True,False,True,True,Medium,Medium,-3.16,No
SV501600,33,26.9,5.3,8.3,9.6,2,2.0,15.99,0,Premium,Tablet,Credit Card,True,True,False,True,Low,High,2.54,No
SV503856,21,2.9,11.4,66.8,2.5,3,2.0,8.99,30,Basic,Laptop,Credit Card,True,False,False,True,Medium,Medium,-7.96,No
SV500226,62,15.2,2.0,33.0,4.6,4,2.0,8.99,30,Standard,SmartTV,Debit Card,True,False,True,False,Low,High,6.04,Yes
SV501612,34,13.0,6.1,77.9,0.6,1,1.0,19.99,30,Premium,Mobile,PayPal,True,False,False,True,Medium,High,0.54,No
SV500535,41,15.9,5.2,42.7,14.2,5,2.0,19.99,20,Standard,Mobile,Debit Card,True,False,False,False,Medium,,26.39,Yes
SV503848,44,40.3,3.7,80.5,5.5,2,2.0,8.99,0,Standard,Mobile,PayPal,False,True,False,True,Medium,High,-12.21,No
SV503215,39,32.8,9.2,50.2,5.0,5,1.0,12.99,20,Standard,Tablet,PayPal,True,True,False,True,Medium,Medium,-8.68,No
SV503126,34,11.7,1.5,20.3,4.4,2,3.0,12.99,0,Standard,SmartTV,Debit Card,False,True,False,True,Low,Low,38.4,Yes
SV500697,23,8.5,3.9,46.1,35.5,3,1.0,12.99,0,Basic,SmartTV,Debit Card,True,True,False,False,Medium,Medium,-3.31,No
SV503613,29,20.8,0.3,75.9,9.8,5,1.0,8.99,0,Premium,Mobile,Credit Card,True,False,False,False,Low,,-0.14,No
SV502374,30,18.4,6.4,52.1,5.8,4,1.0,12.99,10,Basic,Laptop,Debit Card,True,False,False,True,Medium,Medium,3.94,No
SV501777,36,20.0,4.8,61.2,13.8,5,1.0,15.99,20,Standard,Tablet,Credit Card,True,False,True,True,Low,High,-4.91,No
SV503624,33,5.4,3.4,61.1,5.7,2,0.0,15.99,30,Standard,SmartTV,Credit Card,True,True,True,False,Medium,High,2.12,No
SV502804,25,11.2,12.8,23.5,3.6,5,2.0,8.99,20,Basic,SmartTV,Credit Card,True,False,False,True,High,Medium,-13.65,No
SV501037,28,16.1,3.9,52.8,2.7,4,1.0,8.99,30,Basic,Laptop,Gift Card,True,True,False,False,Medium,High,-11.8,No
SV500208,24,25.5,3.2,67.2,11.8,5,3.0,8.99,10,Premium,Laptop,Credit Card,True,False,False,True,Low,Medium,0.58,No
SV501846,34,33.3,4.4,37.8,7.2,5,1.0,19.99,0,Standard,Laptop,Credit Card,True,False,False,False,Medium,Medium,21.8,Yes
SV500565,42,8.2,6.5,35.4,14.2,5,2.0,8.99,0,Basic,Mobile,Credit Card,True,False,True,True,Medium,,2.68,No
SV500313,39,8.5,6.9,39.1,5.3,5,0.0,15.99,50,Premium,Mobile,Debit Card,True,False,False,False,Medium,High,-0.88,No
SV500601,28,5.8,16.2,29.7,0.2,2,4.0,15.99,0,Family,SmartTV,PayPal,False,False,False,True,High,Medium,-18.15,No
SV500233,47,14.4,6.4,,10.9,4,2.0,19.99,30,Premium,Laptop,Credit Card,True,False,False,False,Low,High,2.84,No
SV501260,45,20.3,2.9,58.4,2.8,5,3.0,19.99,0,Standard,Mobile,Debit Card,True,False,False,True,Medium,High,-1.38,No
SV500931,39,29.2,1.9,49.8,10.6,1,3.0,15.99,10,Premium,Mobile,PayPal,True,True,False,False,Low,High,6.86,Yes
SV503220,50,6.3,5.6,52.6,49.8,4,1.0,12.99,10,Family,SmartTV,Credit Card,True,False,True,True,Medium,High,-11.94,No
SV501723,55,15.1,4.7,80.3,11.4,2,2.0,12.99,20,Basic,Mobile,Credit Card,False,False,False,False,Medium,High,-14.39,No
SV500111,37,42.9,4.6,78.1,26.9,1,4.0,8.99,20,Standard,SmartTV,Credit Card,True,False,False,True,Low,Medium,9.53,Yes
SV502704,36,10.9,2.9,49.1,11.2,2,2.0,8.99,30,Basic,Tablet,PayPal,True,True,False,False,Medium,Medium,-7.11,No
SV501089,31,24.2,14.8,66.6,9.5,2,2.0,19.99,10,Standard,Mobile,Credit Card,True,False,True,True,Medium,Medium,0.83,No
SV502742,25,16.2,2.3,50.5,0.3,1,1.0,12.99,0,Standard,SmartTV,Credit Card,True,False,False,True,Low,High,-1.79,No
SV502028,36,24.8,13.0,23.9,0.0,5,2.0,8.99,0,Basic,Laptop,Debit Card,True,False,False,True,High,Medium,-4.64,No
SV503944,48,13.4,11.0,36.9,14.3,3,0.0,8.99,10,Premium,Laptop,PayPal,True,False,False,True,High,High,-25.53,No
SV501743,20,4.2,8.1,18.9,1.0,4,4.0,15.99,0,Premium,Laptop,Credit Card,True,False,False,False,Low,Medium,28.23,Yes
SV500472,31,45.5,16.1,49.9,7.7,5,0.0,15.99,50,Premium,Mobile,PayPal,True,True,False,True,High,High,-39.25,No
SV502096,44,15.0,25.7,64.1,21.3,1,0.0,12.99,0,Standard,SmartTV,Debit Card,False,False,False,False,High,High,-13.64,No
SV503732,65,42.1,20.7,23.0,13.2,5,2.0,8.99,0,Standard,Mobile,Credit Card,True,False,True,False,High,Medium,-13.53,No
SV501786,46,14.7,5.5,64.5,5.9,4,2.0,12.99,0,Basic,SmartTV,Gift Card,True,False,False,True,Low,High,-18.02,No
SV503276,45,8.4,13.0,50.4,24.3,4,0.0,12.99,50,Standard,Laptop,Credit Card,True,False,False,False,High,High,-21.68,No
SV501373,16,7.7,3.3,4.0,7.6,3,2.0,12.99,0,Premium,Laptop,Debit Card,True,True,False,False,Medium,Medium,6.97,Yes
SV503703,25,6.2,9.6,57.2,12.6,4,4.0,12.99,0,Basic,SmartTV,Credit Card,True,False,False,True,Medium,Medium,-3.42,No
SV500361,38,7.4,14.9,57.2,9.9,1,0.0,8.99,20,Family,Mobile,PayPal,True,True,True,True,High,High,-38.69,No
SV500135,23,7.5,7.0,65.5,6.4,5,2.0,12.99,0,Standard,Laptop,Credit Card,False,True,True,True,Medium,High,-16.67,No
SV501134,32,5.2,16.7,49.1,3.9,3,0.0,19.99,20,Family,Mobile,Debit Card,True,False,False,True,High,High,-21.48,No
SV501151,45,9.5,7.7,52.7,3.9,5,0.0,12.99,0,Standard,Mobile,Credit Card,False,True,False,False,Medium,High,-3.81,No
SV502468,41,9.0,11.5,24.5,1.5,3,1.0,8.99,0,Family,Mobile,Debit Card,False,False,True,True,Medium,High,-21.23,No
SV501053,61,21.1,4.8,67.2,10.0,1,1.0,12.99,30,Family,Laptop,Debit Card,True,False,True,False,Medium,Medium,-10.57,No
SV503316,32,4.5,3.9,70.6,21.1,5,1.0,8.99,10,Standard,Tablet,PayPal,False,False,False,False,Low,High,17.11,Yes
SV500022,47,6.4,3.6,51.8,5.0,1,3.0,12.99,0,Standard,Tablet,Credit Card,False,False,False,True,Medium,High,-39.3,No
SV501972,35,3.3,0.6,47.8,3.3,4,,8.99,0,Standard,SmartTV,PayPal,False,False,False,True,Low,High,16.09,Yes
SV502952,31,4.3,31.9,50.4,9.1,4,1.0,19.99,20,Standard,Mobile,Debit Card,True,False,True,True,High,High,-1.09,No
SV501652,40,10.5,8.7,34.3,5.8,3,1.0,12.99,10,Premium,Laptop,Credit Card,True,False,False,True,Medium,High,-11.0,No
SV500695,25,11.6,4.4,27.3,4.9,2,0.0,15.99,50,Basic,Mobile,Credit Card,True,False,True,False,Low,High,32.76,Yes
SV500420,35,10.3,3.1,71.7,13.1,4,1.0,8.99,20,Standard,SmartTV,Credit Card,True,False,False,False,Medium,Medium,-6.72,No
SV503949,34,10.2,3.0,28.0,2.2,3,1.0,15.99,10,Basic,Mobile,Gift Card,True,False,True,True,Low,High,15.69,Yes
SV500460,37,9.8,12.8,33.0,10.5,3,3.0,15.99,0,Basic,SmartTV,PayPal,True,False,False,False,Medium,High,4.41,No
SV501067,39,28.9,6.3,41.8,4.5,1,0.0,15.99,0,Basic,Mobile,PayPal,False,True,False,False,Medium,High,-0.81,No
SV500087,34,7.9,3.7,39.1,11.9,2,1.0,15.99,20,Family,Laptop,Debit Card,True,False,False,False,Low,High,11.56,Yes
SV500282,44,19.6,31.0,58.4,0.2,2,0.0,8.99,0,Basic,Laptop,Gift Card,True,True,False,False,High,Medium,6.2,Yes
SV502998,43,22.4,0.9,75.9,13.1,4,1.0,19.99,0,Family,SmartTV,Credit Card,True,False,False,False,Low,Medium,11.06,Yes
SV501313,38,38.3,2.7,31.3,3.4,3,1.0,15.99,10,Premium,Mobile,Debit Card,False,False,False,True,Medium,High,18.5,Yes
SV501407,41,19.4,7.3,51.8,0.5,5,1.0,8.99,0,Family,Laptop,Debit Card,True,False,True,False,High,High,-19.15,No
SV503794,18,15.8,7.2,27.7,3.9,3,1.0,12.99,10,Basic,SmartTV,Credit Card,True,True,True,False,Medium,High,19.98,Yes
SV502112,44,20.1,1.3,64.7,9.6,2,2.0,8.99,20,Family,Laptop,Credit Card,False,False,True,True,Low,Medium,-12.24,No
SV500859,41,23.1,6.0,48.3,2.9,2,0.0,19.99,10,Family,Mobile,PayPal,True,False,False,False,Low,Medium,20.94,Yes
SV500533,39,15.4,3.9,37.6,6.3,2,1.0,19.99,30,Basic,Mobile,PayPal,False,False,True,False,Medium,High,18.86,Yes
SV503509,23,20.6,4.8,46.2,0.4,5,1.0,12.99,20,Family,Mobile,Credit Card,True,False,True,True,Medium,High,-12.52,No
SV503783,49,14.3,5.3,75.3,8.9,3,0.0,15.99,30,Premium,SmartTV,Gift Card,True,True,True,False,Medium,High,-12.66,No
SV501419,34,20.1,10.1,69.5,5.6,5,2.0,19.99,0,Standard,Mobile,Debit Card,True,False,False,True,Medium,Medium,-3.26,No
SV503395,41,5.6,6.3,97.2,6.3,3,2.0,15.99,20,Standard,SmartTV,Gift Card,False,False,False,False,Medium,Medium,9.2,Yes
SV503168,24,18.4,2.0,48.3,5.3,5,0.0,15.99,0,Basic,Mobile,Credit Card,True,False,True,False,Low,High,24.88,Yes
SV502800,31,15.0,7.1,41.1,2.5,3,0.0,12.99,50,Family,Laptop,Credit Card,True,False,False,True,Medium,High,-7.37,No
SV503371,17,21.6,5.5,43.9,4.4,3,1.0,15.99,0,Standard,Laptop,PayPal,True,False,True,False,Low,High,-12.06,No
SV503938,35,18.0,5.7,49.9,1.1,5,1.0,12.99,20,Basic,Laptop,PayPal,True,True,False,True,Low,High,-1.58,No
SV502898,25,3.9,3.1,51.0,15.4,3,1.0,8.99,0,Standard,Mobile,Debit Card,True,False,True,True,Low,High,31.7,Yes
SV501644,18,30.8,9.0,53.4,21.4,4,1.0,12.99,0,Standard,Mobile,Gift Card,True,True,False,True,Medium,High,-4.88,No
SV501412,17,13.6,4.0,45.5,29.9,1,1.0,15.99,10,Standard,Mobile,Debit Card,False,False,False,True,Low,Medium,28.55,Yes
SV503908,23,33.7,4.7,18.4,0.4,5,0.0,12.99,0,Premium,Mobile,Credit Card,False,True,True,True,Medium,High,-19.27,No
SV502297,26,16.1,3.7,27.0,31.1,1,2.0,8.99,0,Premium,SmartTV,PayPal,True,False,False,True,Low,Medium,4.16,No
SV500942,39,11.9,7.6,10.5,0.4,1,2.0,15.99,0,Premium,Laptop,Credit Card,True,False,True,False,Medium,High,-14.98,No
SV502251,33,16.1,8.9,49.2,13.2,2,0.0,15.99,50,Basic,Tablet,Gift Card,False,False,False,True,Medium,High,12.64,Yes
SV503904,16,7.4,3.9,66.9,1.0,1,1.0,12.99,20,Family,Mobile,Credit Card,True,False,False,False,Low,High,-0.04,No
SV501651,48,13.7,3.0,53.7,14.2,3,75.0,8.99,0,Standard,Laptop,Credit Card,True,False,False,False,Low,High,-10.5,No
SV502215,34,37.8,7.0,54.6,11.6,5,0.0,19.99,0,Standard,Mobile,Gift Card,True,False,False,False,Medium,High,2.48,No
SV502246,17,14.6,9.5,20.1,0.7,1,0.0,12.99,0,Basic,Laptop,PayPal,True,True,False,True,Medium,High,-12.56,No
SV500121,36,15.4,18.9,32.1,0.3,1,0.0,19.99,20,Premium,Laptop,Gift Card,False,True,True,True,High,High,-22.04,No
SV500887,29,19.1,2.3,57.9,2.5,5,2.0,8.99,0,Standard,Mobile,Debit Card,False,False,False,False,Medium,Low,-3.36,No
SV502834,39,14.6,2.4,40.8,9.8,4,3.0,19.99,0,Standard,SmartTV,PayPal,True,False,True,True,Low,Medium,17.86,Yes
SV500685,29,14.3,5.1,81.8,5.2,2,3.0,19.99,0,Family,Laptop,Credit Card,False,True,False,True,Medium,Medium,-10.38,No
SV502958,36,0.5,3.5,66.1,0.7,5,,15.99,0,Premium,SmartTV,PayPal,True,True,True,False,Medium,Medium,21.79,Yes
SV500413,42,14.8,0.7,11.9,9.9,4,2.0,15.99,10,Premium,Mobile,Gift Card,True,False,True,True,Low,Medium,8.75,Yes
SV500789,32,20.8,4.3,27.5,7.9,3,2.0,12.99,10,Basic,SmartTV,Credit Card,True,True,False,False,Medium,Low,15.97,Yes
SV502189,40,10.9,12.6,43.7,9.5,3,0.0,15.99,0,Basic,Mobile,Credit Card,True,False,True,True,Medium,High,0.44,No
SV501569,17,9.4,11.5,47.5,0.6,5,1.0,19.99,10,Standard,Mobile,Credit Card,False,True,False,True,Medium,Medium,2.29,No
SV501803,29,10.8,3.0,52.5,0.5,3,0.0,15.99,20,Family,Mobile,Credit Card,False,False,True,False,Medium,High,-24.34,No
SV503849,25,12.4,5.9,43.4,7.2,1,0.0,8.99,0,Basic,Tablet,PayPal,True,False,False,False,Medium,High,-12.32,No
SV501392,28,32.8,3.8,43.4,1.3,5,3.0,19.99,30,Basic,SmartTV,Credit Card,True,False,False,True,High,High,-12.88,No
SV502138,38,10.6,6.3,40.7,12.0,2,0.0,15.99,0,Standard,SmartTV,Gift Card,False,True,False,False,Medium,High,-6.14,No
SV500272,33,18.8,11.0,49.9,7.7,5,1.0,19.99,0,Premium,Laptop,PayPal,True,True,False,False,High,High,-19.66,No
SV502591,58,11.9,12.4,35.1,3.0,1,2.0,8.99,0,Standard,SmartTV,Credit Card,False,False,False,False,High,High,-23.87,No
SV500521,24,26.7,14.9,69.0,13.7,1,1.0,12.99,0,Basic,SmartTV,PayPal,True,False,False,False,Medium,Medium,12.47,Yes
SV500522,49,14.4,23.1,69.1,20.0,2,0.0,12.99,20,Standard,SmartTV,PayPal,False,False,True,True,High,High,-13.45,No
SV503236,46,15.8,6.2,,17.9,4,2.0,19.99,0,Standard,Laptop,Credit Card,True,False,True,False,Low,Low,12.28,Yes
SV501912,40,34.8,4.3,68.1,5.0,2,2.0,12.99,20,Standard,Tablet,Gift Card,True,True,False,True,Low,Medium,29.26,Yes
SV500350,38,4.5,12.5,41.4,1.0,4,0.0,15.99,10,Family,SmartTV,Debit Card,True,True,True,True,Medium,High,-28.86,No
SV501618,38,33.1,3.7,54.4,14.2,5,3.0,15.99,0,Standard,Mobile,PayPal,False,False,False,True,Low,Low,43.66,Yes
SV501861,22,13.6,5.5,5.6,4.8,3,3.0,12.99,0,Premium,SmartTV,Debit Card,True,True,False,False,Medium,Medium,-5.9,No
SV503106,42,24.2,9.0,38.9,10.5,1,1.0,12.99,0,Basic,SmartTV,PayPal,True,True,True,False,High,High,0.06,No
SV501961,27,25.8,2.4,50.2,8.3,5,0.0,15.99,10,Standard,Laptop,Credit Card,True,False,False,True,Low,High,3.44,No
SV500651,32,28.6,2.2,53.5,17.9,3,0.0,12.99,0,Basic,Tablet,PayPal,True,False,True,True,Low,High,22.03,Yes
SV502411,51,5.9,12.2,,17.7,4,4.0,8.99,0,Standard,SmartTV,Credit Card,True,True,False,True,High,Medium,-4.69,No
SV503442,35,6.2,1.4,56.8,3.2,2,1.0,15.99,0,Family,Tablet,PayPal,True,False,False,False,Low,Medium,14.44,Yes
SV503700,33,21.7,13.7,81.5,18.9,2,0.0,8.99,10,Standard,Tablet,Debit Card,True,False,True,False,High,High,-30.22,No
SV501446,60,5.9,5.2,65.7,26.4,1,1.0,15.99,0,Standard,Mobile,Credit Card,True,True,True,True,Low,High,10.82,Yes
SV501953,27,2.7,4.3,52.6,0.3,2,0.0,12.99,0,Basic,Tablet,Credit Card,False,False,False,False,Medium,High,-8.03,No
SV503734,35,13.9,9.3,41.3,10.4,4,1.0,8.99,30,Premium,Mobile,Credit Card,True,False,False,True,Medium,High,-15.29,No
SV502328,36,12.8,10.0,73.2,3.8,1,0.0,12.99,50,Premium,Mobile,Credit Card,True,False,False,True,High,High,-33.09,No
SV500168,32,40.7,3.7,52.6,2.5,3,0.0,15.99,10,Premium,Mobile,Credit Card,False,True,True,False,Low,High,2.46,No
SV503706,32,1.7,3.1,57.7,9.7,4,0.0,19.99,0,Premium,Mobile,Debit Card,True,False,False,True,Medium,High,0.05,No
SV500962,23,25.0,9.7,11.6,0.1,2,2.0,15.99,0,Standard,SmartTV,Credit Card,True,True,True,True,Medium,Low,14.22,Yes
SV500945,30,17.2,11.8,26.5,2.8,2,1.0,15.99,0,Basic,SmartTV,Debit Card,False,True,True,True,Medium,High,-3.59,No
SV500462,17,19.5,3.6,52.9,5.9,2,1.0,12.99,0,Family,Mobile,PayPal,True,True,False,True,Medium,High,-4.79,No
SV503427,40,58.4,5.1,83.8,8.0,4,3.0,12.99,0,Basic,Laptop,Credit Card,True,False,False,False,Low,High,-11.92,No
SV500328,21,14.8,11.3,22.4,17.7,1,3.0,15.99,0,Basic,Mobile,Credit Card,True,False,False,False,Medium,Medium,8.18,Yes
SV501657,16,14.8,11.4,34.3,9.1,2,2.0,19.99,20,Premium,Laptop,Credit Card,True,True,False,True,Medium,Medium,-1.2,No
SV502258,46,18.6,4.2,33.2,0.3,4,2.0,8.99,0,Standard,Mobile,PayPal,True,True,True,True,Low,High,2.67,No
SV502691,23,3.4,3.4,67.3,9.1,5,2.0,15.99,0,Basic,Mobile,PayPal,True,False,False,False,Medium,High,38.94,Yes
SV502303,29,9.3,4.8,42.4,34.2,5,1.0,8.99,0,Standard,SmartTV,Credit Card,True,True,True,False,Medium,High,-15.2,No
SV500367,25,0.5,7.5,38.5,0.9,3,2.0,8.99,0,Premium,Tablet,Credit Card,True,False,True,True,Low,High,-6.33,No
SV503451,42,60.0,15.5,3.0,17.4,2,3.0,8.99,0,Premium,SmartTV,PayPal,True,False,False,False,High,Low,11.85,Yes
SV503014,45,4.0,4.3,49.7,8.8,3,1.0,15.99,0,Standard,Mobile,Credit Card,True,False,False,True,Medium,High,14.85,Yes
SV502833,23,38.0,6.7,15.3,10.1,1,0.0,15.99,0,Standard,Tablet,Debit Card,True,True,False,False,Medium,High,6.92,Yes
SV503125,40,35.4,7.4,33.2,3.1,5,2.0,12.99,10,Standard,Mobile,Gift Card,True,True,False,False,Low,High,24.09,Yes
SV500772,37,12.5,0.9,82.0,7.0,2,2.0,15.99,0,Basic,SmartTV,Credit Card,True,True,False,False,Low,Medium,21.52,Yes
SV501284,35,21.0,1.7,55.5,8.8,2,0.0,12.99,20,Standard,Tablet,PayPal,True,False,False,True,Low,High,9.23,Yes
SV502536,24,9.5,5.9,66.1,3.3,3,3.0,12.99,50,Basic,SmartTV,Credit Card,True,True,False,False,Medium,Medium,-0.17,No
SV503578,40,10.8,12.4,90.9,2.5,3,3.0,19.99,0,Basic,SmartTV,Credit Card,True,True,True,True,High,Medium,17.92,Yes
SV503138,40,12.2,9.0,44.6,21.9,4,1.0,15.99,10,Standard,SmartTV,Credit Card,True,False,False,True,Medium,High,-15.39,No
SV500498,16,3.7,9.6,47.1,4.4,1,0.0,12.99,10,Premium,Laptop,PayPal,False,False,True,False,Medium,High,-19.01,No
SV501234,38,35.5,2.8,3.0,6.6,4,0.0,12.99,10,Basic,SmartTV,Credit Card,True,False,False,True,Low,High,-11.21,No
SV501512,44,9.0,13.0,3.0,1.8,4,1.0,12.99,0,Family,Mobile,Credit Card,False,False,True,False,High,Medium,-12.61,No
SV500435,27,3.6,9.3,75.2,15.0,3,0.0,8.99,0,Premium,Tablet,Debit Card,True,False,False,True,Medium,High,10.68,Yes
SV501251,51,16.4,4.6,73.1,23.4,5,0.0,12.99,50,Family,SmartTV,PayPal,True,False,False,False,Medium,Medium,-14.05,No
SV500365,50,27.5,4.1,33.3,11.2,2,1.0,8.99,10,Premium,Mobile,Credit Card,True,False,True,True,Medium,High,1.73,No
SV501366,22,47.9,6.4,67.3,5.4,2,1.0,15.99,10,Basic,Mobile,Debit Card,False,False,True,False,Medium,High,15.85,Yes
SV500276,26,15.2,14.4,8.2,0.2,1,1.0,12.99,0,Basic,Mobile,Debit Card,True,False,False,False,High,Medium,3.19,No
SV502639,28,13.3,9.8,75.2,2.1,3,1.0,19.99,50,Standard,Mobile,Debit Card,True,True,False,True,High,High,-23.68,No
SV503767,39,16.3,1.1,30.5,7.8,2,0.0,12.99,0,Standard,Mobile,Gift Card,True,False,False,True,Low,High,4.2,No
SV503439,55,34.1,7.7,45.2,9.5,4,2.0,8.99,0,Standard,Mobile,Credit Card,True,True,False,False,High,Medium,-15.39,No
SV500407,43,20.3,4.9,21.0,0.1,4,1.0,15.99,30,Basic,Laptop,Debit Card,True,False,False,False,Medium,High,3.07,No
SV501468,18,3.9,1.5,31.7,2.9,3,2.0,12.99,10,Basic,Tablet,Credit Card,True,False,False,False,Low,High,8.43,Yes
SV503363,24,10.0,13.1,31.6,6.1,2,0.0,12.99,0,Standard,Laptop,Credit Card,False,False,True,False,High,High,-20.85,No
SV503677,41,4.0,11.8,53.2,3.2,5,0.0,8.99,20,Premium,SmartTV,Credit Card,True,False,True,True,Medium,High,-28.14,No
SV500844,35,15.3,6.6,53.8,7.5,2,1.0,12.99,30,Premium,SmartTV,Credit Card,False,True,True,False,Medium,Medium,7.82,Yes
SV501910,25,22.4,7.5,,25.9,5,1.0,15.99,0,Premium,Laptop,PayPal,True,False,False,False,High,High,-22.13,No
SV503311,41,29.1,5.3,30.8,2.8,3,0.0,8.99,30,Premium,Laptop,Debit Card,True,True,False,True,Low,High,-12.56,No
SV500086,29,23.2,2.8,51.3,8.4,2,0.0,12.99,30,Basic,Tablet,Credit Card,True,True,False,True,Medium,High,-7.23,No
SV501543,33,14.0,3.0,39.9,19.2,3,1.0,12.99,0,Premium,Laptop,Credit Card,False,False,True,False,Low,Medium,11.85,Yes
SV502045,23,7.3,4.4,18.4,0.7,3,1.0,12.99,50,Standard,Mobile,Credit Card,False,True,True,True,Medium,High,-22.42,No
SV502071,19,9.3,4.1,60.6,6.4,4,1.0,19.99,0,Basic,Laptop,Credit Card,True,False,True,False,Low,Low,26.04,Yes
SV502364,62,1.3,9.6,39.6,5.7,3,2.0,8.99,30,Premium,Mobile,Credit Card,True,True,False,True,Medium,Medium,17.29,Yes
SV501849,41,11.8,9.6,67.5,0.4,2,1.0,8.99,0,Basic,Tablet,Gift Card,True,False,False,True,High,,2.83,No
SV500855,34,24.0,14.7,,1.0,1,0.0,8.99,0,Basic,Laptop,Debit Card,True,False,False,False,High,High,-15.62,No
SV503956,26,7.4,11.7,69.0,25.5,1,0.0,19.99,20,Standard,Mobile,PayPal,True,False,False,True,High,High,-15.92,No
SV500078,41,9.4,10.5,38.2,6.6,5,0.0,12.99,0,Standard,Tablet,Credit Card,True,True,False,False,Medium,High,-20.35,No
SV500944,37,17.2,8.7,35.4,12.4,1,2.0,12.99,0,Family,Mobile,Debit Card,False,False,True,False,Medium,High,4.27,No
SV500199,32,5.1,18.5,39.1,8.8,3,1.0,8.99,0,Standard,SmartTV,PayPal,True,True,False,False,High,High,-26.39,No
SV502063,38,13.6,8.8,44.8,0.2,4,0.0,19.99,0,Basic,SmartTV,Debit Card,True,False,False,True,Medium,High,12.36,Yes
SV501616,66,31.0,9.6,49.8,2.1,3,0.0,15.99,10,Family,Tablet,PayPal,True,True,False,True,High,High,-29.34,No
SV500801,22,9.4,5.4,38.7,48.6,5,2.0,12.99,10,Family,Tablet,Credit Card,True,False,False,True,Low,High,9.14,Yes
SV502405,16,24.4,11.7,16.0,4.2,3,1.0,15.99,10,Standard,SmartTV,PayPal,False,True,False,False,Medium,Medium,18.52,Yes
SV502390,16,11.3,4.8,21.8,2.4,3,2.0,12.99,0,Basic,Laptop,Credit Card,True,False,True,False,Low,,33.53,Yes
SV501983,31,7.1,11.2,52.4,35.5,2,2.0,19.99,20,Premium,Laptop,Credit Card,True,False,False,False,High,Medium,-8.56,No
SV502912,34,21.8,5.2,58.3,17.6,3,1.0,12.99,0,Family,Mobile,PayPal,True,False,True,True,Low,Medium,3.88,No
SV500231,28,12.1,4.7,82.5,12.5,2,1.0,8.99,10,Premium,Mobile,Credit Card,False,False,False,True,Low,High,-2.35,No
SV501406,37,26.0,9.9,33.1,14.6,4,1.0,12.99,50,Basic,Mobile,Gift Card,True,False,False,False,Medium,Medium,20.87,Yes
SV502004,19,10.0,2.2,47.3,21.6,5,2.0,12.99,30,Basic,SmartTV,PayPal,False,True,False,False,Medium,High,-4.74,No
SV503346,37,13.1,9.0,66.6,0.8,2,2.0,8.99,0,Family,SmartTV,Debit Card,True,False,False,False,Medium,High,-20.41,No
SV502650,22,7.4,2.7,42.3,9.0,4,2.0,8.99,10,Standard,Tablet,Credit Card,True,False,True,False,Low,Medium,2.93,No
SV502247,26,5.1,3.0,26.5,0.0,4,1.0,12.99,0,Family,Laptop,Gift Card,True,True,False,False,Medium,Medium,30.46,Yes
SV502426,57,39.2,6.0,62.9,1.9,1,3.0,8.99,0,Family,Mobile,Credit Card,True,False,False,False,Medium,High,-18.14,No
SV502928,19,51.3,1.1,21.0,13.2,1,1.0,15.99,0,Family,SmartTV,Credit Card,True,False,False,False,Medium,High,5.9,Yes
SV501627,51,11.7,0.6,45.4,36.2,3,0.0,12.99,50,Standard,Mobile,Debit Card,True,True,False,True,Low,High,5.08,Yes
SV503817,36,10.6,3.7,59.5,39.2,1,2.0,19.99,0,Standard,Laptop,Credit Card,True,True,False,True,Low,High,11.32,Yes
SV501143,28,13.6,9.9,62.5,1.9,1,0.0,12.99,0,Standard,Laptop,Credit Card,True,True,False,True,Medium,,-18.63,No
SV503559,25,13.6,2.7,31.9,18.8,3,1.0,8.99,0,Family,Laptop,Credit Card,True,False,True,False,Medium,High,-10.28,No
SV500191,32,10.2,7.0,60.3,4.4,3,3.0,8.99,20,Premium,SmartTV,Credit Card,True,False,True,True,Medium,High,-31.9,No
SV500104,24,27.9,13.6,72.7,18.5,4,0.0,12.99,50,Standard,Laptop,Gift Card,True,True,False,True,High,High,-22.79,No
SV502951,42,22.6,20.1,55.7,0.7,4,1.0,19.99,0,Standard,Mobile,Credit Card,True,True,False,True,High,,0.4,No
SV503669,36,1.2,5.7,30.6,1.1,5,,8.99,0,Basic,Mobile,Credit Card,True,False,False,False,Low,Medium,22.84,Yes
SV502668,34,36.5,4.7,43.9,0.9,3,1.0,12.99,0,Standard,Laptop,PayPal,True,False,True,False,Medium,High,-0.29,No
SV501859,19,39.8,22.7,47.9,3.0,2,3.0,8.99,0,Basic,SmartTV,Credit Card,True,False,True,False,High,Medium,-10.84,No
SV502474,24,19.6,5.3,46.8,0.6,1,2.0,19.99,0,Standard,SmartTV,Debit Card,True,False,False,False,Medium,Medium,17.98,Yes
SV502227,40,20.2,2.0,35.7,8.0,5,3.0,8.99,0,Premium,Mobile,Credit Card,True,True,False,True,Medium,High,-8.9,No
SV503428,55,31.6,7.3,34.7,11.1,5,1.0,8.99,20,Standard,Mobile,PayPal,True,False,False,False,High,High,-25.16,No
SV503859,38,6.8,9.9,14.5,5.9,4,1.0,19.99,0,Standard,SmartTV,Debit Card,True,True,False,True,High,Medium,0.41,No
SV503045,30,24.4,2.5,41.4,6.7,5,0.0,12.99,0,Basic,SmartTV,Credit Card,False,False,False,True,Medium,High,-18.52,No
SV502407,30,38.5,2.4,76.7,0.9,2,1.0,12.99,0,Standard,Mobile,PayPal,True,False,True,False,Low,High,-2.57,No
SV502005,46,23.3,3.5,32.4,0.0,4,1.0,8.99,0,Family,Laptop,PayPal,True,False,False,True,Low,High,-19.94,No
SV502759,44,32.6,13.6,44.1,12.4,1,1.0,8.99,10,Basic,SmartTV,Credit Card,True,False,False,True,High,High,-50.19,No
SV503828,37,18.6,5.1,34.1,3.0,3,2.0,12.99,10,Basic,Mobile,Debit Card,True,True,False,True,Medium,High,-26.6,No
SV501915,16,7.8,5.3,57.7,21.0,2,0.0,12.99,0,Family,Mobile,Debit Card,True,False,False,True,Low,High,-5.62,No
SV503901,41,17.3,4.3,26.4,2.5,2,3.0,12.99,0,Basic,SmartTV,Credit Card,True,False,True,True,Medium,Medium,11.28,Yes
SV503056,29,20.9,7.3,62.8,7.7,3,0.0,15.99,10,Family,Mobile,PayPal,True,False,False,True,Medium,High,-20.17,No
SV501813,34,2.2,6.0,25.9,3.0,3,0.0,8.99,10,Standard,SmartTV,Debit Card,True,True,True,False,Medium,High,-0.79,No
SV503398,16,24.0,9.1,81.6,8.0,4,0.0,12.99,20,Premium,Mobile,Debit Card,True,True,False,True,High,High,-17.38,No
SV500994,33,35.8,7.0,69.6,6.3,3,2.0,12.99,0,Basic,Laptop,Credit Card,True,False,True,False,Medium,Medium,20.46,Yes
SV500464,22,2.5,7.2,18.4,46.9,3,1.0,8.99,10,Basic,Laptop,Credit Card,False,False,False,True,Medium,High,19.04,Yes
SV501499,21,11.7,6.8,67.2,17.7,3,1.0,12.99,0,Family,SmartTV,Gift Card,True,False,False,False,Medium,High,-6.51,No
SV503789,29,11.8,12.3,42.2,40.3,4,0.0,8.99,50,Basic,Tablet,PayPal,True,True,False,True,High,High,-27.69,No
SV503941,31,15.7,1.5,63.3,6.8,5,0.0,15.99,0,Standard,SmartTV,Credit Card,True,True,True,True,Low,High,13.98,Yes
SV502159,26,14.0,15.9,54.3,0.6,3,1.0,19.99,0,Basic,Laptop,Credit Card,True,False,False,True,High,High,-5.45,No
SV501236,34,15.9,2.6,26.1,4.6,2,0.0,8.99,30,Standard,Laptop,Credit Card,True,False,False,False,Medium,High,-21.97,No
SV502412,16,26.4,8.4,43.3,4.5,3,0.0,15.99,0,Standard,SmartTV,PayPal,True,True,True,False,Medium,High,-1.87,No
SV503522,31,8.0,3.4,33.8,19.8,3,0.0,15.99,30,Premium,Tablet,PayPal,True,True,True,True,Low,High,-11.04,No
SV500212,34,32.8,2.9,26.0,2.9,1,0.0,8.99,10,Basic,Mobile,Debit Card,True,True,True,True,Medium,High,18.49,Yes
SV501036,45,16.9,9.2,26.8,3.8,2,4.0,19.99,0,Family,Tablet,Gift Card,False,True,False,True,Medium,High,0.72,No
SV503868,37,30.9,4.2,55.5,12.0,2,2.0,12.99,0,Basic,Laptop,Gift Card,True,True,False,True,Medium,Low,18.36,Yes
SV500900,38,14.4,0.7,44.0,1.8,4,,12.99,0,Premium,SmartTV,Credit Card,True,False,False,True,Low,High,-9.8,No
SV501837,31,7.9,7.7,57.2,8.1,1,0.0,8.99,30,Premium,SmartTV,Credit Card,True,False,False,False,Low,High,-8.31,No
SV502815,28,16.6,8.1,60.6,4.5,2,2.0,19.99,0,Premium,SmartTV,Debit Card,True,False,False,False,Medium,High,-7.51,No
SV500741,47,26.5,6.1,45.0,0.7,2,2.0,19.99,0,Standard,Mobile,Credit Card,True,True,True,False,Low,Low,32.51,Yes
SV503705,31,24.8,3.9,62.4,12.3,4,3.0,8.99,0,Premium,SmartTV,Credit Card,False,True,False,False,Low,Low,32.25,Yes
SV503089,45,10.1,1.2,55.0,9.3,1,2.0,8.99,0,Premium,Mobile,Credit Card,True,True,True,False,Low,Medium,23.7,Yes
SV502667,31,3.0,2.8,46.8,3.1,5,2.0,19.99,0,Premium,Tablet,PayPal,True,False,True,True,Low,Medium,54.6,Yes
SV501206,26,4.0,7.3,7.9,15.9,4,0.0,12.99,0,Standard,SmartTV,PayPal,True,True,True,True,Medium,High,29.08,Yes
SV500509,39,2.8,3.9,41.5,4.2,4,1.0,15.99,0,Basic,Laptop,PayPal,True,True,False,False,Medium,High,20.0,Yes
SV500597,43,14.3,7.1,46.9,13.2,1,0.0,19.99,20,Standard,Mobile,Credit Card,True,False,False,True,Medium,High,-5.24,No
SV502996,21,8.1,4.1,47.1,6.1,5,0.0,12.99,0,Basic,SmartTV,Credit Card,True,True,False,False,Medium,High,-4.99,No
SV500981,17,27.1,7.0,64.6,31.5,5,,19.99,10,Standard,Laptop,Debit Card,True,False,False,True,Medium,Medium,13.82,Yes
SV502794,46,17.6,7.5,23.4,3.3,1,1.0,8.99,20,Basic,SmartTV,Debit Card,True,True,True,False,Medium,High,0.84,No
SV503516,39,41.0,13.4,63.7,14.8,1,1.0,12.99,10,Family,Tablet,Gift Card,False,False,False,False,High,High,-9.71,No
SV500518,44,5.8,3.8,39.6,0.9,4,0.0,19.99,10,Premium,Mobile,Debit Card,True,False,False,True,Medium,High,-3.22,No
SV501506,16,3.7,7.1,58.1,0.4,3,1.0,8.99,0,Family,SmartTV,PayPal,True,False,False,False,Medium,High,8.62,Yes
SV500767,28,26.6,4.3,64.9,6.1,5,0.0,15.99,10,Standard,Laptop,Debit Card,True,False,True,True,Medium,,-16.32,No
SV502636,30,6.5,8.6,54.0,2.9,4,0.0,12.99,0,Basic,Mobile,Gift Card,True,True,False,False,Medium,High,-18.61,No
SV502743,16,10.8,6.5,48.1,1.9,3,0.0,8.99,20,Basic,SmartTV,Credit Card,True,False,False,True,Medium,High,-15.13,No
SV500421,25,35.4,16.8,78.5,9.1,1,1.0,12.99,0,Standard,SmartTV,Debit Card,True,False,True,False,High,High,-13.3,No
SV500123,49,5.8,17.7,68.5,5.9,4,1.0,8.99,0,Basic,Laptop,Credit Card,True,False,True,True,High,High,-17.91,No
SV502741,41,11.8,14.1,28.1,0.2,3,1.0,15.99,20,Standard,SmartTV,Credit Card,True,False,False,False,High,Medium,-5.68,No
SV503754,31,36.1,8.1,51.6,13.3,4,2.0,8.99,0,Family,SmartTV,PayPal,True,False,False,True,Medium,High,-18.16,No
SV501808,34,12.1,11.2,51.5,13.8,1,1.0,12.99,0,Basic,Tablet,PayPal,True,True,False,False,High,High,-23.53,No
SV500819,21,24.1,13.3,,2.5,1,4.0,15.99,0,Family,SmartTV,Debit Card,True,True,False,True,Medium,Low,32.47,Yes
SV501403,29,13.6,5.0,18.4,2.1,4,0.0,12.99,0,Standard,SmartTV,Credit Card,True,True,True,True,Low,High,0.54,No
SV501382,31,27.8,5.9,29.5,3.6,3,1.0,8.99,0,Premium,SmartTV,Credit Card,True,True,False,True,Low,High,-6.25,No
SV500100,30,19.0,6.8,22.3,0.9,3,2.0,15.99,20,Premium,SmartTV,Debit Card,True,False,True,False,Medium,Low,-11.24,No
SV503513,46,6.4,2.0,61.2,8.8,5,1.0,15.99,20,Basic,Mobile,Gift Card,True,False,False,True,Low,High,14.91,Yes
SV501283,116,14.9,9.3,81.6,5.2,5,0.0,15.99,10,Standard,Laptop,Credit Card,True,True,True,False,Medium,High,0.3,No
SV503689,49,5.2,4.7,47.2,13.6,3,3.0,8.99,30,Premium,Mobile,PayPal,False,True,False,True,Low,Medium,4.77,No
SV503036,36,23.2,9.9,66.5,10.6,5,3.0,8.99,0,Premium,SmartTV,PayPal,True,False,True,True,Medium,Low,16.89,Yes
SV503490,21,33.2,10.6,28.5,1.0,5,1.0,15.99,10,Family,Mobile,Credit Card,True,False,False,True,Medium,High,7.94,Yes
SV501103,40,10.3,15.4,63.5,2.1,1,2.0,12.99,30,Standard,SmartTV,Credit Card,True,False,True,True,High,Medium,-10.04,No
SV502920,26,40.2,2.2,88.3,5.3,3,1.0,15.99,0,Standard,Laptop,PayPal,True,True,False,True,Low,High,3.36,No
SV503169,21,28.3,9.6,37.6,14.0,3,1.0,8.99,20,Basic,SmartTV,Credit Card,True,True,False,True,Medium,High,-17.53,No
SV503186,23,25.2,21.5,62.3,3.9,5,0.0,15.99,50,Standard,SmartTV,PayPal,True,True,True,True,High,High,-13.57,No
SV502860,18,44.7,3.6,24.9,8.8,4,1.0,12.99,10,Standard,SmartTV,Credit Card,True,True,False,False,Medium,High,-1.98,No
SV501352,20,7.6,2.6,51.7,7.1,4,1.0,19.99,10,Standard,Laptop,Credit Card,True,False,True,True,Medium,High,4.44,No
SV501564,24,7.5,1.4,61.8,2.8,1,0.0,8.99,20,Basic,Mobile,Credit Card,False,True,False,True,Medium,High,-7.81,No
SV503306,39,11.1,5.1,59.4,3.1,1,1.0,19.99,0,Basic,Mobile,Credit Card,False,False,False,False,Low,Medium,9.6,Yes
SV503076,34,14.9,4.8,47.8,0.8,1,0.0,15.99,0,Basic,SmartTV,Debit Card,True,False,False,True,Medium,High,-10.42,No
SV500982,37,30.8,7.4,82.8,13.1,1,3.0,12.99,0,Premium,Tablet,Debit Card,True,False,False,True,High,High,-27.95,No
SV500456,46,18.9,1.6,54.1,8.7,5,1.0,8.99,20,Standard,SmartTV,Credit Card,True,False,False,False,Low,High,1.88,No
SV503611,26,18.3,21.3,65.5,3.1,4,2.0,15.99,10,Basic,SmartTV,Credit Card,True,False,True,True,High,High,1.19,No
SV502949,47,14.5,1.2,66.5,23.0,1,0.0,12.99,0,Family,Mobile,Credit Card,True,False,False,True,Low,High,14.53,Yes
SV502820,17,2.7,3.7,31.5,9.0,4,0.0,8.99,10,Family,Mobile,Credit Card,True,False,True,True,Low,Medium,10.01,Yes
SV500381,48,5.8,1.5,19.1,4.0,5,1.0,8.99,0,Premium,Laptop,Debit Card,True,True,True,False,Medium,High,-9.83,No
SV503723,44,28.3,6.8,53.5,10.2,5,2.0,8.99,20,Basic,SmartTV,Credit Card,True,True,True,False,Medium,High,18.13,Yes
SV501882,29,5.5,2.9,46.9,13.9,4,1.0,15.99,10,Standard,SmartTV,Debit Card,True,False,False,True,Low,High,-7.61,No
SV503339,16,22.0,14.4,25.4,0.8,5,1.0,8.99,20,Basic,Mobile,Credit Card,True,False,False,False,High,High,-23.31,No
SV501010,20,2.9,6.4,44.6,9.0,5,0.0,12.99,50,Basic,Laptop,Gift Card,True,False,True,True,Medium,High,23.91,Yes
SV501592,32,18.1,17.7,97.9,0.4,2,0.0,12.99,10,Family,SmartTV,Debit Card,False,True,False,True,High,High,-32.24,No
SV503989,24,13.6,6.0,89.8,1.1,1,1.0,12.99,0,Family,SmartTV,Credit Card,True,True,False,False,Low,High,-2.38,No
SV500662,24,6.2,7.0,51.8,1.9,1,1.0,19.99,10,Standard,SmartTV,Gift Card,False,False,False,False,Medium,High,20.06,Yes
SV502628,25,16.9,10.0,50.4,9.2,2,1.0,12.99,50,Standard,Mobile,Credit Card,True,True,True,False,Medium,High,-4.81,No
SV503651,37,18.5,2.7,53.1,3.2,1,2.0,12.99,30,Basic,Mobile,Debit Card,True,False,False,True,Medium,High,-11.17,No
SV503619,31,38.8,8.8,77.0,5.2,2,3.0,12.99,30,Standard,Laptop,Credit Card,True,False,False,False,Medium,High,0.92,No
SV501789,45,2.3,1.9,63.0,19.4,5,0.0,12.99,0,Standard,Mobile,PayPal,True,True,True,True,Low,High,36.79,Yes
SV502987,51,27.5,2.5,29.8,1.9,5,0.0,8.99,0,Basic,Laptop,Credit Card,False,True,False,True,Low,High,-11.19,No
SV503121,36,12.4,2.2,36.1,10.5,4,1.0,19.99,10,Standard,Laptop,PayPal,True,False,False,True,Low,High,-0.64,No
SV503027,19,13.5,14.7,49.6,1.7,3,1.0,19.99,0,Premium,SmartTV,PayPal,True,False,False,True,High,High,-25.57,No
SV503575,16,5.2,9.3,75.0,10.3,2,1.0,15.99,20,Basic,Mobile,PayPal,True,False,True,False,Medium,Medium,22.58,Yes
SV500845,38,11.5,6.5,72.8,5.4,3,0.0,8.99,0,Family,Laptop,Credit Card,True,True,True,True,Medium,High,-10.28,No
SV500542,37,50.0,3.1,33.8,7.5,1,0.0,8.99,20,Standard,SmartTV,Debit Card,True,False,True,True,Medium,High,-15.33,No
SV500091,33,15.9,2.5,31.5,4.3,5,1.0,8.99,0,Family,Mobile,PayPal,True,True,True,False,Low,High,3.74,No
SV503546,52,43.9,6.0,40.7,2.4,5,1.0,19.99,0,Basic,Laptop,Credit Card,False,False,True,True,Low,Medium,21.84,Yes
SV503122,42,11.4,14.9,68.5,0.4,3,2.0,19.99,0,Standard,SmartTV,Credit Card,True,False,False,True,High,High,-12.55,No
SV501196,20,5.1,12.5,57.7,13.4,1,1.0,15.99,20,Basic,Mobile,Gift Card,True,False,False,True,High,High,-12.84,No
SV501102,41,22.1,1.1,58.5,22.0,1,4.0,8.99,30,Standard,Mobile,Credit Card,True,True,False,False,Low,Low,52.37,Yes
SV502670,42,12.9,5.8,58.5,4.1,3,4.0,12.99,0,Family,Tablet,Credit Card,True,False,True,False,Medium,High,-13.42,No
SV501791,34,6.3,7.3,46.2,4.8,4,0.0,12.99,0,Basic,Mobile,PayPal,True,False,False,True,Medium,High,1.49,No
SV502249,47,28.5,8.1,39.8,18.5,1,0.0,19.99,0,Standard,Laptop,Credit Card,True,False,True,True,Medium,High,0.51,No
SV501826,43,10.7,4.9,37.2,4.9,2,1.0,12.99,10,Family,SmartTV,Debit Card,True,True,False,False,Medium,Medium,-5.78,No
SV502149,35,9.0,2.3,35.3,4.9,2,0.0,8.99,30,Basic,Laptop,PayPal,True,True,False,False,Low,High,4.86,No
SV503577,36,14.4,3.8,53.5,4.2,5,2.0,12.99,10,Basic,Mobile,Debit Card,True,False,False,False,Low,Medium,22.68,Yes
SV501775,37,17.0,12.3,47.0,1.8,4,1.0,8.99,0,Basic,Mobile,Debit Card,True,False,False,True,Medium,High,-14.0,No
SV501048,23,5.7,6.2,48.7,9.3,3,2.0,12.99,0,Premium,Laptop,Credit Card,False,True,False,False,Medium,High,3.84,No
SV502821,37,72.0,2.0,42.8,0.6,4,3.0,12.99,20,Standard,SmartTV,Gift Card,False,True,True,False,Low,High,16.03,Yes
SV501831,35,8.3,6.3,22.3,21.4,1,,8.99,30,Basic,SmartTV,Credit Card,False,False,False,False,Medium,High,-3.98,No
SV500898,39,12.0,5.0,48.6,23.4,5,0.0,8.99,0,Premium,SmartTV,Credit Card,True,False,False,True,Medium,High,6.4,Yes
SV501459,38,24.5,5.9,59.5,1.1,2,1.0,15.99,0,Standard,Laptop,Credit Card,True,False,False,True,Medium,High,-9.23,No
SV501611,31,14.3,8.6,31.7,4.4,5,1.0,12.99,0,Standard,Laptop,Credit Card,True,False,False,True,Medium,,-10.33,No
SV500237,32,7.4,5.0,11.8,12.7,3,0.0,15.99,0,Premium,Mobile,Gift Card,True,False,False,False,Medium,High,-11.32,No
SV501501,27,3.6,6.3,28.4,2.8,5,2.0,12.99,10,Basic,Laptop,Credit Card,False,True,False,True,Medium,High,5.66,Yes
SV502340,50,33.8,12.0,84.6,18.6,4,0.0,15.99,0,Basic,Tablet,Debit Card,True,False,True,True,Low,High,7.49,Yes
SV501133,49,17.7,5.3,67.0,10.3,4,1.0,15.99,30,Premium,Mobile,Credit Card,True,False,False,True,Medium,High,-12.21,No
SV502881,44,15.2,2.5,60.5,4.1,1,5.0,12.99,0,Basic,Mobile,Debit Card,True,False,False,True,Low,Low,27.21,Yes
SV502718,45,48.1,14.9,54.0,12.0,1,2.0,8.99,20,Standard,Laptop,PayPal,False,False,True,False,Medium,High,-10.72,No
SV500163,25,3.5,9.6,56.5,0.1,3,2.0,8.99,0,Basic,SmartTV,Credit Card,True,True,False,True,High,High,10.25,Yes
SV502288,45,15.9,6.0,29.0,17.4,2,0.0,8.99,0,Family,SmartTV,Gift Card,True,False,False,True,Medium,High,-23.94,No
SV501835,35,4.5,6.4,59.0,31.6,3,0.0,12.99,30,Standard,Mobile,Credit Card,True,True,False,True,Medium,High,-13.18,No
SV500252,53,9.9,7.0,68.4,0.3,1,3.0,8.99,0,Basic,Mobile,Debit Card,False,False,True,False,Medium,Medium,15.96,Yes
SV502289,17,13.4,4.8,71.4,3.6,3,1.0,15.99,30,Family,Mobile,PayPal,True,True,False,False,Medium,High,-15.28,No
SV503383,27,4.6,1.6,13.9,4.9,1,0.0,15.99,10,Premium,Mobile,PayPal,True,False,False,True,Low,High,22.91,Yes
SV502805,35,9.4,14.6,51.4,0.0,2,0.0,12.99,0,Premium,Mobile,Credit Card,True,True,False,False,High,High,-23.2,No
SV501538,24,1.0,8.0,27.6,6.1,2,2.0,8.99,50,Basic,Tablet,Credit Card,True,False,False,False,Medium,Medium,15.6,Yes
SV500930,34,38.7,10.0,41.9,1.1,4,1.0,15.99,0,Standard,Laptop,Credit Card,True,False,True,False,High,High,-10.08,No
SV502025,18,8.8,2.8,47.1,5.0,2,1.0,8.99,20,Family,Mobile,Debit Card,True,True,True,False,Medium,High,-6.09,No
SV501697,60,15.2,10.9,48.2,20.4,4,44.0,12.99,0,Basic,SmartTV,Credit Card,False,False,False,True,Medium,High,-0.2,No
SV503907,22,18.4,14.4,41.2,1.7,3,3.0,15.99,0,Basic,Mobile,PayPal,True,True,False,True,High,Medium,-14.87,No
SV502978,27,8.8,6.6,18.9,18.1,1,0.0,19.99,0,Basic,Mobile,Credit Card,True,False,True,False,Low,High,36.84,Yes
SV503392,25,24.8,10.0,87.0,5.4,2,59.0,19.99,20,Standard,Mobile,Credit Card,True,True,False,True,Medium,Medium,-0.57,No
SV502402,37,13.9,3.8,57.5,6.3,5,0.0,8.99,10,Premium,Laptop,PayPal,True,True,False,True,Low,High,2.6,No
SV502226,36,15.2,5.6,49.7,5.4,5,1.0,8.99,0,Premium,Mobile,PayPal,True,False,False,True,Medium,Medium,-4.43,No
SV502225,37,7.6,14.9,18.9,3.6,4,0.0,8.99,0,Premium,Mobile,Debit Card,True,True,False,False,High,High,-22.71,No
SV501090,27,14.2,189.5,65.8,18.5,2,1.0,8.99,0,Premium,Mobile,Debit Card,True,True,True,False,High,High,-22.15,No
SV503178,41,21.0,15.6,42.8,1.9,2,1.0,12.99,0,Standard,Mobile,PayPal,True,False,False,True,High,High,-26.28,No
SV503826,43,15.7,12.6,73.7,12.5,3,1.0,8.99,0,Premium,SmartTV,Debit Card,False,False,False,False,Medium,High,-14.55,No
SV501937,21,23.4,1.8,40.9,20.9,5,1.0,15.99,0,Basic,Mobile,Gift Card,True,False,False,True,Medium,Medium,14.03,Yes
SV501181,43,54.2,13.3,40.6,3.2,3,2.0,8.99,30,Standard,Laptop,Debit Card,True,True,False,True,High,Medium,-5.03,No
SV501452,33,5.9,2.4,59.3,1.0,4,3.0,12.99,20,Family,SmartTV,Credit Card,True,False,False,True,Medium,High,-13.74,No
SV500593,16,53.9,10.2,40.0,23.0,5,1.0,8.99,20,Basic,Laptop,Credit Card,False,True,False,True,Medium,High,14.65,Yes
SV500677,39,17.3,11.4,61.5,21.3,4,2.0,15.99,0,Basic,SmartTV,PayPal,True,False,True,True,Medium,Medium,-1.62,No
SV500041,40,15.9,7.6,56.6,43.8,3,1.0,19.99,30,Family,Tablet,Gift Card,False,False,False,False,Medium,High,34.27,Yes
SV501833,39,34.4,3.6,72.1,29.5,1,0.0,15.99,30,Standard,SmartTV,Credit Card,True,False,False,False,Medium,High,7.93,Yes
SV502389,34,32.9,11.4,72.7,7.9,1,0.0,15.99,20,Premium,SmartTV,Debit Card,True,False,False,False,High,High,-36.37,No
SV502154,36,12.4,7.2,58.1,1.6,4,0.0,12.99,30,Basic,Mobile,Debit Card,True,False,False,True,Low,High,-21.96,No
SV501941,35,26.3,26.2,50.0,4.7,5,1.0,8.99,30,Standard,Laptop,Debit Card,True,False,False,True,High,High,-38.37,No
SV500243,18,14.5,1.4,19.9,20.7,4,0.0,15.99,0,Standard,Mobile,Gift Card,True,False,True,True,Low,High,1.9,No
SV501124,32,13.1,3.2,38.3,7.0,2,1.0,19.99,0,Family,Mobile,PayPal,True,True,False,False,Medium,High,-6.47,No
SV501339,32,52.1,10.9,43.5,8.2,5,0.0,12.99,20,Premium,SmartTV,Gift Card,True,False,False,False,Medium,High,9.54,Yes
SV501866,32,22.6,3.1,53.6,2.2,3,0.0,8.99,30,Premium,SmartTV,Credit Card,True,False,False,True,Medium,High,-13.5,No
SV503214,45,18.7,0.3,47.6,41.2,2,0.0,19.99,20,Standard,Mobile,Credit Card,False,False,False,True,Low,High,41.98,Yes
SV503167,27,57.5,9.1,62.3,4.2,1,1.0,8.99,0,Standard,SmartTV,PayPal,True,False,False,True,Medium,High,-21.51,No
SV501442,19,16.5,8.7,57.5,22.3,1,1.0,12.99,20,Premium,SmartTV,Gift Card,True,True,True,True,Medium,High,2.28,No
SV500261,31,13.2,6.6,14.4,24.1,2,2.0,15.99,0,Basic,Tablet,Debit Card,True,True,True,True,Medium,Medium,30.34,Yes
SV503721,42,20.1,3.2,57.5,25.7,2,0.0,15.99,0,Premium,Mobile,Credit Card,True,True,False,False,Low,High,0.02,No
SV503254,30,6.4,17.4,8.5,5.4,4,2.0,12.99,10,Family,Mobile,Credit Card,False,True,True,True,High,High,-30.48,No
SV502242,19,15.4,2.8,40.9,15.6,4,3.0,15.99,50,Family,SmartTV,Credit Card,False,False,False,True,Medium,Medium,-18.99,No
SV502688,48,3.2,5.5,41.6,2.7,4,1.0,8.99,10,Premium,SmartTV,Credit Card,True,True,True,False,Medium,Medium,5.35,Yes
SV502654,34,18.8,5.2,49.9,0.4,2,1.0,8.99,0,Basic,SmartTV,Credit Card,True,False,True,True,Low,High,0.98,No
SV500834,26,26.0,1.9,48.7,5.4,2,2.0,19.99,0,Premium,Laptop,Credit Card,True,False,False,False,Low,Medium,11.49,Yes
SV503565,52,19.1,9.3,52.3,4.9,2,1.0,12.99,10,Standard,Mobile,PayPal,True,False,True,True,Medium,High,-17.77,No
SV503665,17,14.1,6.1,59.6,17.4,3,1.0,12.99,0,Standard,Mobile,Gift Card,True,False,False,True,Medium,High,7.94,Yes
SV503000,48,5.8,8.8,51.4,4.2,1,1.0,8.99,0,Basic,Mobile,Gift Card,True,False,True,True,Medium,High,14.41,Yes
SV502802,44,9.8,6.5,29.1,2.8,3,1.0,12.99,10,Standard,Laptop,PayPal,True,True,False,False,Medium,Medium,22.23,Yes
SV500340,16,26.3,5.2,57.7,3.5,1,2.0,12.99,50,Basic,SmartTV,Credit Card,True,False,False,False,Medium,High,-4.79,No
SV501872,27,14.8,3.2,41.0,17.6,2,0.0,19.99,0,Premium,Mobile,Credit Card,True,True,False,True,Low,High,9.53,Yes
SV500748,30,24.2,10.3,60.4,3.2,2,0.0,8.99,20,Premium,SmartTV,Credit Card,True,False,True,False,High,High,-25.68,No
SV501891,25,10.8,4.1,71.2,18.3,3,1.0,12.99,30,Basic,Tablet,Debit Card,True,True,True,True,Medium,Medium,31.5,Yes
SV500480,36,14.7,5.3,34.8,7.5,2,1.0,19.99,0,Premium,Laptop,Credit Card,True,True,False,True,Medium,High,4.48,No
SV501864,37,10.5,4.7,52.6,1.9,4,1.0,8.99,0,Standard,Mobile,Debit Card,True,False,True,False,Low,High,-11.36,No
SV502218,27,5.9,11.5,69.1,16.5,1,1.0,12.99,0,Family,Mobile,PayPal,True,False,True,False,Medium,High,10.27,Yes
SV502615,27,4.6,5.4,28.1,6.7,1,1.0,12.99,0,Family,Laptop,Credit Card,True,False,False,False,Medium,High,4.15,No
SV502268,16,11.7,6.5,67.8,3.9,4,1.0,15.99,0,Basic,Laptop,Credit Card,True,True,False,True,Medium,Medium,-9.85,No
SV500783,44,25.0,11.4,61.1,0.6,5,3.0,12.99,0,Standard,SmartTV,PayPal,False,True,True,True,High,Medium,-12.52,No
SV503424,65,2.6,6.3,22.2,2.7,2,0.0,12.99,0,Basic,Mobile,Debit Card,True,False,False,False,Medium,High,2.99,No
SV503300,40,18.1,21.3,51.4,3.5,4,0.0,15.99,30,Standard,Mobile,Credit Card,True,True,False,True,High,High,-16.57,No
SV502606,23,25.0,4.9,,5.8,1,1.0,15.99,0,Premium,Mobile,Debit Card,True,False,False,True,Low,High,4.06,No
SV503195,46,30.7,6.0,20.0,5.7,2,2.0,12.99,20,Standard,Mobile,PayPal,True,True,True,False,Low,Medium,0.18,No
SV503636,31,28.9,12.0,56.5,4.1,5,1.0,15.99,10,Basic,Mobile,Debit Card,True,False,False,False,High,High,-15.77,No
SV502493,26,0.6,6.1,58.4,7.4,1,0.0,15.99,20,Premium,Mobile,Credit Card,True,False,False,False,Low,High,3.82,No
SV501725,35,3.2,8.8,38.8,10.5,2,0.0,19.99,50,Standard,SmartTV,Credit Card,True,False,False,True,Medium,High,-3.23,No
SV501844,20,25.4,5.1,55.4,6.6,1,0.0,15.99,50,Basic,SmartTV,PayPal,False,False,False,True,Low,High,1.44,No
SV502620,26,14.3,2.8,72.6,9.6,5,1.0,8.99,0,Family,SmartTV,Debit Card,True,False,False,True,Medium,Medium,-2.67,No
SV502810,27,42.8,1.8,58.5,7.4,4,4.0,8.99,50,Standard,Laptop,PayPal,False,True,False,True,Medium,Low,17.36,Yes
SV501784,42,20.9,3.5,54.1,22.8,2,1.0,12.99,0,Premium,Mobile,Debit Card,False,False,True,False,Low,High,-16.12,No
SV501271,50,3.7,19.8,51.7,1.4,1,2.0,8.99,0,Family,Mobile,Credit Card,True,False,False,True,High,Medium,-1.28,No
SV503228,41,21.6,8.8,46.3,17.7,4,2.0,19.99,10,Family,Mobile,Debit Card,True,False,True,False,High,Low,-3.59,No
SV502002,39,7.7,6.1,45.5,12.0,3,1.0,15.99,0,Family,Mobile,Debit Card,True,False,True,False,Medium,High,2.56,No
SV501127,33,10.0,19.7,65.4,17.0,5,1.0,8.99,0,Standard,Mobile,Credit Card,True,False,False,False,High,High,-10.11,No
SV500626,29,12.9,6.6,45.6,30.8,2,0.0,12.99,0,Family,SmartTV,PayPal,False,True,True,False,Medium,High,13.76,Yes
SV500347,40,42.7,19.9,,0.2,3,1.0,15.99,30,Standard,SmartTV,Debit Card,True,False,True,False,High,Medium,6.13,Yes
SV503502,41,13.3,3.6,44.4,3.5,2,1.0,8.99,0,Standard,Laptop,Credit Card,True,True,True,True,Medium,High,-19.2,No
SV502541,38,7.3,7.0,76.6,0.8,1,1.0,15.99,0,Family,Mobile,PayPal,True,False,True,False,High,Medium,-10.2,No
SV501565,27,9.6,10.2,30.8,0.9,3,1.0,12.99,20,Basic,SmartTV,Credit Card,True,False,True,False,Medium,Medium,0.02,No
SV502098,16,4.5,2.2,36.2,12.3,3,1.0,12.99,10,Standard,SmartTV,Credit Card,True,True,True,False,Medium,Medium,-0.62,No
SV500979,39,24.1,6.6,58.2,2.7,5,1.0,15.99,0,Basic,SmartTV,PayPal,True,False,False,True,Low,High,-6.01,No
SV501423,49,25.4,3.8,46.6,16.3,1,1.0,8.99,50,Basic,SmartTV,PayPal,True,True,False,False,Low,,-3.47,No
SV503437,35,22.6,7.5,71.4,15.6,2,2.0,8.99,10,Basic,Laptop,Debit Card,False,False,False,True,Medium,,-16.51,No
SV503365,20,19.4,0.9,17.9,0.4,4,2.0,8.99,30,Standard,Tablet,Credit Card,True,False,False,False,Low,High,1.91,No
SV500911,38,6.4,6.5,33.8,10.2,1,0.0,8.99,10,Standard,SmartTV,Credit Card,True,False,True,True,Low,High,-16.96,No
SV502495,58,11.1,4.0,44.6,2.3,5,3.0,8.99,0,Basic,SmartTV,Debit Card,True,False,False,True,Medium,Low,9.08,Yes
SV500632,30,13.9,10.9,13.3,9.8,3,1.0,19.99,0,Standard,Laptop,Credit Card,True,False,True,False,Medium,High,-7.21,No
SV501749,44,9.0,8.5,55.6,7.1,5,1.0,15.99,0,Standard,Mobile,Debit Card,False,False,True,False,Medium,High,6.5,Yes
SV500445,18,28.7,0.5,50.0,1.2,4,0.0,15.99,10,Standard,Mobile,Credit Card,False,False,True,True,Low,High,1.4,No
SV500617,37,1.8,7.5,33.0,2.6,4,1.0,8.99,0,Basic,Laptop,Gift Card,True,False,False,True,Medium,High,-5.6,No
SV502103,42,28.2,6.1,36.6,17.8,5,2.0,15.99,0,Standard,Tablet,PayPal,True,False,False,False,Medium,Medium,11.72,Yes
SV501896,17,4.0,6.6,55.3,13.5,1,0.0,8.99,0,Standard,Mobile,PayPal,True,False,False,False,Medium,High,32.67,Yes
SV502170,25,47.1,9.2,56.1,2.7,3,2.0,12.99,20,Family,Mobile,Gift Card,True,False,False,False,High,Medium,1.44,No
SV502594,16,8.6,2.5,38.0,9.4,4,2.0,15.99,0,Premium,Laptop,Credit Card,True,True,False,True,Low,Low,9.48,Yes
SV502843,42,7.3,4.9,24.3,5.0,2,0.0,15.99,0,Basic,Laptop,Credit Card,False,False,False,False,Medium,High,-15.73,No
SV502431,45,14.2,6.1,30.1,0.2,2,1.0,8.99,0,Family,Laptop,PayPal,False,False,True,False,Low,High,-4.02,No
SV503389,28,5.8,6.9,48.5,11.0,3,0.0,12.99,20,Basic,Tablet,Credit Card,True,False,False,True,High,Medium,-6.98,No
SV503374,34,48.2,3.6,56.0,1.9,3,3.0,19.99,0,Basic,Mobile,Credit Card,True,False,False,True,Low,Medium,13.38,Yes
SV501465,34,14.7,8.7,35.8,1.7,1,1.0,15.99,0,Standard,SmartTV,PayPal,True,True,True,True,Medium,High,-4.59,No
SV501672,35,2.1,9.8,87.2,9.5,3,1.0,15.99,20,Basic,Mobile,Debit Card,True,False,True,False,Medium,Medium,18.27,Yes
SV502113,36,16.8,5.6,23.6,8.6,5,2.0,15.99,0,Standard,Mobile,PayPal,False,True,True,True,Medium,High,-10.98,No
SV500115,28,8.5,2.9,51.2,19.6,2,0.0,15.99,20,Family,Laptop,Debit Card,False,True,False,False,Low,High,21.79,Yes
SV501494,30,5.4,7.1,25.6,2.4,1,1.0,8.99,30,Standard,Laptop,PayPal,False,True,False,False,Medium,High,-1.87,No
SV500353,43,18.3,1.5,68.9,2.6,1,0.0,19.99,20,Standard,SmartTV,Debit Card,True,False,False,False,Low,High,-20.92,No
SV501232,21,16.5,3.8,37.5,13.3,2,5.0,15.99,20,Family,SmartTV,Debit Card,True,False,True,False,Medium,Low,34.99,Yes
SV500613,39,10.5,4.0,46.2,12.9,1,1.0,12.99,20,Basic,SmartTV,PayPal,False,False,True,False,Low,Medium,34.55,Yes
SV503506,32,32.2,11.0,54.2,18.4,1,2.0,19.99,10,Standard,Tablet,Debit Card,True,False,False,True,Medium,High,1.47,No
SV503790,29,6.2,12.4,75.6,0.7,2,0.0,8.99,0,Basic,SmartTV,Credit Card,True,False,False,False,Medium,High,3.56,No
SV502344,43,12.6,17.9,5.0,5.1,1,3.0,8.99,0,Basic,SmartTV,Credit Card,False,True,False,True,High,Medium,-8.29,No
SV503714,25,2.4,4.4,46.1,4.2,5,1.0,12.99,50,Family,Mobile,Debit Card,True,True,True,True,Medium,High,-11.5,No
SV502637,32,14.2,2.2,27.0,17.3,3,1.0,8.99,10,Premium,SmartTV,Credit Card,True,False,False,True,Low,High,-23.13,No
SV503758,38,39.1,5.0,114.5,3.5,3,2.0,8.99,0,Standard,Mobile,PayPal,True,True,False,True,Low,High,-15.1,No
SV500057,50,7.4,3.4,57.3,0.2,1,1.0,12.99,30,Basic,SmartTV,Credit Card,False,False,True,False,Medium,Medium,28.19,Yes
SV503097,27,15.9,7.3,,20.4,4,0.0,8.99,0,Basic,SmartTV,PayPal,True,True,True,False,Medium,Medium,16.47,Yes
SV503990,37,2.3,5.9,49.0,17.2,2,1.0,12.99,10,Standard,Mobile,Credit Card,False,True,False,True,Low,Medium,1.02,No
SV502905,34,14.8,8.7,62.5,13.3,5,0.0,15.99,10,Standard,Mobile,Credit Card,False,False,False,True,Medium,High,-0.43,No
SV503911,61,29.6,8.2,69.9,2.1,2,3.0,15.99,20,Family,SmartTV,Credit Card,True,False,False,False,High,Low,24.32,Yes
SV501253,37,20.9,22.6,78.9,3.4,5,0.0,8.99,0,Premium,Mobile,Credit Card,True,False,True,True,High,High,-26.62,No
SV503329,31,22.1,8.5,58.9,3.8,1,0.0,12.99,20,Premium,Mobile,Credit Card,True,False,True,True,Medium,Medium,3.67,No
SV502503,39,20.1,8.1,48.7,8.7,5,0.0,8.99,0,Premium,SmartTV,PayPal,False,False,False,False,Low,High,-8.01,No
SV502333,34,60.2,10.0,47.4,14.3,4,0.0,15.99,10,Basic,SmartTV,Credit Card,False,True,False,False,Medium,High,3.22,No
SV503527,19,32.9,8.3,7.0,16.8,3,1.0,15.99,10,Family,Mobile,PayPal,True,False,False,False,Low,High,-7.04,No
SV503812,28,17.5,12.7,85.4,7.4,3,1.0,15.99,0,Basic,SmartTV,Credit Card,True,False,True,False,Medium,Medium,32.9,Yes
SV501902,41,5.9,11.3,33.1,4.4,4,0.0,8.99,0,Basic,SmartTV,Credit Card,True,False,True,True,Medium,High,8.58,Yes
SV502259,40,16.2,5.1,85.4,1.6,2,1.0,19.99,0,Standard,Mobile,Credit Card,True,False,False,True,Medium,High,-7.25,No
SV501898,29,20.0,2.1,66.7,0.4,5,0.0,12.99,30,Basic,Mobile,PayPal,True,False,True,False,Low,High,21.92,Yes
SV500560,33,12.2,10.5,36.3,9.4,5,0.0,15.99,50,Basic,Mobile,Debit Card,True,True,True,True,Medium,Medium,33.08,Yes
SV500707,40,2.4,1.6,39.1,7.3,3,1.0,12.99,0,Standard,Mobile,Credit Card,True,False,False,False,Low,High,44.71,Yes
SV501647,47,18.4,0.4,29.7,8.1,2,1.0,19.99,10,Basic,Laptop,PayPal,True,False,True,True,Low,High,4.31,No
SV500424,24,3.0,8.5,50.8,1.5,1,1.0,12.99,0,Standard,Mobile,Debit Card,False,False,False,False,Low,Medium,-0.55,No
SV501093,36,45.0,3.1,3.0,4.4,5,1.0,15.99,20,Standard,SmartTV,Debit Card,False,False,False,False,Low,High,9.37,Yes
SV501376,40,14.8,5.9,108.2,5.0,4,0.0,12.99,0,Standard,Mobile,Gift Card,True,False,True,True,Medium,High,-5.47,No
SV500647,16,3.3,4.8,63.6,25.8,1,0.0,12.99,20,Premium,Mobile,Debit Card,True,False,False,True,Low,High,-8.75,No
SV500072,24,11.0,1.6,58.4,1.8,3,1.0,15.99,20,Family,Laptop,Gift Card,True,False,False,True,Low,High,7.81,Yes
SV502522,32,28.2,4.3,52.4,12.9,5,1.0,15.99,0,Standard,Mobile,PayPal,True,True,False,True,Low,High,7.55,Yes
SV501886,22,12.4,2.0,65.6,17.4,1,1.0,8.99,0,Standard,Mobile,Debit Card,True,False,False,True,Medium,High,-1.51,No
SV501726,24,19.3,8.0,3.0,1.9,3,0.0,19.99,30,Standard,Mobile,Debit Card,True,True,True,False,Medium,High,16.42,Yes
SV501005,38,17.5,4.1,,6.4,1,4.0,8.99,20,Basic,SmartTV,Debit Card,False,True,False,False,Medium,Medium,6.81,Yes
SV500620,29,12.0,13.1,85.5,2.4,1,1.0,12.99,0,Basic,Laptop,Credit Card,True,False,True,False,High,High,16.41,Yes
SV503319,43,29.2,8.7,75.7,10.3,2,3.0,8.99,0,Premium,Laptop,Credit Card,False,False,False,False,Medium,Medium,-4.62,No
SV500287,35,0.5,7.0,49.2,5.4,2,3.0,8.99,0,Standard,Tablet,PayPal,False,False,True,True,Low,High,-5.44,No
SV500553,56,21.7,10.0,39.8,0.5,5,2.0,19.99,0,Family,SmartTV,PayPal,True,False,False,False,Medium,High,5.09,Yes
SV502381,43,16.6,5.0,42.6,9.6,2,0.0,8.99,10,Premium,Mobile,Credit Card,False,False,False,False,High,High,-19.32,No
SV501894,31,7.0,1.9,16.7,1.7,3,3.0,15.99,0,Basic,Mobile,Credit Card,True,True,False,False,Low,Medium,12.77,Yes
SV502144,26,3.9,12.6,11.8,10.0,3,0.0,12.99,30,Family,SmartTV,Debit Card,True,False,True,True,High,High,-26.17,No
SV501554,19,19.4,6.8,77.2,6.7,2,2.0,15.99,20,Premium,Tablet,PayPal,True,False,False,True,Medium,Medium,-4.12,No
SV503545,27,4.3,15.2,43.1,2.2,3,0.0,12.99,0,Basic,Tablet,Credit Card,True,False,False,False,High,High,3.09,No
SV502257,37,23.8,5.1,33.7,10.2,5,1.0,15.99,0,Family,Mobile,Debit Card,True,False,True,True,Low,High,-6.15,No
SV502547,56,4.3,13.0,42.3,6.6,5,0.0,15.99,0,Family,Mobile,Gift Card,False,False,False,True,High,High,-0.58,No
SV500998,35,12.7,8.9,78.7,12.9,2,0.0,15.99,0,Basic,Laptop,Debit Card,True,False,True,False,Medium,High,17.87,Yes
SV503177,36,22.1,5.1,69.4,4.4,3,2.0,15.99,0,Basic,Mobile,Credit Card,True,True,False,False,Medium,High,0.25,No
SV501689,44,12.2,8.0,39.9,5.1,4,1.0,15.99,0,Basic,SmartTV,Gift Card,True,False,False,True,High,Medium,-6.58,No
SV503273,30,11.5,14.1,62.2,11.5,4,0.0,8.99,0,Standard,SmartTV,Debit Card,True,False,False,False,High,High,-16.75,No
SV501397,32,25.4,14.8,40.7,9.2,2,3.0,8.99,10,Standard,Mobile,PayPal,True,True,False,False,High,Medium,-2.11,No
SV501577,45,16.6,9.4,58.1,6.4,3,1.0,15.99,0,Basic,SmartTV,PayPal,True,False,False,True,Medium,High,-0.73,No
SV501620,40,11.9,4.2,38.1,11.9,5,0.0,12.99,0,Family,Laptop,Debit Card,True,False,False,True,Low,High,-7.58,No
SV503653,42,16.2,6.3,65.9,15.5,5,2.0,15.99,30,Basic,SmartTV,PayPal,True,True,True,False,Low,Medium,21.56,Yes
SV503725,49,20.8,2.5,26.8,2.0,5,0.0,8.99,0,Standard,Mobile,PayPal,True,False,False,False,Medium,High,2.17,No
SV503977,31,26.2,13.1,56.1,16.4,5,0.0,12.99,50,Standard,Mobile,Credit Card,True,False,False,True,Medium,High,1.85,No
SV502321,48,17.3,22.6,46.3,7.5,5,,15.99,30,Standard,SmartTV,PayPal,True,False,True,True,High,High,-20.2,No
SV503589,28,6.6,1.8,50.5,4.1,1,0.0,19.99,10,Premium,SmartTV,Credit Card,True,False,True,True,Low,High,9.45,Yes
SV500440,32,6.8,4.6,46.4,1.7,3,1.0,15.99,0,Premium,SmartTV,Debit Card,True,False,True,True,Low,High,-5.92,No
SV500508,28,17.9,2.4,56.0,25.6,2,2.0,15.99,0,Basic,Mobile,Debit Card,True,True,True,True,Low,High,8.59,Yes
SV501100,46,13.1,8.4,29.5,5.7,1,2.0,8.99,0,Standard,Laptop,PayPal,True,False,False,False,Medium,Medium,6.14,Yes
SV500589,52,2.0,10.9,64.6,1.8,5,1.0,12.99,0,Family,Laptop,Debit Card,True,False,True,True,Medium,High,-17.53,No
SV501960,36,19.4,2.5,24.3,5.2,5,1.0,15.99,0,Standard,SmartTV,Credit Card,True,True,False,False,Low,High,1.14,No
SV500649,30,18.7,11.4,36.9,1.4,4,1.0,19.99,0,Premium,SmartTV,Gift Card,False,False,False,False,High,Low,1.6,No
SV501546,16,2.7,12.6,37.8,0.8,5,0.0,15.99,0,Premium,SmartTV,Credit Card,True,False,False,True,High,High,-23.09,No
SV503639,19,13.5,24.8,22.4,4.9,1,1.0,12.99,0,Standard,SmartTV,Debit Card,True,False,False,False,High,High,-26.99,No
SV503919,38,43.4,2.7,29.1,18.2,4,0.0,8.99,0,Standard,Mobile,Debit Card,False,False,False,True,Low,Medium,19.62,Yes
SV502323,34,13.9,6.0,72.7,1.9,2,4.0,19.99,0,Basic,Laptop,Credit Card,True,False,False,True,Medium,Medium,-2.13,No
SV503855,16,18.7,17.8,106.0,3.6,5,2.0,15.99,20,Basic,Mobile,Credit Card,True,False,True,True,High,High,1.06,No
SV502534,32,4.9,24.0,45.2,23.7,1,1.0,8.99,20,Premium,Tablet,Credit Card,True,False,False,False,High,High,-30.78,No
SV501455,33,7.2,4.0,26.4,0.9,4,1.0,15.99,0,Standard,SmartTV,Debit Card,True,False,True,False,Medium,High,-6.11,No
SV502245,27,11.9,6.3,60.4,1.9,4,1.0,19.99,10,Basic,Mobile,PayPal,True,True,True,True,Medium,Medium,37.6,Yes
SV500660,16,16.6,1.7,61.0,1.4,4,1.0,12.99,50,Basic,SmartTV,Credit Card,False,False,True,False,Low,High,15.42,Yes
SV500630,52,12.5,19.1,25.7,10.5,4,0.0,8.99,0,Premium,Laptop,PayPal,False,False,False,True,High,High,-34.92,No
SV500672,26,20.0,3.6,43.9,26.8,4,1.0,12.99,0,Standard,Mobile,Credit Card,False,True,True,True,Low,High,16.35,Yes
SV501249,17,30.1,10.5,25.6,17.6,4,1.0,15.99,0,Basic,SmartTV,PayPal,True,False,False,True,High,High,-30.51,No
SV501738,25,29.2,6.2,51.7,9.0,3,4.0,8.99,0,Family,SmartTV,Credit Card,False,True,False,True,Low,High,-11.89,No
SV500482,35,14.1,11.0,32.7,15.1,4,0.0,12.99,0,Premium,Tablet,Credit Card,False,False,True,True,Medium,High,-15.46,No
SV501584,33,17.0,3.8,24.6,28.1,2,0.0,15.99,0,Standard,SmartTV,Credit Card,True,False,False,True,Medium,High,-10.17,No
SV501979,39,13.5,4.5,48.6,6.6,4,3.0,8.99,0,Premium,Laptop,Credit Card,False,False,False,True,Medium,High,-10.02,No
SV503408,39,16.4,7.7,58.0,0.4,5,1.0,12.99,0,Premium,Laptop,PayPal,False,False,False,False,Medium,High,-9.26,No
SV501938,27,10.1,176.1,41.5,6.3,3,0.0,12.99,50,Premium,SmartTV,Debit Card,False,True,False,False,High,High,-20.73,No
SV501462,25,11.5,3.2,3.0,27.9,2,0.0,8.99,0,Standard,Laptop,Debit Card,True,False,False,True,Medium,High,-16.37,No
SV502764,28,13.0,7.6,41.1,22.6,4,2.0,8.99,30,Family,Mobile,Gift Card,True,True,False,False,Medium,High,-7.93,No
SV502570,59,11.8,7.6,37.8,0.8,4,1.0,12.99,0,Standard,Tablet,PayPal,True,False,False,False,Low,High,-10.86,No
SV502379,33,2.6,5.7,34.2,8.0,4,0.0,15.99,20,Standard,Mobile,Debit Card,True,False,False,True,Medium,High,24.3,Yes
SV500856,38,18.1,13.3,26.3,0.8,1,2.0,12.99,0,Premium,Laptop,Credit Card,True,True,True,True,Medium,High,-6.7,No
SV501225,40,34.5,24.7,64.8,16.0,3,0.0,19.99,0,Standard,SmartTV,Credit Card,True,True,False,False,High,High,-9.84,No
SV501190,51,55.6,7.6,77.6,17.6,3,2.0,15.99,0,Standard,Laptop,Credit Card,True,True,False,True,Medium,High,0.9,No
SV502765,26,15.1,9.5,62.3,18.8,2,1.0,12.99,20,Basic,SmartTV,PayPal,False,False,True,True,High,High,2.9,No
SV503281,42,13.9,1.4,48.4,1.0,1,3.0,15.99,20,Basic,Mobile,Credit Card,True,False,False,True,Medium,High,-16.24,No
SV500530,30,15.0,12.2,61.7,0.6,5,1.0,12.99,0,Standard,Laptop,Debit Card,True,False,True,False,Medium,High,1.72,No
SV502657,24,13.3,9.1,52.2,10.3,1,1.0,15.99,0,Basic,SmartTV,PayPal,True,False,False,True,Medium,High,-8.44,No
SV500049,35,20.7,3.2,69.4,0.2,1,0.0,12.99,0,Basic,Mobile,Debit Card,True,True,True,False,Low,High,0.75,No
SV503694,48,18.3,15.6,35.8,1.1,5,4.0,12.99,0,Premium,Mobile,PayPal,False,False,False,True,High,Medium,-14.22,No
SV503682,36,31.3,9.1,49.8,6.2,4,1.0,12.99,0,Standard,SmartTV,Debit Card,True,False,False,True,Medium,High,-23.52,No
SV500858,16,12.0,8.4,47.2,15.8,3,0.0,12.99,0,Family,Mobile,Credit Card,True,True,False,True,Medium,High,-10.7,No
SV502922,20,12.6,7.1,52.2,2.2,5,1.0,15.99,10,Standard,Mobile,PayPal,False,True,False,False,Medium,High,-3.81,No
SV501072,31,27.9,16.5,55.1,7.4,1,2.0,15.99,0,Basic,Laptop,Credit Card,True,False,False,False,High,Low,3.07,No
SV500719,23,13.0,3.1,40.5,2.3,5,2.0,15.99,30,Basic,SmartTV,Gift Card,True,False,False,False,Low,High,3.36,No
SV500151,23,44.2,14.0,43.7,7.2,5,1.0,8.99,20,Family,Mobile,PayPal,True,False,False,False,High,Medium,-4.37,No
SV502166,65,3.8,8.0,48.7,4.5,2,1.0,12.99,20,Premium,Tablet,Gift Card,False,False,False,True,Medium,High,-23.07,No
SV502980,33,32.2,3.4,25.3,3.7,1,2.0,8.99,30,Basic,Mobile,Debit Card,True,False,True,False,Medium,Medium,11.38,Yes
SV501660,60,5.3,3.6,13.4,1.0,1,,12.99,0,Premium,SmartTV,PayPal,True,True,False,True,Low,High,-22.49,No
SV501656,109,17.1,0.7,34.7,10.1,1,1.0,8.99,0,Basic,Mobile,Credit Card,True,False,False,False,Low,High,-4.56,No
SV502177,40,10.2,17.3,38.5,0.1,3,2.0,8.99,0,Basic,Mobile,Credit Card,True,True,False,True,High,High,-21.99,No
SV502312,49,21.6,6.2,52.9,10.0,2,3.0,19.99,10,Basic,Mobile,Credit Card,True,False,False,False,Medium,High,-20.38,No
SV503081,22,6.8,7.5,20.2,11.2,5,1.0,8.99,0,Family,SmartTV,Gift Card,True,False,False,False,Medium,Medium,16.05,Yes
SV502172,31,11.8,1.1,53.6,2.4,2,0.0,19.99,0,Standard,Mobile,Credit Card,True,False,False,True,Low,High,-4.58,No
SV502955,23,33.1,6.2,7.1,8.6,5,2.0,12.99,0,Basic,SmartTV,Credit Card,True,True,True,False,Medium,Medium,13.56,Yes
SV502857,35,20.8,1.2,67.1,2.4,3,0.0,19.99,20,Premium,Mobile,PayPal,False,False,False,False,Medium,High,8.61,Yes
SV502943,31,27.6,3.0,27.9,13.3,3,1.0,19.99,50,Family,Laptop,Credit Card,True,True,True,True,Low,High,21.56,Yes
SV503599,49,2.2,4.3,31.5,13.7,2,0.0,8.99,0,Standard,Laptop,Debit Card,False,False,False,True,Low,High,-4.3,No
SV502728,54,22.0,10.2,50.6,41.1,2,1.0,8.99,0,Family,Laptop,Debit Card,True,True,False,True,High,High,-45.71,No
SV502222,35,9.6,12.2,25.2,3.9,4,0.0,19.99,0,Family,Mobile,Debit Card,True,True,False,False,Medium,High,-10.08,No
SV501767,43,12.8,10.3,31.3,4.5,3,1.0,19.99,0,Family,Tablet,PayPal,True,False,False,True,High,High,-32.32,No
SV501783,23,23.8,14.3,21.0,23.2,5,0.0,15.99,50,Basic,Mobile,Credit Card,True,False,True,False,High,High,-5.75,No
SV503011,30,7.4,7.9,79.7,1.1,1,3.0,19.99,10,Standard,SmartTV,Debit Card,True,False,False,False,High,High,-27.71,No
SV501385,35,49.0,3.7,44.6,5.3,5,2.0,8.99,50,Standard,SmartTV,Credit Card,True,False,True,True,Low,Medium,7.7,Yes
SV502513,43,20.4,1.6,26.4,6.3,1,2.0,12.99,0,Standard,Mobile,Debit Card,False,True,False,False,Low,,16.91,Yes
SV501399,18,15.8,2.9,61.5,3.3,1,1.0,12.99,0,Basic,SmartTV,Credit Card,False,False,False,True,Low,High,2.88,No
SV501195,56,6.8,104.9,49.8,4.8,2,0.0,12.99,0,Premium,Mobile,Debit Card,True,True,True,True,Low,High,3.08,No
SV503765,47,5.0,20.9,48.2,5.7,4,2.0,8.99,10,Premium,Laptop,Credit Card,False,True,False,True,High,Low,-22.2,No
SV501475,32,16.6,10.4,57.9,11.0,5,2.0,8.99,0,Basic,Laptop,Debit Card,True,False,False,False,High,High,-15.5,No
SV502486,35,10.4,9.5,52.8,4.4,4,3.0,12.99,20,Premium,Tablet,Debit Card,True,False,False,False,High,Low,32.7,Yes
SV503495,34,39.6,10.2,83.3,1.8,3,3.0,12.99,0,Standard,Laptop,Debit Card,True,True,False,True,Medium,Medium,-8.75,No
SV502880,37,12.8,6.8,17.7,7.3,5,4.0,15.99,0,Basic,Laptop,Debit Card,False,False,False,False,Low,Low,53.52,Yes
SV500297,30,11.8,3.4,25.7,14.4,3,1.0,19.99,0,Basic,SmartTV,Credit Card,True,False,False,True,Medium,High,-7.69,No
SV502077,35,11.5,6.2,36.1,6.8,4,3.0,15.99,20,Premium,SmartTV,Credit Card,False,True,False,True,Low,Medium,1.83,No
SV501264,33,31.1,7.7,60.9,5.1,1,1.0,19.99,0,Premium,SmartTV,PayPal,False,False,True,False,Medium,High,2.07,No
SV503333,30,32.3,1.7,70.1,34.1,5,2.0,12.99,0,Basic,SmartTV,Credit Card,True,False,False,True,Low,Medium,18.61,Yes
SV500958,34,15.6,6.2,,7.1,1,2.0,8.99,30,Premium,Mobile,PayPal,True,False,True,True,Medium,Medium,-3.63,No
SV501606,40,5.3,6.3,21.3,2.3,3,0.0,19.99,20,Basic,Laptop,Debit Card,True,True,False,False,Low,High,24.57,Yes
SV502707,16,4.5,10.5,15.8,0.3,2,0.0,15.99,20,Standard,Laptop,Credit Card,False,True,False,False,High,High,-12.1,No
SV500908,35,10.2,9.4,34.5,4.0,3,0.0,8.99,0,Premium,SmartTV,Debit Card,False,False,False,False,Medium,High,-15.94,No
SV501929,42,12.8,9.5,72.7,6.9,4,1.0,8.99,0,Basic,Mobile,Debit Card,True,False,True,True,Medium,High,2.46,No
SV501609,30,11.1,4.4,77.2,10.5,5,2.0,19.99,0,Standard,Laptop,Credit Card,True,True,False,True,Low,High,3.96,No
SV502927,37,15.9,6.5,60.4,3.1,1,3.0,15.99,0,Basic,Mobile,Debit Card,True,False,True,True,Medium,Medium,27.53,Yes
SV501374,34,22.0,16.5,37.0,0.7,3,2.0,8.99,0,Standard,Laptop,Credit Card,True,False,True,True,High,High,-35.91,No
SV501286,19,33.1,5.3,6.9,29.2,1,2.0,8.99,0,Family,Tablet,Debit Card,False,False,False,True,Low,High,-2.9,No
SV503986,22,15.3,2.1,57.3,7.5,2,1.0,8.99,0,Standard,Mobile,Credit Card,True,False,False,False,Low,High,-3.31,No
SV500349,50,8.7,5.0,57.4,0.1,3,1.0,8.99,10,Premium,Tablet,Debit Card,False,False,True,False,Medium,Medium,-2.91,No
SV501368,48,11.5,11.6,31.8,1.8,3,2.0,15.99,0,Standard,SmartTV,PayPal,False,False,False,False,High,High,2.06,No
SV502130,35,6.2,2.5,63.4,17.6,2,3.0,12.99,0,Standard,Mobile,Debit Card,False,True,False,True,Low,High,19.7,Yes
SV500643,36,8.9,4.9,43.3,1.9,2,0.0,8.99,0,Standard,Mobile,PayPal,False,False,False,False,Medium,High,-2.93,No
SV502865,20,4.8,1.9,64.1,0.9,3,1.0,12.99,20,Standard,Mobile,Credit Card,True,False,False,True,Low,High,-3.37,No
SV502042,55,36.5,12.2,36.1,0.7,5,0.0,12.99,30,Premium,SmartTV,Credit Card,True,False,False,False,High,High,-28.15,No
SV501681,23,34.4,7.1,61.0,10.4,5,1.0,12.99,30,Premium,SmartTV,PayPal,False,False,False,False,Medium,Medium,-7.82,No
SV500669,16,15.3,11.3,45.5,15.8,5,0.0,8.99,0,Standard,SmartTV,Credit Card,False,True,True,True,High,High,-18.83,No
SV503622,24,10.9,5.9,47.2,13.2,1,0.0,12.99,0,Standard,SmartTV,Credit Card,False,True,False,True,Medium,High,-19.18,No
SV502127,28,21.3,2.5,47.9,2.7,4,2.0,8.99,10,Standard,Mobile,Credit Card,False,False,False,False,Medium,High,-10.64,No
SV503260,35,9.3,5.8,75.0,1.5,2,0.0,12.99,0,Basic,Mobile,Credit Card,True,True,False,True,Low,High,-3.38,No
SV502768,43,12.3,5.0,26.6,0.9,2,0.0,8.99,0,Basic,Mobile,Credit Card,True,True,False,False,Low,High,-1.07,No
SV501818,39,27.4,8.0,24.0,21.3,3,0.0,15.99,0,Basic,Mobile,Gift Card,True,False,False,True,Low,High,5.76,Yes
SV501179,39,23.8,9.8,59.3,29.2,1,1.0,8.99,10,Basic,Mobile,Debit Card,False,False,True,False,High,High,13.25,Yes
SV503367,31,14.6,11.9,85.0,10.5,5,0.0,19.99,20,Standard,SmartTV,Credit Card,True,False,False,False,High,High,-8.16,No
SV503954,34,41.0,1.8,29.1,2.1,5,0.0,15.99,0,Basic,Tablet,Credit Card,False,False,False,True,Medium,High,-4.16,No
SV502208,41,8.2,9.1,34.6,8.2,1,3.0,12.99,0,Family,Mobile,Credit Card,True,False,False,False,Medium,High,-20.22,No
SV501850,27,10.7,16.1,28.3,1.4,5,0.0,8.99,20,Standard,SmartTV,Credit Card,True,False,False,False,High,High,-39.91,No
SV501587,44,10.0,4.0,39.6,19.2,3,3.0,12.99,0,Standard,Laptop,Debit Card,True,False,True,True,Low,High,-10.85,No
SV503795,32,14.0,5.7,36.7,32.2,4,1.0,15.99,0,Premium,Laptop,Credit Card,True,False,False,True,Medium,High,-22.88,No
SV502254,45,41.2,0.4,62.6,8.8,5,0.0,19.99,0,Basic,Laptop,Credit Card,True,True,False,False,Low,High,23.68,Yes
SV502372,33,15.5,3.0,59.4,2.4,5,1.0,15.99,0,Standard,Mobile,Credit Card,False,False,False,True,Medium,High,-0.79,No
SV501357,28,33.5,6.7,42.2,5.9,3,3.0,12.99,0,Standard,Laptop,PayPal,True,True,True,False,Medium,High,-16.81,No
SV500786,34,18.0,1.4,45.9,0.9,5,2.0,12.99,0,Standard,SmartTV,PayPal,False,False,False,True,Low,Medium,8.37,Yes
SV503586,23,57.4,6.4,46.8,1.9,2,0.0,15.99,10,Premium,SmartTV,Debit Card,False,False,True,False,Low,High,4.61,No
SV500140,39,25.8,5.4,7.8,1.5,2,1.0,8.99,0,Standard,Laptop,Debit Card,True,False,False,False,Low,High,-16.98,No
SV500788,22,42.9,1.9,3.0,9.1,3,3.0,19.99,0,Standard,SmartTV,Credit Card,False,True,False,False,Low,Low,39.5,Yes
SV500323,42,5.1,2.3,62.8,3.8,4,3.0,8.99,0,Standard,Tablet,PayPal,True,True,True,True,Low,Medium,-5.05,No
SV502689,16,3.3,4.9,53.7,25.4,5,0.0,12.99,10,Family,Tablet,Gift Card,True,False,False,True,Medium,,-17.19,No
SV500714,32,9.6,5.4,16.4,0.2,4,1.0,19.99,20,Premium,Laptop,Credit Card,False,False,False,False,Medium,High,3.68,No
SV502195,16,16.3,7.0,59.9,0.9,4,1.0,8.99,0,Premium,Mobile,Debit Card,True,False,False,True,Low,Medium,-14.45,No
SV503309,29,21.6,8.1,29.9,2.7,4,0.0,8.99,0,Family,Laptop,Credit Card,True,False,False,True,Medium,High,-14.94,No
SV503687,39,2.7,18.4,26.1,0.3,2,2.0,15.99,0,Basic,Mobile,Debit Card,True,False,False,True,High,Low,0.24,No
SV503179,38,15.8,6.0,67.5,0.5,4,0.0,8.99,20,Premium,Mobile,Credit Card,False,False,False,True,Low,High,-19.3,No
SV503520,26,4.8,5.7,32.6,1.4,5,0.0,12.99,0,Premium,SmartTV,PayPal,True,False,False,False,Medium,High,22.71,Yes
SV501907,36,12.9,13.2,57.6,8.9,2,0.0,19.99,20,Standard,Laptop,Credit Card,True,False,False,False,Medium,High,6.43,Yes
SV500618,27,20.0,7.0,11.4,7.3,2,1.0,19.99,30,Standard,SmartTV,Credit Card,True,False,False,False,Medium,High,-2.93,No
SV500406,33,10.6,7.8,60.1,0.1,4,1.0,15.99,0,Basic,Laptop,Credit Card,True,False,True,True,Medium,Medium,7.04,Yes
SV502206,29,45.3,2.3,40.8,0.0,1,1.0,19.99,30,Premium,Mobile,PayPal,True,False,False,False,Low,High,13.79,Yes
SV502037,45,16.2,13.7,29.1,22.0,4,1.0,12.99,0,Standard,Mobile,Debit Card,True,False,False,True,Medium,High,10.84,Yes
SV503082,37,30.6,4.8,37.5,17.7,2,2.0,15.99,0,Basic,SmartTV,PayPal,True,True,False,True,Low,Medium,10.68,Yes
SV502852,105,29.3,8.9,30.9,6.6,1,1.0,15.99,0,Basic,SmartTV,Debit Card,False,False,True,True,Medium,High,-3.59,No
SV502417,27,9.7,11.5,34.2,11.1,2,1.0,8.99,20,Premium,Mobile,Credit Card,True,False,False,True,High,Medium,-14.9,No
SV500497,30,2.6,10.9,50.7,13.8,5,1.0,19.99,20,Basic,SmartTV,Gift Card,True,False,False,False,High,High,-9.27,No
SV503914,16,16.9,8.2,54.9,4.6,4,0.0,12.99,30,Premium,SmartTV,Debit Card,True,False,False,False,Medium,High,-35.58,No
SV500342,35,13.8,2.9,31.5,6.1,1,0.0,15.99,0,Family,Tablet,Credit Card,False,True,False,False,Medium,,-14.59,No
SV502577,23,33.5,5.7,101.8,0.3,2,0.0,15.99,20,Premium,SmartTV,Gift Card,True,True,False,False,Low,Medium,20.23,Yes
SV503920,38,27.6,7.8,54.9,2.2,5,0.0,12.99,0,Standard,Tablet,Credit Card,True,False,False,True,Medium,High,-14.9,No
SV500782,54,19.3,5.8,40.1,0.1,1,1.0,12.99,20,Basic,Mobile,Debit Card,True,False,False,False,Medium,High,-10.62,No
SV503004,31,11.2,6.8,41.3,15.7,5,1.0,15.99,0,Basic,Mobile,Credit Card,True,True,False,False,Medium,High,-15.94,No
SV501323,17,9.3,5.3,54.0,5.4,2,1.0,12.99,0,Standard,Mobile,Credit Card,True,False,True,True,Low,High,5.36,Yes
SV503460,35,15.8,3.3,45.9,6.0,1,1.0,19.99,0,Standard,SmartTV,Credit Card,True,True,False,False,Low,High,19.24,Yes
SV503777,39,7.5,2.6,45.5,5.0,2,1.0,12.99,0,Premium,Laptop,Credit Card,True,False,False,True,Low,High,-7.62,No
SV500303,30,19.6,2.5,,12.1,1,0.0,15.99,0,Basic,SmartTV,Credit Card,False,False,False,True,Low,High,7.62,Yes
SV503370,31,12.7,9.9,29.8,2.6,3,1.0,12.99,20,Premium,SmartTV,Debit Card,True,True,False,True,Medium,High,-20.26,No
SV502459,16,5.1,4.9,,1.3,4,1.0,19.99,20,Standard,Mobile,PayPal,True,False,False,False,Low,High,-3.43,No
SV500664,33,14.7,6.9,58.9,1.5,3,1.0,8.99,0,Premium,Mobile,Credit Card,False,False,True,True,Medium,High,-7.83,No
SV501177,36,6.2,8.1,48.1,4.4,3,2.0,8.99,50,Standard,SmartTV,Debit Card,True,False,False,True,Medium,Medium,-6.45,No
SV501244,45,12.6,10.0,62.8,1.0,1,1.0,12.99,0,Basic,Laptop,PayPal,True,False,False,True,Medium,High,-10.82,No
SV502436,23,25.0,3.9,69.1,11.5,2,1.0,12.99,50,Basic,Laptop,Credit Card,True,False,False,True,Medium,High,-5.06,No
SV503357,28,4.7,2.6,56.8,3.2,5,2.0,8.99,0,Standard,SmartTV,Credit Card,False,False,True,False,Medium,Medium,31.97,Yes
SV503131,27,7.4,20.6,38.6,8.8,1,0.0,12.99,20,Basic,Mobile,PayPal,True,True,True,False,High,High,4.94,No
SV503564,49,31.6,12.7,43.9,4.0,4,0.0,19.99,0,Standard,Mobile,Credit Card,False,True,False,False,High,High,-21.2,No
SV502868,35,33.4,5.3,10.7,0.1,5,2.0,12.99,0,Standard,Mobile,PayPal,True,True,False,False,Medium,Medium,-7.57,No
SV500084,21,6.0,14.0,12.8,0.2,5,0.0,12.99,20,Basic,SmartTV,Debit Card,False,False,False,True,Medium,High,-16.73,No
SV503450,17,51.8,8.1,51.3,5.3,3,1.0,12.99,30,Premium,Mobile,Debit Card,True,True,True,True,Medium,High,-7.16,No
SV501800,34,25.5,5.8,20.7,20.9,1,2.0,8.99,20,Basic,SmartTV,Credit Card,True,False,False,True,Medium,High,-16.03,No
SV500941,44,9.0,5.9,29.1,18.3,4,1.0,8.99,10,Basic,Mobile,PayPal,True,False,False,False,Low,Medium,13.79,Yes
SV500961,35,15.6,8.8,42.9,4.2,5,1.0,12.99,30,Basic,SmartTV,Credit Card,True,True,False,True,Low,High,4.01,No
SV500841,34,19.0,6.1,68.7,14.0,3,0.0,19.99,0,Basic,Tablet,Credit Card,True,False,True,True,Medium,High,6.5,Yes
SV502602,33,7.4,9.5,75.2,23.2,3,1.0,12.99,0,Basic,Laptop,Credit Card,True,False,True,True,Medium,High,8.92,Yes
SV502685,36,27.8,7.1,67.2,5.8,5,0.0,12.99,0,Basic,Mobile,Debit Card,True,False,False,False,Medium,High,0.84,No
SV503149,37,16.7,7.6,69.3,4.5,4,3.0,15.99,0,Basic,SmartTV,Debit Card,True,False,False,True,Medium,Low,35.06,Yes
SV500866,19,14.9,3.7,90.9,1.7,4,1.0,15.99,0,Basic,Laptop,Credit Card,True,False,True,True,Medium,High,17.12,Yes
SV503718,39,10.2,3.7,54.9,3.5,3,0.0,15.99,30,Basic,Laptop,PayPal,True,False,False,True,Medium,High,-13.31,No
SV503049,50,20.7,3.3,59.8,15.9,3,1.0,19.99,30,Basic,Mobile,PayPal,True,False,False,False,Low,High,1.21,No
SV500290,31,13.8,5.8,57.2,4.3,5,1.0,12.99,10,Standard,SmartTV,Gift Card,True,False,False,False,Low,Medium,32.58,Yes
SV502011,54,4.0,12.9,26.0,6.1,1,1.0,12.99,0,Standard,SmartTV,Debit Card,True,True,False,False,High,High,15.52,Yes
SV502543,43,17.1,11.4,64.8,1.9,5,3.0,19.99,0,Standard,Mobile,PayPal,True,False,False,False,Medium,Medium,-1.4,No
SV502202,35,18.6,2.6,40.6,13.7,5,1.0,19.99,0,Standard,Laptop,PayPal,True,False,True,False,Medium,High,-4.79,No
SV503412,35,33.5,5.8,69.1,2.5,4,0.0,12.99,10,Basic,Tablet,Credit Card,True,False,True,False,Medium,High,18.22,Yes
SV503615,43,1.0,7.6,41.0,9.7,1,1.0,15.99,20,Premium,SmartTV,Credit Card,True,False,False,True,Medium,High,1.5,No
SV500604,27,28.7,4.1,27.5,25.4,1,0.0,19.99,10,Basic,SmartTV,Credit Card,True,False,False,True,Low,High,8.76,Yes
SV502697,36,25.5,9.3,63.1,3.6,2,1.0,15.99,0,Basic,Mobile,Credit Card,True,True,False,True,Medium,,0.65,No
SV500916,50,18.4,6.4,80.8,7.6,3,0.0,15.99,20,Premium,SmartTV,PayPal,True,False,False,True,Medium,High,-17.59,No
SV503154,27,13.0,3.2,48.5,0.0,1,1.0,8.99,20,Basic,SmartTV,Debit Card,True,False,True,False,Medium,High,13.35,Yes
SV502442,23,22.6,6.4,98.2,2.9,4,4.0,8.99,20,Premium,SmartTV,Credit Card,True,False,False,False,Medium,Medium,-5.4,No
SV501099,48,45.0,4.7,83.7,5.5,5,1.0,15.99,0,Standard,SmartTV,Credit Card,True,False,True,True,Low,High,-5.73,No
SV501088,41,42.7,11.0,50.6,7.9,4,1.0,15.99,10,Premium,Mobile,Debit Card,False,False,False,False,High,Medium,-20.0,No
SV503883,48,5.6,6.4,67.6,9.7,4,0.0,12.99,30,Basic,Mobile,Credit Card,True,False,True,False,Medium,High,3.06,No
SV503151,24,14.1,3.1,46.1,16.4,2,1.0,15.99,30,Premium,SmartTV,PayPal,True,False,True,False,Medium,Medium,-8.55,No
SV501624,36,9.9,5.7,17.6,2.6,1,1.0,15.99,50,Basic,SmartTV,Gift Card,True,True,True,True,Medium,High,15.78,Yes
SV502514,35,4.4,13.2,63.6,11.1,5,1.0,12.99,0,Family,Tablet,Credit Card,True,False,True,False,High,High,-18.47,No
SV500821,50,20.2,5.4,59.7,3.7,2,0.0,8.99,30,Standard,Laptop,PayPal,True,False,True,True,Medium,Medium,-6.44,No
SV502167,16,11.4,1.4,43.5,5.0,4,1.0,15.99,10,Standard,Laptop,Debit Card,True,True,True,True,Low,High,0.77,No
SV502478,42,15.7,8.9,38.7,3.0,3,3.0,8.99,0,Premium,Mobile,Credit Card,True,False,False,True,Medium,High,-19.49,No
SV503774,46,20.7,6.5,68.6,9.8,1,0.0,8.99,0,Basic,SmartTV,Credit Card,True,False,False,False,High,High,-20.89,No
SV503223,16,20.5,7.0,59.1,2.7,1,1.0,8.99,0,Premium,SmartTV,Credit Card,False,False,False,True,Medium,,-19.85,No
SV503688,63,9.4,18.6,47.4,18.3,4,0.0,8.99,10,Premium,SmartTV,Credit Card,True,False,True,False,High,High,-28.77,No
SV501302,41,6.1,7.3,41.7,3.5,5,1.0,12.99,0,Premium,Mobile,PayPal,True,True,True,True,Medium,Medium,-21.34,No
SV501000,33,13.2,1.6,83.8,21.4,4,0.0,12.99,0,Family,SmartTV,Debit Card,True,False,False,False,Medium,High,-10.66,No
SV503285,45,36.6,1.7,92.3,0.2,3,1.0,19.99,0,Standard,SmartTV,Credit Card,True,False,True,False,Low,High,3.47,No
SV503560,42,6.7,7.8,50.1,18.1,4,1.0,12.99,10,Family,Mobile,Credit Card,False,True,False,False,Medium,High,-5.67,No
SV501505,39,11.4,3.1,78.5,13.7,5,1.0,8.99,0,Standard,Laptop,Credit Card,True,False,True,True,Low,High,-0.79,No
SV501477,18,37.5,2.1,73.3,8.2,3,2.0,19.99,50,Premium,SmartTV,Debit Card,False,True,False,True,Low,Medium,17.34,Yes
SV500018,44,57.8,0.7,62.1,1.7,3,1.0,19.99,0,Standard,Mobile,Debit Card,True,False,False,False,Low,High,5.11,Yes
SV501637,45,9.1,1.8,60.4,16.0,5,2.0,15.99,20,Premium,Tablet,Credit Card,True,True,False,False,Low,Medium,-2.05,No
SV501667,34,36.5,6.7,39.2,8.1,2,0.0,12.99,10,Premium,Laptop,Credit Card,True,False,False,False,Medium,Medium,2.73,No
SV500493,39,10.4,5.7,59.0,18.8,1,0.0,12.99,0,Family,Mobile,Credit Card,True,True,False,True,Low,Medium,25.74,Yes
SV501125,31,5.9,1.3,40.4,0.5,2,2.0,8.99,50,Family,SmartTV,Debit Card,True,False,False,False,Medium,High,-22.92,No
SV501404,28,24.2,6.1,76.1,5.2,4,5.0,8.99,0,Premium,Mobile,Debit Card,True,False,False,True,Medium,Low,7.11,Yes
SV503093,25,14.4,2.4,42.3,0.5,1,1.0,8.99,0,Premium,SmartTV,PayPal,True,True,False,False,Medium,High,-12.19,No
SV503863,52,7.5,1.6,10.1,2.4,2,0.0,15.99,10,Standard,Laptop,Gift Card,True,True,True,False,Low,High,-5.69,No
SV502721,48,5.9,5.4,60.5,2.0,3,0.0,12.99,20,Standard,Laptop,Gift Card,True,False,False,True,Medium,High,-1.89,No
SV502447,29,13.2,5.0,33.7,18.2,3,1.0,15.99,0,Standard,Laptop,PayPal,True,False,False,True,Low,High,-8.37,No
SV502423,29,14.7,21.0,64.1,4.0,4,0.0,12.99,0,Family,Mobile,PayPal,True,False,True,True,High,High,-27.27,No
SV502269,29,37.0,6.0,15.9,6.2,2,1.0,12.99,30,Standard,Mobile,Debit Card,True,False,True,False,Low,High,15.41,Yes
SV502132,30,20.2,4.6,77.6,1.5,3,0.0,15.99,0,Premium,Mobile,Gift Card,True,False,False,True,Medium,Medium,-12.92,No
SV500584,42,8.7,4.6,34.4,0.7,3,2.0,8.99,50,Standard,Tablet,Credit Card,True,True,True,False,Low,Medium,-0.6,No
SV502623,36,20.6,1.8,53.2,1.7,3,0.0,12.99,30,Basic,Mobile,PayPal,False,False,False,False,Low,High,6.17,Yes
SV500687,50,16.7,5.9,92.8,0.3,5,1.0,12.99,0,Premium,SmartTV,PayPal,True,False,False,True,Medium,High,-22.0,No
SV503332,16,6.0,7.0,43.9,14.9,5,1.0,19.99,0,Family,Tablet,Credit Card,True,False,False,False,Medium,Medium,11.46,Yes
SV502284,39,13.7,5.1,38.5,5.7,2,2.0,19.99,0,Basic,SmartTV,Credit Card,True,False,False,False,Medium,High,15.69,Yes
SV503133,27,4.1,2.7,41.4,22.5,5,0.0,15.99,10,Basic,SmartTV,Debit Card,False,False,False,True,Low,High,19.98,Yes
SV501608,32,3.5,3.3,55.4,19.5,1,1.0,12.99,10,Premium,Laptop,Credit Card,True,False,False,False,Low,High,20.87,Yes
SV502672,29,20.1,14.5,21.8,0.7,4,1.0,12.99,0,Standard,Tablet,Credit Card,True,False,False,False,High,High,-1.09,No
SV502232,20,12.5,2.3,53.8,0.7,2,3.0,12.99,0,Standard,Mobile,PayPal,True,True,False,True,Low,Low,23.94,Yes
SV501009,38,12.9,10.1,60.3,0.5,2,1.0,15.99,0,Standard,Mobile,Debit Card,True,False,False,True,High,High,-3.23,No
SV503199,29,6.4,5.2,36.6,1.3,5,0.0,12.99,0,Premium,SmartTV,PayPal,True,False,False,False,Medium,Medium,3.09,No
SV502307,34,8.6,8.4,19.7,18.0,1,1.0,8.99,0,Standard,Tablet,Debit Card,True,False,False,False,Medium,High,-16.67,No
SV500360,32,20.5,2.8,71.6,17.1,5,58.0,15.99,20,Basic,Mobile,Credit Card,True,True,False,False,Medium,High,-5.61,No
SV503396,24,10.6,16.3,55.9,21.6,3,,12.99,0,Standard,SmartTV,Credit Card,True,True,False,True,Medium,Medium,-4.56,No
SV503647,30,3.0,4.5,12.9,2.5,4,2.0,12.99,10,Standard,SmartTV,Debit Card,True,False,False,True,Medium,Medium,-1.64,No
SV502924,27,38.6,8.8,27.9,3.1,4,1.0,12.99,20,Basic,Mobile,Debit Card,False,True,False,True,Medium,High,-0.96,No
SV501677,38,5.9,0.8,38.2,4.9,1,0.0,8.99,0,Premium,SmartTV,Credit Card,True,False,False,False,Low,High,-23.97,No
SV501310,21,16.0,6.4,80.6,4.5,2,1.0,8.99,0,Standard,Mobile,Credit Card,True,False,False,False,Medium,Medium,-6.71,No
SV501170,21,38.7,5.6,31.0,5.0,3,2.0,15.99,0,Basic,Tablet,Debit Card,True,False,False,True,Medium,Medium,-10.87,No
SV501954,36,3.0,9.4,55.5,16.9,5,0.0,19.99,10,Standard,Mobile,Credit Card,True,True,False,True,Medium,High,-17.28,No
SV500800,25,9.5,3.6,73.7,27.8,3,1.0,15.99,30,Standard,SmartTV,Gift Card,True,False,False,False,Low,High,28.65,Yes
SV502400,29,3.5,5.3,30.9,22.5,2,0.0,15.99,0,Basic,SmartTV,PayPal,True,False,True,False,Medium,High,27.81,Yes
SV500344,52,18.4,1.0,56.7,21.0,2,1.0,15.99,20,Basic,Mobile,Credit Card,False,True,False,False,Low,High,24.65,Yes
SV502694,49,31.0,4.9,61.6,7.7,1,1.0,8.99,0,Standard,Mobile,Credit Card,False,False,False,True,Medium,High,-0.57,No
SV500986,19,3.7,7.9,43.5,6.3,2,1.0,8.99,0,Standard,Mobile,Credit Card,True,True,True,False,Medium,High,24.29,Yes
SV502525,42,21.5,2.9,95.8,19.5,4,1.0,12.99,20,Family,Mobile,Debit Card,True,False,False,False,Medium,High,-22.84,No
SV500743,16,11.8,5.8,58.9,41.0,3,1.0,15.99,0,Standard,Tablet,PayPal,False,False,True,False,Medium,High,40.68,Yes
SV502946,52,3.3,11.0,47.6,2.9,5,2.0,12.99,10,Family,Laptop,PayPal,True,True,True,True,Medium,Medium,-11.75,No
SV501671,16,15.6,14.7,58.8,0.7,3,0.0,19.99,50,Family,Mobile,Debit Card,True,False,False,True,High,High,-24.69,No
SV502446,30,21.8,5.2,61.8,5.5,4,1.0,12.99,50,Basic,SmartTV,PayPal,False,False,False,False,Low,High,-11.19,No
SV502022,35,37.4,14.5,53.3,4.6,5,2.0,12.99,20,Premium,Mobile,Debit Card,True,False,False,False,Medium,Medium,2.06,No
SV500113,18,8.3,5.4,54.7,2.3,5,0.0,8.99,0,Standard,SmartTV,Credit Card,True,False,True,False,Low,High,3.1,No
SV501437,16,31.5,4.3,66.1,3.8,1,0.0,8.99,0,Standard,Mobile,PayPal,True,False,False,True,Low,High,-14.75,No
SV502971,33,4.5,10.2,39.9,8.9,2,2.0,8.99,10,Standard,Mobile,Credit Card,True,False,True,True,Medium,Medium,1.75,No
SV501241,23,2.5,16.4,55.9,8.2,5,,15.99,0,Family,Mobile,Credit Card,True,False,False,True,High,High,-21.04,No
SV501142,16,22.1,3.5,59.2,0.2,4,1.0,15.99,0,Premium,SmartTV,Credit Card,True,False,False,True,Low,High,-8.28,No
SV502409,28,10.7,6.4,25.1,9.8,1,0.0,12.99,10,Premium,SmartTV,Credit Card,True,False,False,True,Medium,High,-21.4,No
SV501216,16,14.4,3.9,69.0,15.9,2,3.0,12.99,50,Standard,SmartTV,PayPal,True,False,True,True,Medium,Medium,0.06,No
SV501825,41,9.5,6.7,42.0,6.9,1,1.0,8.99,0,Standard,Mobile,Credit Card,True,False,False,True,Medium,High,-14.43,No
SV501198,50,3.4,3.4,53.8,5.8,1,0.0,12.99,50,Basic,SmartTV,Debit Card,False,True,True,True,Low,High,26.9,Yes
SV500085,39,21.6,5.4,,7.2,3,1.0,15.99,30,Premium,Mobile,Credit Card,True,False,False,True,Low,Medium,2.9,No
SV501518,31,10.8,2.9,67.1,2.9,1,1.0,15.99,10,Basic,SmartTV,PayPal,False,False,False,False,Low,High,17.48,Yes
SV503833,25,15.0,11.0,31.9,18.3,2,3.0,19.99,0,Premium,SmartTV,Debit Card,True,False,False,True,High,High,-25.1,No
SV501381,16,45.5,8.6,34.6,0.2,5,1.0,12.99,0,Standard,Mobile,PayPal,False,False,False,False,Medium,Medium,-3.66,No
SV501375,38,11.7,8.6,69.9,17.4,3,2.0,8.99,10,Premium,Mobile,Debit Card,True,False,False,True,Low,Medium,5.76,Yes
SV500668,28,8.6,3.1,59.8,0.7,1,,8.99,0,Standard,SmartTV,Gift Card,True,True,True,False,Low,Medium,-7.12,No
SV502655,28,17.0,7.5,67.7,1.3,2,0.0,15.99,50,Premium,Mobile,Gift Card,True,True,True,False,Medium,High,1.82,No
SV501014,23,31.1,0.5,43.0,8.4,2,0.0,8.99,20,Standard,Mobile,Credit Card,True,True,False,False,Low,High,-22.7,No
SV500128,27,21.3,6.1,45.1,0.4,1,0.0,8.99,0,Basic,SmartTV,Debit Card,True,False,False,True,Medium,Medium,9.84,Yes
SV501364,30,21.0,4.1,33.0,0.6,3,1.0,15.99,0,Standard,Mobile,Debit Card,True,True,False,False,Low,High,4.82,No
SV503144,30,31.5,1.2,55.3,4.8,2,2.0,12.99,10,Basic,SmartTV,PayPal,False,False,False,False,Low,Medium,3.94,No
SV502370,22,34.0,9.6,51.8,2.3,2,0.0,12.99,20,Premium,Tablet,Debit Card,True,True,True,False,Medium,High,-9.79,No
SV500891,28,10.0,0.5,48.7,0.5,5,4.0,12.99,30,Basic,SmartTV,PayPal,True,False,False,True,Low,Medium,-7.47,No
SV503498,31,4.7,4.4,52.4,2.0,4,1.0,12.99,0,Basic,Laptop,Credit Card,True,True,False,False,Medium,High,6.93,Yes
SV501359,31,6.2,1.6,33.6,2.2,5,0.0,15.99,10,Basic,SmartTV,Credit Card,True,False,False,False,Medium,Medium,2.85,No
SV500307,48,15.5,6.7,18.0,17.9,5,0.0,15.99,0,Basic,SmartTV,Credit Card,True,False,False,True,Medium,High,-4.34,No
SV502968,56,13.3,1.7,16.9,24.3,4,0.0,15.99,20,Basic,Mobile,Credit Card,True,False,False,True,Low,Medium,1.42,No
SV503715,25,19.0,8.4,43.9,1.8,3,1.0,12.99,20,Family,Laptop,Debit Card,True,True,False,False,High,Medium,-10.95,No
SV500383,20,21.7,3.6,11.1,21.6,2,1.0,12.99,30,Family,SmartTV,Debit Card,True,False,False,True,Low,Medium,-11.87,No
SV500150,32,12.2,5.4,55.3,25.0,1,0.0,12.99,50,Standard,SmartTV,Debit Card,True,True,False,False,Medium,High,-10.73,No
SV502174,38,14.9,3.4,36.3,9.1,4,0.0,15.99,30,Standard,Laptop,Credit Card,True,True,False,False,Medium,High,8.36,Yes
SV501317,38,19.3,2.6,45.7,7.5,3,0.0,12.99,50,Basic,Laptop,Credit Card,False,False,False,False,Low,High,11.63,Yes
SV501451,40,11.0,2.2,51.0,15.4,3,2.0,12.99,30,Standard,Mobile,Credit Card,True,True,False,True,Low,Medium,-9.89,No
SV503864,16,6.2,2.7,21.5,22.0,2,2.0,12.99,20,Premium,SmartTV,Debit Card,True,False,False,True,Low,Medium,-0.48,No
SV503664,32,12.4,2.7,55.4,2.6,4,1.0,15.99,0,Standard,SmartTV,PayPal,True,True,False,True,Medium,High,-12.39,No
SV500426,43,33.7,15.0,53.6,1.4,1,1.0,12.99,30,Standard,Mobile,Debit Card,True,True,True,True,High,High,-17.1,No
SV500494,31,16.8,22.0,45.9,2.3,4,2.0,19.99,0,Basic,SmartTV,Credit Card,True,True,True,True,High,Medium,-8.25,No
SV501207,24,27.0,9.8,43.3,12.0,5,2.0,15.99,50,Standard,Laptop,PayPal,True,False,True,False,Medium,High,3.9,No
SV503633,33,0.5,14.7,41.0,7.8,4,0.0,19.99,0,Family,Laptop,PayPal,True,False,False,False,High,Medium,-11.96,No
SV502471,29,14.1,5.1,18.5,4.7,1,1.0,15.99,0,Premium,SmartTV,Credit Card,True,False,False,True,Low,High,-8.92,No
SV501208,59,12.3,6.4,26.7,14.3,1,0.0,8.99,50,Standard,Laptop,Credit Card,True,True,True,False,Medium,High,-17.31,No
SV501820,16,34.2,3.2,60.4,15.5,5,0.0,15.99,10,Basic,Mobile,Debit Card,True,True,False,True,Low,High,10.55,Yes
SV503033,38,2.6,10.9,33.1,29.4,5,2.0,19.99,0,Premium,Mobile,Debit Card,False,False,False,True,Medium,Medium,1.27,No
SV503217,47,9.5,9.6,51.8,9.3,5,3.0,15.99,0,Premium,Tablet,PayPal,True,False,False,False,High,Medium,-4.7,No
SV503671,40,40.0,1.8,37.1,0.2,3,1.0,12.99,30,Basic,SmartTV,PayPal,True,False,True,False,Low,High,9.48,Yes
SV502714,32,23.1,9.8,48.2,5.4,5,2.0,8.99,0,Basic,Tablet,Debit Card,True,True,True,False,High,High,-9.64,No
SV501966,37,35.3,7.9,38.1,2.5,2,1.0,8.99,10,Standard,SmartTV,Gift Card,True,False,True,True,Medium,Medium,-3.74,No
SV501239,51,24.9,8.4,43.5,18.2,5,2.0,8.99,0,Standard,Laptop,Credit Card,True,False,False,True,Medium,Medium,5.52,Yes
SV502775,63,3.4,8.3,51.3,10.5,2,1.0,19.99,30,Standard,SmartTV,Credit Card,True,False,False,True,Medium,Medium,5.08,Yes
SV502179,30,28.4,3.6,52.8,38.0,1,0.0,12.99,0,Basic,Mobile,Credit Card,False,False,False,False,High,High,28.41,Yes
SV500275,38,6.3,21.6,41.8,0.2,1,0.0,12.99,10,Basic,Laptop,Debit Card,False,False,True,True,High,High,-24.54,No
SV500489,41,10.7,6.3,34.1,40.3,4,4.0,15.99,20,Family,Laptop,Credit Card,True,False,False,False,Medium,Low,33.9,Yes
SV503153,33,42.1,12.6,28.0,13.5,3,2.0,8.99,0,Basic,Mobile,Debit Card,True,False,False,True,High,Medium,-31.12,No
SV501229,40,26.4,4.6,49.9,7.3,5,1.0,12.99,0,Premium,SmartTV,Credit Card,True,False,True,True,Low,High,-20.0,No
SV500690,37,47.5,2.5,64.9,0.9,4,,8.99,0,Standard,SmartTV,PayPal,False,False,False,True,Low,High,-4.16,No
SV503303,45,19.0,4.7,69.7,6.3,2,1.0,8.99,20,Basic,Mobile,Debit Card,True,False,False,False,Low,High,-8.72,No
SV502651,16,10.2,5.5,32.6,26.5,5,1.0,12.99,20,Standard,Mobile,Credit Card,True,True,False,False,High,Medium,-8.17,No
SV502819,43,31.7,10.2,25.2,12.9,2,1.0,12.99,0,Family,Mobile,Credit Card,True,False,True,True,High,High,-13.83,No
SV502528,46,10.0,4.8,62.4,2.6,2,1.0,8.99,20,Standard,SmartTV,Gift Card,True,False,False,False,Low,High,0.19,No
SV501780,43,3.6,3.5,61.9,6.9,3,0.0,8.99,0,Premium,Mobile,PayPal,True,False,False,True,Medium,High,29.52,Yes
SV503662,29,22.0,14.4,92.7,1.4,3,1.0,15.99,0,Standard,SmartTV,Gift Card,False,False,True,False,High,Medium,-4.36,No
SV502755,21,8.8,8.4,72.8,6.1,3,,15.99,20,Family,Mobile,Debit Card,True,True,False,False,Medium,Medium,-10.17,No
SV501058,35,18.9,5.7,53.4,4.0,2,0.0,15.99,0,Premium,Laptop,Gift Card,True,False,False,False,Medium,High,-6.2,No
SV500118,52,34.3,13.9,39.2,8.3,2,2.0,19.99,10,Family,SmartTV,Debit Card,False,False,False,False,High,High,-8.61,No
SV501024,16,7.4,4.5,71.2,21.7,4,0.0,15.99,0,Family,Mobile,Debit Card,True,False,False,True,Medium,High,-15.85,No
SV503016,27,6.2,15.7,63.4,0.8,4,1.0,8.99,10,Standard,Mobile,PayPal,True,False,True,False,High,High,-21.18,No
SV500281,16,46.7,3.2,76.9,17.7,5,1.0,8.99,0,Basic,Tablet,PayPal,False,True,False,False,Low,High,-9.08,No
SV502342,16,15.1,11.5,19.8,5.7,5,1.0,12.99,0,Basic,Laptop,Credit Card,True,False,False,True,Medium,High,-6.17,No
SV501316,32,9.6,6.8,48.2,21.1,5,0.0,15.99,0,Standard,SmartTV,Credit Card,True,True,True,True,High,High,-9.12,No
SV503091,27,17.0,2.9,37.2,10.1,1,1.0,12.99,0,Standard,Mobile,Credit Card,True,False,False,False,Low,High,0.18,No
SV500968,44,12.4,13.9,57.4,11.2,2,1.0,12.99,0,Standard,Laptop,Gift Card,True,False,False,False,Medium,High,-15.12,No
SV501665,26,66.6,9.2,52.5,5.0,2,0.0,8.99,30,Premium,Mobile,Debit Card,True,False,False,False,Medium,High,-22.54,No
SV503985,27,8.8,7.5,41.7,17.1,2,0.0,12.99,20,Family,SmartTV,Gift Card,True,True,False,False,Medium,High,-9.52,No
SV501905,21,42.0,10.4,46.0,12.6,4,2.0,12.99,10,Family,Mobile,Debit Card,True,False,False,True,Medium,Medium,-12.3,No
SV502564,46,18.1,9.9,39.7,8.3,5,2.0,15.99,0,Family,SmartTV,Debit Card,True,True,False,True,High,High,-10.4,No
SV503937,39,1.5,25.9,48.9,2.9,2,1.0,12.99,0,Basic,SmartTV,Credit Card,False,False,False,False,High,Low,-10.11,No
SV502309,37,18.1,8.1,56.8,10.8,5,0.0,19.99,30,Basic,Tablet,Credit Card,True,True,True,True,Medium,High,0.4,No
SV500619,50,20.0,5.1,,3.9,1,2.0,8.99,0,Basic,Laptop,Debit Card,True,True,True,True,Medium,High,9.42,Yes
SV502118,36,9.7,5.9,46.1,4.0,2,3.0,15.99,0,Basic,Mobile,Debit Card,True,False,True,True,Low,Medium,16.3,Yes
SV501742,40,12.7,5.4,22.4,8.9,4,0.0,15.99,10,Basic,SmartTV,Debit Card,True,False,True,True,Medium,,27.93,Yes
SV503271,30,36.1,4.7,32.3,5.5,2,0.0,8.99,0,Standard,Laptop,Credit Card,False,False,False,True,Low,High,-11.57,No
SV500155,53,18.2,8.5,97.4,2.4,2,0.0,8.99,0,Family,SmartTV,Debit Card,True,False,False,False,Medium,High,-6.27,No
SV501847,22,23.9,3.4,,5.0,3,1.0,12.99,0,Family,Mobile,Credit Card,True,False,False,True,Medium,Medium,-6.11,No
SV503898,27,1.2,19.7,42.5,9.9,3,1.0,8.99,0,Premium,Mobile,Gift Card,True,False,False,True,High,High,-22.03,No
SV501655,17,43.0,17.2,40.9,29.3,4,1.0,15.99,0,Premium,SmartTV,Credit Card,True,False,True,False,High,High,-16.62,No
SV502460,20,14.2,7.3,65.3,27.6,4,2.0,12.99,30,Premium,SmartTV,Credit Card,True,False,False,False,Medium,High,-26.28,No
SV500304,33,27.5,5.2,33.0,13.9,3,3.0,12.99,0,Family,SmartTV,Gift Card,True,False,True,False,Low,Medium,32.44,Yes
SV502582,33,8.9,13.7,60.1,5.1,4,5.0,15.99,0,Standard,Mobile,Credit Card,True,False,True,False,Medium,Low,28.01,Yes
SV503388,17,5.8,5.0,84.3,7.1,1,1.0,8.99,30,Premium,Laptop,Debit Card,True,False,False,False,Medium,High,-13.3,No
SV503013,35,1.2,23.8,50.7,2.6,1,3.0,15.99,10,Family,Mobile,Gift Card,True,False,False,True,High,Medium,2.67,No
SV501956,44,45.6,5.9,61.7,16.2,4,2.0,8.99,20,Standard,SmartTV,Credit Card,True,False,True,True,Medium,Medium,-8.93,No
SV503995,27,72.0,1.4,18.9,6.1,3,2.0,8.99,0,Basic,Mobile,Credit Card,True,False,False,True,Low,High,-7.91,No
SV502964,34,21.9,10.8,47.4,10.4,5,2.0,19.99,0,Premium,Mobile,Credit Card,True,False,False,False,Medium,High,13.75,Yes
SV501307,48,23.5,14.8,38.4,11.8,3,2.0,15.99,0,Basic,SmartTV,Debit Card,True,False,False,True,High,Medium,-19.39,No
SV502422,51,5.2,12.8,,14.8,2,0.0,12.99,0,Family,SmartTV,Gift Card,True,False,False,False,Medium,High,-10.8,No
SV500575,18,9.2,6.1,60.4,3.7,3,0.0,19.99,10,Basic,Laptop,Credit Card,True,False,False,True,Low,High,-16.63,No
SV502596,48,54.8,5.1,41.7,19.6,5,1.0,15.99,0,Family,Mobile,Debit Card,True,False,False,False,Low,Medium,23.2,Yes
SV503955,16,8.7,8.3,63.6,9.8,1,0.0,19.99,30,Family,SmartTV,Gift Card,True,False,True,True,High,High,-18.37,No
SV503488,35,13.2,10.9,63.4,5.9,4,1.0,19.99,10,Standard,SmartTV,Credit Card,False,False,False,True,Medium,High,2.37,No
SV501706,29,4.3,3.9,48.1,7.3,3,1.0,19.99,0,Standard,SmartTV,Credit Card,True,False,False,True,Low,High,38.13,Yes
SV503500,31,18.9,7.2,63.1,21.0,1,0.0,15.99,0,Standard,Laptop,Debit Card,False,False,False,False,Medium,High,5.73,Yes
SV501299,23,26.1,18.1,16.6,5.4,5,1.0,12.99,0,Standard,SmartTV,Credit Card,True,False,False,True,High,High,-11.39,No
SV500132,41,18.7,22.3,73.2,1.7,5,0.0,19.99,20,Basic,Mobile,PayPal,True,False,True,True,High,High,1.22,No
SV502953,16,18.5,24.1,34.4,22.0,1,0.0,8.99,0,Premium,SmartTV,Gift Card,True,True,True,True,High,High,-33.08,No
SV503192,35,5.4,4.9,42.5,3.0,1,1.0,15.99,0,Basic,Mobile,Credit Card,True,True,False,False,Low,High,19.37,Yes
SV500861,18,30.1,5.0,33.7,1.3,4,1.0,12.99,0,Basic,Mobile,Credit Card,True,True,False,False,Medium,High,12.73,Yes
SV500843,33,9.4,12.4,77.4,5.4,4,0.0,8.99,10,Standard,SmartTV,Credit Card,True,False,False,True,High,High,-18.3,No
SV501801,39,5.1,9.4,44.9,1.8,4,3.0,12.99,0,Standard,SmartTV,Debit Card,False,False,False,False,High,Low,31.96,Yes
SV501628,38,8.1,5.4,58.4,22.3,2,1.0,15.99,10,Premium,Mobile,Debit Card,True,False,True,False,Low,High,-3.27,No
SV501993,45,12.4,6.2,42.1,6.0,2,1.0,8.99,0,Standard,SmartTV,Debit Card,True,False,True,True,Low,High,-15.06,No
SV502588,37,5.8,11.0,69.6,21.0,5,2.0,12.99,20,Family,Mobile,Credit Card,True,False,False,False,Medium,High,1.26,No
SV500269,34,18.6,2.2,62.8,6.0,2,3.0,15.99,0,Standard,Mobile,PayPal,True,False,False,True,Medium,Medium,5.98,Yes
SV500629,16,16.7,4.7,51.9,2.0,1,1.0,19.99,10,Family,Mobile,Debit Card,True,True,True,False,Medium,High,-2.28,No
SV501730,33,7.5,27.8,39.6,4.3,2,0.0,8.99,0,Standard,Tablet,Credit Card,True,False,False,False,High,High,-26.14,No
SV501033,39,9.6,1.2,44.5,7.9,5,3.0,19.99,0,Standard,SmartTV,Debit Card,True,True,False,True,Low,High,8.19,Yes
SV502314,39,10.3,8.7,65.7,4.8,1,0.0,12.99,20,Premium,Tablet,Credit Card,False,False,False,True,Medium,High,-20.36,No
SV500286,37,21.6,1.9,57.8,22.6,5,1.0,12.99,10,Family,SmartTV,Gift Card,True,False,True,True,Low,High,-10.5,No
SV501326,37,6.3,6.4,77.8,1.9,1,1.0,8.99,0,Standard,SmartTV,Credit Card,True,True,False,True,Low,Medium,-8.66,No
SV502929,31,14.5,1.6,78.9,8.1,2,1.0,12.99,0,Family,Laptop,Debit Card,False,False,False,False,Low,High,15.34,Yes
SV500300,53,13.0,4.4,44.4,2.3,4,1.0,19.99,30,Premium,SmartTV,Debit Card,True,False,True,False,Medium,High,-26.95,No
SV503165,38,20.1,5.2,30.8,8.5,2,1.0,15.99,0,Premium,Mobile,Credit Card,True,False,True,True,Medium,High,-12.15,No
SV502887,36,3.4,160.6,36.0,0.9,4,2.0,8.99,0,Standard,Mobile,Gift Card,False,True,True,False,Low,,34.97,Yes
SV503588,25,46.0,10.6,48.8,1.6,3,4.0,12.99,20,Basic,Mobile,Debit Card,True,False,False,True,Medium,Medium,1.09,No
SV501447,51,29.8,3.0,65.2,7.4,4,0.0,8.99,20,Standard,SmartTV,Credit Card,True,True,False,True,Medium,High,-11.05,No
SV501472,34,12.9,18.7,,3.0,4,0.0,12.99,0,Family,Tablet,PayPal,True,True,False,False,High,High,-29.7,No
SV502817,43,18.4,11.4,43.0,5.2,1,1.0,15.99,20,Family,SmartTV,Credit Card,True,True,False,True,Medium,High,-38.1,No
SV502769,42,1.8,6.1,54.0,34.5,1,1.0,8.99,0,Premium,SmartTV,Credit Card,False,True,False,False,Low,Medium,25.88,Yes
SV501186,31,15.4,9.8,15.2,0.1,3,0.0,8.99,0,Basic,Mobile,Debit Card,True,True,False,False,Medium,Medium,4.35,No
SV500065,43,30.2,7.3,56.3,0.6,1,1.0,12.99,0,Standard,SmartTV,Debit Card,False,True,False,False,Low,High,-2.74,No
SV502940,52,9.9,8.3,52.2,14.5,5,1.0,12.99,0,Premium,SmartTV,Credit Card,True,False,False,True,Medium,Medium,-17.14,No
SV501880,42,9.6,2.6,84.9,1.4,1,1.0,12.99,0,Standard,Mobile,Gift Card,True,False,False,True,Low,High,1.02,No
SV500890,25,11.3,3.7,65.7,9.1,4,1.0,15.99,30,Basic,Tablet,Debit Card,False,True,False,False,Medium,High,11.94,Yes
SV503075,25,4.9,14.5,35.5,2.2,5,2.0,19.99,50,Premium,Laptop,PayPal,True,True,False,True,Medium,High,-15.99,No
SV503466,49,0.9,3.9,35.5,10.0,3,0.0,19.99,0,Standard,Mobile,Credit Card,True,False,False,False,High,High,7.22,Yes
SV501766,21,19.1,14.0,19.0,3.0,5,0.0,8.99,0,Standard,Mobile,Credit Card,False,False,False,False,High,Medium,-0.28,No
SV502510,27,5.2,3.3,5.5,1.9,5,1.0,15.99,20,Family,SmartTV,Debit Card,False,True,True,True,Low,,-10.8,No
SV502104,31,22.7,3.2,52.3,4.7,5,2.0,19.99,30,Standard,SmartTV,PayPal,False,False,False,False,Medium,Medium,31.18,Yes
SV502008,47,18.8,6.5,50.6,12.1,2,1.0,19.99,0,Standard,SmartTV,Credit Card,True,True,False,False,Low,High,12.57,Yes
SV500230,18,65.9,6.9,33.1,1.3,2,2.0,8.99,0,Basic,Laptop,PayPal,True,True,True,False,Medium,High,10.18,Yes
SV500503,17,20.6,3.2,53.4,3.8,2,0.0,15.99,30,Standard,SmartTV,PayPal,False,False,False,True,Medium,Medium,0.92,No
SV502095,43,6.7,12.6,45.7,1.0,1,1.0,12.99,0,Premium,SmartTV,Credit Card,True,False,False,False,Medium,High,-21.37,No
SV502748,32,4.1,9.1,75.9,11.5,1,1.0,8.99,50,Basic,Mobile,PayPal,False,True,False,True,Medium,High,-11.76,No
SV500380,35,25.6,4.4,69.0,8.8,3,0.0,12.99,30,Standard,SmartTV,PayPal,True,True,False,True,Low,High,-0.16,No
SV503035,39,4.1,17.9,84.8,1.7,1,3.0,8.99,0,Standard,Mobile,Credit Card,True,False,False,False,High,Medium,16.81,Yes
SV501525,46,25.1,11.3,38.0,7.2,4,2.0,19.99,50,Premium,Laptop,PayPal,True,False,False,False,Medium,Medium,13.17,Yes
SV503043,29,26.3,0.5,36.9,20.0,1,0.0,8.99,10,Standard,Mobile,PayPal,False,False,False,True,Low,High,4.89,No
SV502115,31,6.5,1.7,26.6,0.5,3,2.0,8.99,0,Premium,SmartTV,Credit Card,True,True,False,False,Low,Medium,3.45,No
SV501004,34,17.8,8.0,5.8,8.6,4,0.0,8.99,0,Family,Laptop,Credit Card,True,True,False,False,Medium,High,-11.62,No
SV501957,21,2.9,8.0,47.2,1.1,2,3.0,12.99,0,Standard,Mobile,Debit Card,True,False,False,False,Medium,Medium,7.84,Yes
SV500836,30,1.8,3.3,70.9,0.1,2,3.0,12.99,0,Standard,SmartTV,PayPal,True,False,False,False,Low,Medium,41.17,Yes
SV502377,26,29.1,4.7,55.6,3.4,3,0.0,8.99,0,Basic,Tablet,PayPal,True,False,False,True,Medium,Medium,-3.72,No
SV500374,40,10.9,1.4,43.5,4.3,3,0.0,15.99,0,Standard,SmartTV,Credit Card,True,False,True,False,Low,High,0.79,No
SV502750,38,1.6,16.1,84.9,1.2,2,2.0,19.99,0,Standard,Mobile,Credit Card,True,False,False,False,Medium,Low,-10.03,No
SV502798,40,48.9,6.1,46.8,0.7,2,0.0,8.99,30,Basic,SmartTV,Credit Card,False,True,False,False,Medium,High,-22.99,No
SV502936,16,10.9,11.1,57.7,13.4,4,0.0,15.99,0,Basic,Tablet,Debit Card,True,False,False,True,Medium,High,-16.63,No
SV500939,44,5.9,3.0,44.6,2.5,2,0.0,12.99,0,Standard,Mobile,Gift Card,True,False,True,True,Low,High,6.62,Yes
SV501321,28,25.5,5.3,8.0,0.9,5,3.0,15.99,0,Basic,Laptop,Credit Card,True,True,True,False,Medium,Medium,25.34,Yes
SV503555,31,20.1,7.3,54.6,11.2,4,2.0,19.99,50,Premium,Tablet,Credit Card,True,False,False,False,Medium,High,-4.62,No
SV503399,29,20.5,5.8,60.3,1.3,1,2.0,12.99,0,Premium,Mobile,Credit Card,False,False,True,True,Medium,High,-9.46,No
SV502505,44,38.5,11.4,48.1,4.4,5,1.0,8.99,0,Premium,SmartTV,PayPal,True,True,False,False,High,High,-31.09,No
SV500529,51,6.1,8.9,75.9,11.2,4,3.0,19.99,50,Premium,Mobile,Credit Card,True,True,False,True,Medium,Medium,-4.35,No
SV503046,39,37.4,3.0,73.8,11.8,4,2.0,12.99,30,Basic,Mobile,Credit Card,False,False,False,True,Low,High,-7.31,No
SV500636,32,3.5,10.3,46.8,18.6,1,0.0,8.99,0,Basic,Mobile,Debit Card,True,True,False,True,Medium,High,-9.66,No
SV501269,41,11.9,4.2,82.3,9.6,4,1.0,15.99,0,Standard,Tablet,Credit Card,True,False,True,True,Low,High,6.19,Yes
SV500185,51,20.8,7.1,45.8,8.5,5,0.0,15.99,0,Standard,SmartTV,PayPal,True,True,False,False,Medium,High,13.15,Yes
SV502506,51,25.7,7.7,3.0,3.3,3,0.0,12.99,20,Standard,SmartTV,Credit Card,True,False,False,True,Medium,High,-34.26,No
SV502624,28,31.8,5.3,62.7,22.0,1,1.0,12.99,0,Standard,Mobile,Credit Card,True,False,True,True,Low,High,-6.45,No
SV502266,41,16.1,2.8,61.1,22.6,4,1.0,12.99,0,Standard,Mobile,Credit Card,True,True,False,True,Medium,High,1.34,No
SV501797,32,28.5,6.2,58.0,6.0,3,3.0,19.99,10,Standard,SmartTV,Credit Card,False,False,False,False,Medium,High,-5.14,No
SV501441,38,10.0,19.9,67.0,1.4,1,2.0,15.99,0,Premium,Mobile,PayPal,True,False,False,True,High,High,-22.53,No
SV501535,23,20.3,0.3,87.6,7.5,4,1.0,12.99,10,Standard,Mobile,Debit Card,True,False,True,False,Low,Medium,2.59,No
SV501273,38,12.4,7.2,61.0,6.2,4,3.0,8.99,20,Standard,Laptop,Credit Card,True,False,True,True,Medium,Medium,-4.26,No
SV500607,39,10.1,11.2,32.8,0.7,3,0.0,12.99,0,Standard,Mobile,Gift Card,False,False,False,False,Medium,High,-1.07,No
SV501712,41,11.5,5.1,36.9,37.3,3,1.0,8.99,20,Family,SmartTV,Credit Card,True,False,False,False,High,High,-4.77,No
SV503970,17,2.3,10.1,44.8,9.8,2,2.0,15.99,0,Basic,Tablet,Gift Card,True,False,True,True,High,Medium,20.38,Yes
SV502548,16,20.3,8.2,59.4,16.5,1,1.0,19.99,0,Family,Mobile,Credit Card,True,False,False,True,Medium,Medium,1.94,No
SV503250,47,13.7,8.8,67.8,14.9,2,1.0,8.99,0,Premium,Mobile,PayPal,True,False,True,False,High,High,-21.66,No
SV503630,42,7.5,7.1,,12.2,4,1.0,8.99,10,Basic,Tablet,Debit Card,True,True,False,True,Medium,High,-10.41,No
SV503347,36,61.3,20.2,20.9,9.0,2,,19.99,0,Standard,Mobile,Credit Card,False,False,False,False,High,High,-18.36,No
SV501977,36,21.0,1.0,53.1,18.6,3,0.0,8.99,20,Family,Mobile,Credit Card,True,False,False,False,Medium,High,-10.95,No
SV500158,29,15.5,7.7,14.8,0.6,5,1.0,8.99,20,Standard,Mobile,PayPal,True,False,True,True,High,High,-21.45,No
SV501748,29,9.4,1.2,,5.3,4,0.0,19.99,0,Family,Tablet,Debit Card,True,False,False,True,Medium,High,-10.27,No
SV502320,39,11.1,8.9,62.9,22.1,2,4.0,12.99,0,Standard,Laptop,Gift Card,True,False,False,True,Medium,High,-1.68,No
SV500902,32,8.0,10.5,48.8,9.7,3,1.0,8.99,0,Premium,Laptop,Debit Card,True,True,True,False,Medium,High,-22.09,No
SV500352,28,31.9,17.8,46.8,1.2,3,1.0,19.99,0,Basic,Mobile,PayPal,False,True,True,True,High,High,5.27,Yes
SV501230,28,11.6,4.4,68.6,3.5,5,0.0,8.99,0,Basic,SmartTV,Debit Card,True,False,False,True,Low,High,-15.12,No
SV503479,34,53.3,8.9,36.6,0.7,4,3.0,19.99,0,Basic,Mobile,PayPal,True,True,True,False,Medium,Medium,29.65,Yes
SV500444,30,5.9,3.9,49.6,2.5,3,2.0,19.99,0,Standard,SmartTV,Debit Card,True,True,False,True,Medium,High,3.95,No
SV503915,31,23.2,9.1,54.4,2.2,4,1.0,8.99,0,Standard,Tablet,Credit Card,True,True,True,False,Medium,High,-6.42,No
SV500754,54,12.7,7.9,62.3,9.4,1,1.0,12.99,0,Basic,SmartTV,Credit Card,True,False,False,False,Low,High,10.71,Yes
SV501737,32,6.0,3.7,29.3,5.6,4,0.0,19.99,0,Standard,Laptop,Debit Card,True,False,True,True,Medium,High,-13.96,No
SV503959,25,17.0,11.1,25.3,0.5,2,2.0,12.99,0,Premium,Mobile,PayPal,False,False,False,False,Medium,High,-17.58,No
SV500311,39,10.5,2.7,56.9,22.2,4,4.0,15.99,0,Premium,Mobile,Debit Card,True,False,False,True,Low,Medium,2.74,No
SV500548,42,24.9,9.9,36.6,0.1,4,0.0,19.99,10,Premium,SmartTV,Debit Card,True,False,False,True,Medium,High,-22.12,No
SV502646,52,9.8,3.1,55.1,12.6,2,1.0,15.99,30,Family,Laptop,Credit Card,True,False,False,True,Medium,High,-3.14,No
SV502884,34,3.6,4.4,46.3,14.5,3,1.0,8.99,20,Standard,Mobile,Credit Card,True,False,False,True,Medium,Medium,5.37,Yes
SV500306,30,49.4,6.5,79.9,1.3,4,3.0,12.99,10,Standard,Mobile,PayPal,True,True,False,False,Medium,Medium,7.07,Yes
SV500694,25,28.0,10.6,58.0,22.4,4,0.0,8.99,0,Basic,Laptop,Debit Card,False,False,True,False,High,High,-0.13,No
SV501927,23,7.6,9.0,86.1,2.5,4,2.0,8.99,0,Standard,Tablet,Credit Card,True,False,True,True,Low,High,-9.34,No
SV503070,43,10.2,4.7,81.2,9.3,4,2.0,8.99,10,Family,Mobile,Debit Card,True,True,True,False,Low,High,10.19,Yes
SV500749,24,15.2,4.4,62.4,19.4,1,2.0,15.99,20,Standard,Tablet,PayPal,True,False,False,True,Medium,Medium,-5.79,No
SV501266,25,17.6,4.7,51.3,14.6,4,2.0,19.99,10,Premium,Laptop,Credit Card,True,True,False,True,Medium,High,-14.87,No
SV502153,22,9.3,7.8,47.9,13.8,2,2.0,15.99,20,Basic,Mobile,Debit Card,True,False,False,False,Low,High,9.47,Yes
SV502517,50,51.9,5.7,36.6,5.2,1,1.0,19.99,0,Family,SmartTV,Credit Card,True,False,False,True,Low,Medium,-3.66,No
SV500970,31,4.6,13.9,36.7,33.3,3,2.0,8.99,30,Basic,Tablet,Debit Card,True,True,False,False,High,High,-10.96,No
SV500013,46,8.7,2.3,57.5,4.1,2,3.0,8.99,0,Premium,SmartTV,Credit Card,False,False,True,True,Low,Medium,-0.81,No
SV500873,35,1.3,8.1,92.2,1.9,1,0.0,15.99,0,Premium,Mobile,Credit Card,False,False,False,False,Low,High,1.55,No
SV500808,30,44.4,5.5,70.6,12.1,4,0.0,8.99,20,Family,SmartTV,Debit Card,True,True,False,True,Medium,High,-24.54,No
SV500514,43,10.6,3.2,41.5,7.3,5,1.0,15.99,50,Premium,Laptop,Credit Card,True,False,True,False,Medium,High,-5.65,No
SV503193,21,7.7,8.1,58.3,0.9,1,1.0,12.99,0,Family,Tablet,Debit Card,True,False,False,False,Low,High,-7.96,No
SV500409,20,10.2,8.2,70.0,4.9,3,2.0,15.99,30,Standard,Mobile,Credit Card,False,False,False,True,Medium,Medium,18.24,Yes
SV502380,31,5.2,10.1,64.0,31.3,4,2.0,15.99,20,Basic,SmartTV,PayPal,True,False,False,True,Medium,Medium,13.17,Yes
SV503264,29,30.9,7.2,75.8,5.5,2,1.0,19.99,0,Basic,Mobile,Gift Card,True,False,True,True,High,High,6.01,Yes
SV500207,21,38.5,2.0,48.7,8.6,4,2.0,15.99,0,Family,Mobile,Credit Card,True,False,False,True,Low,High,-8.7,No
SV502110,38,20.3,12.0,78.6,0.9,5,2.0,15.99,0,Basic,Mobile,Credit Card,True,True,False,False,Medium,High,13.26,Yes
SV500458,38,55.2,3.3,28.3,66.2,1,0.0,12.99,0,Standard,SmartTV,Credit Card,True,False,False,True,Medium,High,-21.04,No
SV503580,41,31.8,5.5,24.3,1.1,2,1.0,19.99,20,Family,SmartTV,Debit Card,True,False,False,False,Medium,High,-18.0,No
SV502406,37,13.7,4.0,58.8,2.0,1,1.0,19.99,0,Standard,Tablet,Credit Card,True,False,True,False,Medium,Medium,5.46,Yes
SV502899,43,11.0,15.9,26.4,1.1,4,2.0,15.99,0,Basic,Laptop,PayPal,True,False,False,False,High,High,-17.62,No
SV502458,16,36.8,19.4,49.2,9.2,2,1.0,19.99,10,Basic,Laptop,Credit Card,True,False,False,True,High,High,-12.18,No
SV502641,33,7.5,15.8,90.0,3.1,1,1.0,8.99,50,Basic,SmartTV,PayPal,True,False,False,False,High,High,-26.38,No
SV501883,35,5.6,4.8,50.3,15.2,4,0.0,8.99,0,Standard,Laptop,PayPal,False,False,True,False,Medium,High,-17.05,No
SV501713,33,30.8,8.1,42.2,7.0,3,1.0,19.99,0,Basic,SmartTV,Gift Card,True,True,False,True,Medium,,-8.77,No
SV502589,41,6.4,3.2,30.3,5.9,1,1.0,12.99,10,Basic,Laptop,Credit Card,True,False,True,True,Medium,High,-0.62,No
SV502229,37,17.5,4.9,61.4,12.7,4,0.0,15.99,20,Premium,Mobile,Credit Card,True,True,True,True,Medium,High,-13.95,No
SV500552,37,4.2,2.0,35.1,7.8,5,2.0,15.99,0,Basic,Tablet,Debit Card,True,False,False,False,Low,Medium,54.53,Yes
SV503708,32,7.5,1.7,45.5,4.9,5,1.0,19.99,0,Premium,SmartTV,PayPal,True,False,True,True,Low,High,16.58,Yes
SV503637,49,21.6,18.2,66.0,2.3,3,0.0,8.99,0,Standard,Mobile,Debit Card,True,False,True,False,High,Medium,-11.4,No
SV501925,21,11.2,5.4,45.9,7.2,4,1.0,8.99,0,Standard,Mobile,Credit Card,True,True,False,False,Medium,Medium,-4.79,No
SV500634,31,26.1,21.4,36.5,27.0,5,0.0,12.99,0,Standard,Tablet,Credit Card,True,False,False,True,High,High,-31.11,No
SV503675,56,7.5,7.8,54.8,4.4,1,4.0,15.99,0,Standard,Mobile,Debit Card,False,False,True,False,Medium,High,15.91,Yes
SV500316,35,23.0,4.1,74.1,1.3,3,1.0,8.99,10,Standard,Laptop,Credit Card,True,False,False,True,Low,Low,-3.31,No
SV503505,52,9.4,3.0,20.7,10.8,5,2.0,8.99,0,Basic,SmartTV,Debit Card,True,False,True,True,Medium,High,-1.02,No
SV503523,17,10.3,20.0,7.8,12.0,5,1.0,12.99,20,Standard,Mobile,Credit Card,True,False,False,False,High,High,-26.85,No
SV501328,33,7.2,9.0,45.9,1.7,2,0.0,8.99,20,Basic,SmartTV,Gift Card,True,True,False,False,Medium,High,2.82,No
SV500427,53,17.3,6.7,62.4,8.8,2,2.0,19.99,50,Basic,Laptop,Debit Card,True,False,False,False,Medium,Medium,25.18,Yes
SV503208,45,30.5,1.2,61.1,0.2,5,1.0,12.99,0,Premium,Laptop,Debit Card,True,False,False,True,Low,High,-8.58,No
SV500105,32,11.4,11.5,99.8,1.4,5,1.0,15.99,10,Standard,Tablet,Credit Card,True,False,False,False,High,Medium,-3.99,No
SV500142,16,38.0,15.1,22.1,0.5,5,3.0,8.99,0,Family,SmartTV,Credit Card,True,True,False,False,High,Medium,1.41,No
SV502184,16,19.2,4.4,53.2,1.1,3,1.0,12.99,30,Basic,SmartTV,PayPal,True,False,False,False,Low,High,-4.4,No
SV503268,31,13.3,8.9,46.2,3.4,5,0.0,8.99,10,Basic,Mobile,PayPal,True,False,True,False,Medium,High,-9.34,No
SV502236,34,8.5,8.2,68.6,2.8,1,1.0,12.99,0,Standard,Mobile,Credit Card,False,False,False,False,Medium,High,-2.0,No
SV501949,56,10.1,0.4,75.7,19.1,3,0.0,15.99,0,Family,Laptop,PayPal,True,False,False,True,Low,High,-10.2,No
SV503550,26,44.6,6.3,45.3,13.0,3,1.0,15.99,0,Standard,SmartTV,Gift Card,True,False,False,True,Medium,Medium,-1.16,No
SV503724,33,19.7,7.7,40.9,3.5,2,1.0,15.99,0,Standard,Mobile,Credit Card,True,False,True,False,Medium,High,-10.87,No
SV502757,38,2.8,23.2,64.0,5.6,1,1.0,15.99,10,Basic,Mobile,Credit Card,True,True,True,True,High,Medium,-8.17,No
SV503929,26,9.9,6.7,15.2,17.0,4,0.0,12.99,30,Standard,Mobile,PayPal,True,False,True,True,Medium,High,-1.07,No
SV501951,37,59.8,5.8,47.1,6.9,5,0.0,15.99,0,Premium,Mobile,Credit Card,True,False,False,True,Medium,High,-10.59,No
SV502679,39,14.2,5.4,45.6,1.2,1,2.0,12.99,10,Basic,Mobile,Debit Card,False,False,False,True,Medium,High,-14.49,No
SV502917,54,10.0,13.5,48.0,0.7,5,2.0,15.99,0,Standard,Tablet,PayPal,True,True,False,True,High,High,-15.66,No
SV502285,38,23.1,16.3,48.6,7.0,1,1.0,8.99,30,Family,SmartTV,Credit Card,False,False,False,False,High,High,-34.51,No
SV501109,43,38.1,7.5,11.7,17.8,3,0.0,12.99,0,Basic,SmartTV,Credit Card,True,False,False,True,Medium,High,-18.49,No
SV502355,16,19.0,2.8,58.2,0.8,3,1.0,8.99,20,Standard,SmartTV,PayPal,False,True,False,True,Medium,High,-9.3,No
SV500591,37,25.1,12.3,58.8,0.9,1,3.0,8.99,50,Basic,Mobile,PayPal,True,True,False,False,Medium,High,-3.94,No
SV503710,39,8.8,3.0,53.5,0.8,1,2.0,12.99,0,Basic,SmartTV,Credit Card,True,False,False,False,Medium,High,-7.87,No
SV501576,34,23.3,6.5,61.7,6.1,5,2.0,8.99,0,Family,SmartTV,Credit Card,True,False,False,True,Low,Medium,3.39,No
SV502587,50,43.3,1.8,37.7,8.6,1,2.0,8.99,0,Premium,SmartTV,Debit Card,False,True,True,True,Medium,Medium,-6.76,No
SV500213,29,3.8,3.2,42.6,8.3,2,0.0,12.99,10,Family,SmartTV,Credit Card,False,False,False,False,Low,High,17.11,Yes
SV500778,35,16.6,4.5,45.8,1.3,5,1.0,8.99,0,Standard,SmartTV,Debit Card,True,False,False,False,Low,High,6.04,Yes
SV503031,40,9.4,3.1,30.6,5.2,3,1.0,12.99,0,Family,SmartTV,Debit Card,True,False,True,True,Low,High,-21.96,No
SV502465,25,29.0,2.0,18.2,6.8,4,1.0,15.99,0,Premium,Laptop,PayPal,False,True,False,False,Low,High,-8.8,No
SV502043,26,2.6,10.2,24.6,28.1,3,2.0,8.99,10,Family,SmartTV,Debit Card,True,False,True,True,High,Medium,-8.07,No
SV503287,46,4.7,8.6,27.9,7.1,5,1.0,15.99,20,Basic,Laptop,Credit Card,True,True,True,False,Low,Medium,36.33,Yes
SV502298,28,13.5,13.9,33.3,6.9,3,2.0,15.99,30,Standard,Mobile,PayPal,True,False,False,False,Medium,High,-4.78,No
SV502501,37,32.7,24.3,71.2,18.2,2,1.0,19.99,10,Standard,Mobile,PayPal,True,False,False,True,High,High,-10.74,No
SV501567,36,10.6,3.9,58.4,1.3,3,2.0,15.99,0,Standard,Laptop,Credit Card,True,False,True,True,Low,High,17.99,Yes
SV503023,26,16.6,2.6,14.7,10.1,1,0.0,15.99,30,Basic,SmartTV,Credit Card,True,True,False,False,Low,High,10.47,Yes
SV503543,38,7.8,8.7,56.2,42.6,3,0.0,15.99,30,Premium,Mobile,Credit Card,False,False,False,True,Medium,Medium,40.42,Yes
SV502353,36,29.1,18.6,,3.3,5,1.0,15.99,0,Basic,Mobile,Credit Card,True,True,True,False,High,Medium,11.56,Yes
SV503608,43,20.1,5.1,64.1,13.8,4,1.0,12.99,10,Family,Laptop,Debit Card,True,True,False,True,Medium,High,-15.41,No
SV501343,28,4.0,15.5,66.5,4.9,4,0.0,12.99,20,Basic,Mobile,Credit Card,True,True,True,True,Medium,High,-0.25,No
SV502013,34,16.5,6.3,96.4,5.4,4,1.0,8.99,0,Premium,Mobile,PayPal,False,False,False,False,Medium,Medium,1.33,No
SV500273,57,24.5,12.9,22.7,2.4,1,0.0,15.99,0,Standard,Mobile,PayPal,True,False,False,False,Medium,Medium,12.84,Yes
SV500071,22,12.7,11.3,39.9,26.6,1,1.0,15.99,20,Standard,SmartTV,PayPal,False,False,False,False,High,Medium,-5.19,No
SV501087,17,15.9,5.6,5.9,1.2,5,0.0,8.99,10,Basic,Laptop,Credit Card,False,True,False,False,Low,High,-1.71,No
SV500394,42,24.0,7.5,24.1,3.8,1,2.0,12.99,10,Premium,SmartTV,Credit Card,True,False,False,False,Medium,High,1.83,No
SV500583,22,24.1,198.0,21.0,38.8,2,2.0,19.99,20,Family,Mobile,Debit Card,True,True,False,False,Low,Medium,-6.62,No
SV503866,39,23.6,4.2,103.8,0.7,2,1.0,12.99,0,Premium,Mobile,PayPal,True,False,True,False,Low,High,-7.28,No
SV502717,36,45.7,3.6,40.1,15.4,4,2.0,15.99,10,Premium,Tablet,PayPal,True,False,False,True,High,High,-32.32,No
SV503825,31,14.5,0.9,21.8,0.9,3,3.0,8.99,0,Basic,SmartTV,PayPal,True,True,False,True,Medium,Medium,6.35,Yes
SV503648,49,15.5,16.1,4.4,4.8,3,0.0,8.99,20,Standard,Mobile,Debit Card,False,False,False,True,High,High,-35.8,No
SV502611,43,13.2,5.4,58.7,9.5,4,0.0,15.99,0,Basic,Mobile,PayPal,True,False,True,True,Medium,High,2.98,No
SV502318,59,5.3,7.2,87.7,7.2,5,1.0,15.99,20,Premium,Laptop,Credit Card,True,False,False,True,Medium,High,-10.12,No
SV501763,22,8.6,5.4,61.2,28.8,5,1.0,19.99,0,Standard,Laptop,PayPal,True,False,True,False,Low,High,11.91,Yes
SV503010,60,7.3,10.5,25.9,0.2,1,3.0,12.99,20,Family,SmartTV,Debit Card,True,True,True,False,Medium,Low,38.67,Yes
SV501259,29,8.6,9.5,48.2,3.2,3,1.0,8.99,10,Basic,Laptop,Credit Card,True,False,False,False,Medium,Medium,9.39,Yes
SV500526,50,7.3,14.6,63.4,0.4,4,4.0,8.99,0,Premium,Mobile,Credit Card,True,False,False,True,High,Medium,-19.24,No
SV500377,16,12.1,4.3,43.5,6.6,2,0.0,12.99,20,Basic,Mobile,PayPal,True,False,False,False,Low,High,-11.15,No
SV501559,32,5.2,12.4,32.7,11.6,2,0.0,15.99,0,Basic,Mobile,Credit Card,False,True,True,False,High,High,-14.55,No
SV502507,38,3.7,4.6,55.8,10.8,4,1.0,8.99,0,Standard,SmartTV,PayPal,True,True,False,False,Low,High,11.65,Yes
SV501963,31,17.5,6.1,57.6,9.1,5,0.0,15.99,0,Family,Mobile,Credit Card,False,False,False,True,Medium,High,4.85,No
SV503568,39,38.3,10.3,3.0,12.3,3,1.0,12.99,10,Standard,Mobile,PayPal,True,False,True,False,High,High,-8.05,No
SV500348,17,8.9,6.1,43.2,9.2,4,3.0,12.99,20,Standard,SmartTV,Credit Card,True,True,False,True,Medium,Medium,4.65,No
SV503139,56,6.1,9.0,90.2,2.2,5,3.0,19.99,20,Standard,Laptop,Credit Card,True,True,True,True,Medium,Medium,-3.67,No
SV501709,32,13.3,8.4,56.8,13.8,4,2.0,12.99,0,Standard,SmartTV,Credit Card,True,True,False,True,Medium,High,-7.13,No
SV501050,20,47.4,3.7,15.4,1.1,2,0.0,12.99,30,Premium,Mobile,PayPal,True,False,False,False,Low,High,-23.74,No
SV500590,21,30.2,16.4,62.2,8.5,4,4.0,8.99,30,Standard,Tablet,Credit Card,False,True,False,False,High,Medium,-5.69,No
SV500519,52,13.1,3.9,49.9,0.9,1,0.0,12.99,0,Standard,Mobile,Credit Card,True,True,False,True,Medium,High,-5.53,No
SV503672,40,21.6,4.7,82.8,1.0,1,0.0,8.99,20,Basic,SmartTV,Credit Card,False,True,True,True,Low,High,11.87,Yes
SV502699,25,14.9,4.7,5.0,10.6,5,1.0,15.99,0,Premium,Mobile,Credit Card,True,True,False,True,Low,High,-6.46,No
SV501083,35,46.2,1.9,29.6,2.4,2,1.0,15.99,10,Standard,SmartTV,Debit Card,True,True,False,True,Low,High,1.25,No
SV502356,36,24.2,7.9,60.5,7.1,3,1.0,8.99,0,Standard,SmartTV,Gift Card,True,True,True,False,Medium,Medium,2.09,No
SV503996,45,9.7,6.6,32.2,2.7,5,0.0,8.99,20,Standard,SmartTV,Debit Card,False,False,True,False,Medium,High,9.59,Yes
SV501809,45,19.2,9.4,27.2,6.6,3,5.0,15.99,50,Family,Mobile,Credit Card,True,False,False,False,Medium,Low,55.23,Yes
SV503877,38,7.0,13.7,75.8,0.8,4,0.0,8.99,0,Standard,SmartTV,PayPal,True,False,False,True,High,High,-27.7,No
SV500792,40,13.6,10.8,57.9,2.0,5,3.0,12.99,0,Standard,SmartTV,Gift Card,True,False,False,True,Medium,Medium,12.7,Yes
SV503807,36,4.8,5.6,53.5,3.2,2,0.0,19.99,10,Family,Mobile,Credit Card,True,False,False,True,Medium,High,-17.84,No
SV501980,36,9.0,3.9,27.5,3.3,4,1.0,8.99,0,Basic,Laptop,PayPal,True,False,False,False,Medium,High,-0.43,No
SV502555,30,7.4,9.2,84.2,1.3,2,2.0,12.99,10,Premium,SmartTV,PayPal,True,False,True,False,High,High,-19.12,No
SV502221,26,5.4,1.4,62.7,10.5,4,2.0,8.99,10,Family,Laptop,PayPal,True,False,False,False,Low,High,16.46,Yes
SV501530,40,9.3,9.0,59.1,2.8,5,2.0,12.99,30,Basic,SmartTV,Gift Card,False,True,False,False,Low,High,14.63,Yes
SV501410,29,9.6,5.4,79.1,8.0,5,1.0,19.99,0,Family,Mobile,Credit Card,False,False,False,True,Medium,High,1.28,No
SV502915,55,4.9,4.4,50.8,18.4,1,2.0,8.99,0,Basic,Mobile,Credit Card,True,False,False,False,Medium,High,8.48,Yes
SV503163,41,15.5,8.2,54.3,4.3,5,2.0,8.99,0,Standard,Mobile,Credit Card,True,False,False,True,Medium,Medium,-4.07,No
SV500083,30,18.8,1.1,54.6,2.5,5,3.0,15.99,0,Standard,Tablet,PayPal,True,False,False,True,Low,Medium,5.8,Yes
SV503136,48,3.8,10.8,60.8,4.1,1,0.0,8.99,30,Family,SmartTV,Debit Card,False,False,False,True,High,High,-45.28,No
SV500020,103,16.1,7.0,44.9,8.6,5,2.0,8.99,20,Standard,SmartTV,Credit Card,False,False,False,True,Medium,High,0.54,No
SV502244,39,5.3,13.6,17.5,9.5,4,1.0,12.99,0,Family,Laptop,Credit Card,True,False,False,True,High,High,-22.89,No
SV501562,25,19.5,2.7,67.2,0.3,3,2.0,12.99,0,Premium,Mobile,PayPal,True,False,False,True,Medium,High,-17.18,No
SV500973,41,22.0,2.6,37.2,11.2,3,0.0,15.99,0,Family,Laptop,PayPal,True,False,False,False,Medium,High,-12.36,No
SV501710,28,17.5,2.2,30.2,2.8,2,1.0,12.99,10,Standard,SmartTV,Credit Card,True,True,True,True,Medium,High,-20.04,No
SV502599,45,14.6,8.3,33.4,2.6,5,1.0,12.99,0,Premium,SmartTV,PayPal,False,False,False,True,Medium,Medium,-14.73,No
SV501098,45,17.8,16.0,12.9,3.7,3,1.0,12.99,0,Basic,Laptop,Debit Card,False,True,True,False,High,Medium,1.26,No
SV502740,25,5.8,13.2,45.7,16.7,1,0.0,19.99,0,Standard,Mobile,Gift Card,True,True,False,True,Medium,Medium,2.55,No
SV500886,48,7.1,12.7,19.7,8.4,2,1.0,12.99,0,Standard,Mobile,Credit Card,True,True,False,True,High,Medium,-7.97,No
SV502416,26,21.0,8.0,8.9,6.3,4,2.0,15.99,0,Basic,SmartTV,Credit Card,True,False,False,True,High,High,-19.78,No
SV503085,42,43.3,4.3,54.0,3.6,3,0.0,15.99,20,Family,SmartTV,PayPal,True,False,False,False,Low,High,14.2,Yes
SV503362,36,4.2,3.8,47.7,6.7,4,3.0,12.99,10,Premium,Laptop,PayPal,True,False,False,False,Low,,49.5,Yes
SV500737,43,23.5,2.1,92.1,2.2,3,4.0,15.99,0,Family,Laptop,PayPal,True,False,True,True,Medium,Medium,-17.4,No
SV501453,30,5.7,3.8,36.2,0.2,1,1.0,19.99,10,Premium,Laptop,Credit Card,False,False,False,True,Medium,Medium,8.66,Yes
SV502972,34,6.3,2.2,56.1,4.9,5,5.0,15.99,30,Family,Tablet,Credit Card,True,False,False,False,Medium,Low,30.3,Yes
SV503525,51,3.1,3.7,30.8,4.2,4,0.0,12.99,0,Standard,Tablet,Debit Card,False,True,False,False,Low,High,23.89,Yes
SV502126,58,11.4,0.9,89.9,11.9,1,0.0,15.99,20,Basic,Mobile,Credit Card,True,False,False,False,Medium,High,-14.82,No
SV500906,32,59.9,8.1,68.7,2.4,3,3.0,19.99,0,Standard,SmartTV,Credit Card,True,True,False,False,Medium,Low,50.86,Yes
SV502399,40,4.6,8.4,20.3,2.8,4,2.0,8.99,0,Basic,Mobile,Gift Card,True,False,False,True,Medium,High,12.26,Yes
SV502932,47,19.6,6.0,57.4,10.6,5,1.0,15.99,0,Premium,Tablet,Credit Card,True,False,False,False,Low,High,11.5,Yes
SV500947,16,9.9,11.1,45.1,14.7,3,2.0,19.99,20,Basic,Mobile,Credit Card,True,False,False,False,Medium,High,7.43,Yes
SV502498,28,8.8,3.3,65.0,1.3,1,0.0,15.99,20,Premium,Laptop,Credit Card,True,False,True,True,Low,High,0.26,No
SV502892,33,4.3,16.6,31.3,11.8,1,1.0,19.99,20,Standard,Mobile,Credit Card,False,False,False,True,High,Medium,-10.25,No
SV500715,21,37.0,6.8,46.5,3.9,2,0.0,15.99,0,Basic,Mobile,Gift Card,False,True,False,True,High,High,-3.51,No
SV502649,60,16.9,13.7,,2.9,4,0.0,19.99,20,Standard,Mobile,Credit Card,True,False,False,False,High,High,-9.28,No
SV500686,43,13.5,3.7,26.4,1.8,5,0.0,19.99,20,Standard,Tablet,PayPal,False,False,True,False,Low,High,17.66,Yes
SV503410,16,19.5,7.3,60.8,36.4,4,2.0,8.99,0,Basic,SmartTV,Debit Card,False,True,True,False,Medium,High,41.5,Yes
SV502941,48,49.3,2.5,57.7,3.0,2,2.0,12.99,20,Basic,SmartTV,Credit Card,True,False,False,False,Medium,High,-14.12,No
SV503965,25,15.2,3.2,58.0,1.1,2,2.0,15.99,0,Basic,Laptop,Debit Card,True,True,False,False,Low,High,7.0,Yes
SV500885,37,7.0,9.1,91.7,1.7,1,0.0,12.99,0,Basic,Mobile,Credit Card,True,True,False,False,High,High,-34.49,No
SV500917,40,20.7,14.4,71.3,6.6,1,2.0,12.99,10,Standard,Mobile,Debit Card,True,False,True,True,High,Medium,-17.58,No
SV502462,32,46.0,20.5,42.5,5.8,5,0.0,12.99,0,Basic,SmartTV,Credit Card,True,False,False,True,High,High,-29.1,No
SV503659,34,24.0,5.6,52.0,1.7,4,1.0,12.99,10,Standard,SmartTV,Credit Card,False,False,False,True,Medium,High,-10.0,No
SV501265,33,31.2,5.5,27.5,0.8,1,0.0,8.99,30,Basic,SmartTV,PayPal,True,False,False,True,Low,High,10.42,Yes
SV500483,40,32.2,11.1,,6.5,2,1.0,8.99,0,Family,SmartTV,Credit Card,False,False,False,False,High,Medium,-9.59,No
SV502990,41,17.3,2.5,80.2,6.7,4,2.0,15.99,20,Standard,Mobile,Credit Card,True,True,False,True,Low,Medium,8.43,Yes
SV503454,50,14.3,21.1,33.6,11.6,2,1.0,8.99,0,Basic,SmartTV,Gift Card,True,False,True,True,High,High,-7.42,No
SV500277,22,11.7,10.8,38.8,1.0,1,3.0,8.99,20,Basic,Mobile,Debit Card,True,True,False,False,Low,High,-10.56,No
SV500988,31,42.2,5.7,25.4,8.0,3,3.0,19.99,10,Basic,Mobile,Gift Card,True,True,False,False,Low,Low,53.85,Yes
SV502084,45,46.1,2.0,52.8,0.1,2,0.0,19.99,50,Premium,Tablet,Credit Card,True,False,False,False,Medium,High,-31.3,No
SV501245,35,11.4,4.3,39.7,0.5,1,1.0,15.99,20,Basic,Mobile,Credit Card,True,False,False,True,Low,High,-3.51,No
SV500571,33,6.5,6.7,90.3,6.8,1,0.0,8.99,0,Standard,SmartTV,Debit Card,True,False,False,True,Medium,High,-7.92,No
SV501435,33,9.2,11.6,70.0,4.5,2,0.0,15.99,10,Premium,Mobile,Gift Card,False,False,False,True,High,High,-31.14,No
SV500993,48,12.8,10.3,55.2,0.2,2,1.0,12.99,20,Premium,Mobile,PayPal,False,False,False,True,Medium,Medium,-13.07,No
SV503295,41,21.2,2.9,48.3,15.2,2,1.0,12.99,0,Basic,Mobile,Debit Card,True,False,False,False,Medium,High,-12.75,No
SV502260,16,19.1,3.6,50.5,1.0,2,1.0,8.99,10,Basic,Mobile,Credit Card,True,True,False,False,Medium,High,-13.08,No
SV500585,56,8.9,5.6,51.1,7.1,5,2.0,12.99,20,Standard,Mobile,Credit Card,True,False,True,True,Medium,High,-9.84,No
SV501349,33,9.9,2.5,53.2,2.6,4,1.0,8.99,10,Standard,SmartTV,Credit Card,True,False,False,True,Medium,High,-21.73,No
SV501007,30,27.4,6.6,34.5,2.9,2,1.0,8.99,20,Family,Mobile,Debit Card,False,False,True,True,Medium,High,-18.22,No
SV500674,43,31.8,8.0,73.0,23.2,5,0.0,15.99,20,Basic,Mobile,Credit Card,True,False,False,True,Medium,High,-7.99,No
SV500447,30,9.5,2.0,20.4,27.1,5,1.0,12.99,50,Basic,Laptop,Debit Card,False,True,False,True,Low,High,8.42,Yes
SV503888,31,10.9,10.2,62.4,6.3,3,0.0,8.99,0,Standard,SmartTV,Credit Card,False,False,False,True,Medium,High,-0.78,No
SV502994,29,34.7,9.5,14.6,16.0,5,0.0,19.99,0,Basic,Mobile,PayPal,True,False,False,False,High,High,3.62,No
SV502064,31,12.3,3.8,56.9,2.2,3,,8.99,10,Standard,SmartTV,Credit Card,True,True,False,False,Medium,Medium,-8.37,No
SV503160,33,30.4,4.7,33.7,0.2,1,1.0,12.99,0,Family,Laptop,Gift Card,True,True,False,True,Medium,High,-20.84,No
SV502500,40,55.9,7.9,21.1,6.1,5,3.0,12.99,0,Standard,Mobile,Debit Card,False,False,True,False,Medium,Medium,6.23,Yes
SV501690,28,7.5,3.3,70.6,6.5,2,2.0,12.99,50,Premium,Laptop,Gift Card,True,False,False,False,Low,Medium,5.99,Yes
SV503297,33,15.2,12.7,13.4,3.4,5,1.0,15.99,10,Standard,SmartTV,Debit Card,True,False,True,False,High,Medium,-0.72,No
SV501247,16,14.2,8.8,63.8,2.2,1,2.0,19.99,0,Standard,SmartTV,PayPal,False,False,True,True,Medium,High,-13.21,No
SV501985,31,14.2,11.6,51.2,11.6,5,1.0,15.99,0,Basic,Laptop,PayPal,True,False,False,True,Medium,Medium,1.3,No
SV500294,31,10.1,1.2,70.1,40.6,5,1.0,12.99,10,Basic,Mobile,PayPal,True,False,False,True,Low,High,6.46,Yes
SV501547,25,9.5,16.1,74.9,0.5,1,0.0,15.99,50,Family,Laptop,PayPal,False,True,True,False,High,High,-19.78,No
SV502012,41,43.3,14.3,28.4,4.9,2,0.0,12.99,0,Standard,Mobile,Credit Card,True,True,False,False,High,High,-11.8,No
SV500588,37,6.7,9.9,42.3,9.8,2,0.0,15.99,10,Premium,Mobile,Credit Card,True,False,False,True,Medium,High,-16.57,No
SV502129,46,32.4,4.4,16.8,5.7,5,2.0,8.99,50,Basic,Mobile,PayPal,True,False,True,True,Medium,High,20.28,Yes
SV503061,36,28.0,1.4,15.4,3.1,1,0.0,19.99,0,Family,Laptop,Debit Card,False,True,False,False,Medium,High,-19.97,No
SV500425,30,1.7,3.7,3.0,10.3,3,1.0,19.99,0,Premium,Laptop,Debit Card,True,True,True,True,Medium,High,-16.24,No
SV501054,19,29.7,1.1,31.7,0.4,2,0.0,15.99,20,Standard,Mobile,PayPal,True,False,True,True,Low,High,1.72,No
SV503320,16,11.1,11.7,72.3,6.3,5,2.0,8.99,10,Basic,SmartTV,PayPal,False,True,False,True,High,High,-13.56,No
SV500556,26,6.9,2.4,32.9,2.9,1,1.0,19.99,0,Premium,Laptop,Credit Card,True,False,False,True,Low,High,-4.27,No
SV503532,48,13.6,11.3,64.5,3.0,4,1.0,12.99,0,Standard,SmartTV,Credit Card,True,True,False,True,Medium,High,-11.78,No
SV502575,38,9.8,4.8,85.3,0.6,1,,19.99,0,Standard,Mobile,Debit Card,True,True,True,True,Medium,High,-14.9,No
SV503541,38,20.0,15.7,52.7,9.1,5,1.0,8.99,0,Basic,Mobile,Debit Card,True,False,False,True,High,High,-25.26,No
SV503538,43,18.0,5.1,68.6,14.6,1,2.0,15.99,30,Basic,Tablet,Credit Card,True,False,False,True,Medium,Medium,-7.32,No
SV502696,39,11.5,2.4,31.6,14.4,4,2.0,12.99,10,Premium,Laptop,Credit Card,True,False,False,False,Low,High,-5.83,No
SV501193,42,24.4,5.9,32.8,29.0,2,0.0,15.99,10,Basic,Mobile,PayPal,True,False,False,False,Medium,High,7.69,Yes
SV501716,28,1.2,6.5,53.4,12.0,4,0.0,15.99,30,Standard,Laptop,Debit Card,True,False,False,False,Medium,High,-1.62,No
SV503156,63,46.4,3.4,54.1,4.2,1,2.0,19.99,10,Standard,Mobile,Credit Card,True,True,True,True,Medium,Medium,12.16,Yes
SV503604,35,4.8,93.5,23.1,31.8,2,0.0,19.99,0,Standard,SmartTV,Debit Card,True,False,True,True,High,High,11.73,Yes
SV503922,22,12.8,8.3,9.4,2.4,4,1.0,8.99,10,Basic,SmartTV,Credit Card,True,False,True,True,Low,High,17.79,Yes
SV502457,27,30.9,14.0,58.5,7.2,1,0.0,8.99,10,Standard,SmartTV,Credit Card,True,False,False,True,High,High,-30.45,No
SV501285,37,35.0,2.5,32.1,17.9,1,2.0,15.99,0,Premium,SmartTV,Debit Card,True,True,False,True,Low,Medium,2.54,No
SV503463,19,27.2,11.4,80.7,25.4,4,1.0,8.99,0,Family,Mobile,Debit Card,True,False,False,True,Medium,High,-5.03,No
SV502580,23,41.6,7.6,27.2,17.2,1,0.0,8.99,10,Standard,SmartTV,Credit Card,False,False,False,True,Medium,High,-9.23,No
SV503188,30,2.6,3.3,69.9,13.4,1,2.0,15.99,0,Standard,Mobile,Debit Card,True,False,True,True,Low,High,6.05,Yes
SV502087,29,22.5,6.5,73.9,0.0,3,0.0,12.99,0,Standard,Mobile,Credit Card,True,True,False,True,Low,Medium,21.08,Yes
SV501889,40,11.2,6.2,58.8,5.0,1,0.0,12.99,10,Basic,Laptop,Debit Card,True,False,True,True,Low,High,17.22,Yes
SV501591,18,19.3,3.0,42.7,11.4,3,0.0,8.99,0,Basic,Mobile,Debit Card,True,False,False,True,Medium,High,-6.86,No
SV503524,24,11.1,23.9,29.0,2.1,4,2.0,19.99,0,Family,Tablet,PayPal,False,True,True,False,High,High,-38.68,No
SV502162,48,14.6,4.7,72.0,30.9,1,,12.99,0,Standard,Laptop,PayPal,True,False,True,False,Medium,High,-0.99,No
SV503187,26,13.5,2.1,53.9,22.6,1,0.0,8.99,0,Standard,Laptop,Credit Card,True,True,True,True,Medium,High,-13.17,No
SV502271,22,13.5,6.1,16.0,26.7,1,1.0,12.99,0,Family,SmartTV,Credit Card,True,False,False,False,Low,High,-7.46,No
SV503216,20,10.2,3.8,35.5,12.3,1,1.0,12.99,0,Basic,SmartTV,Credit Card,True,True,False,True,Medium,High,-9.57,No
SV501137,34,11.6,9.9,60.0,2.5,3,0.0,15.99,0,Premium,Mobile,PayPal,True,True,False,True,High,High,-24.78,No
SV503335,31,22.3,5.6,40.7,13.5,5,1.0,8.99,0,Basic,Laptop,Credit Card,True,False,True,True,Medium,High,-6.24,No
SV503760,29,8.6,11.0,78.7,26.1,3,0.0,8.99,30,Standard,Laptop,Credit Card,True,False,False,False,High,High,-25.28,No
SV503780,38,7.2,10.6,46.5,16.4,5,1.0,15.99,30,Family,Mobile,PayPal,False,False,True,True,Medium,High,-3.93,No
SV501711,16,3.7,5.4,36.5,15.5,4,0.0,15.99,20,Standard,SmartTV,PayPal,True,False,True,True,Medium,Medium,7.3,Yes
SV503618,38,9.4,0.5,19.3,5.3,4,2.0,15.99,30,Basic,Mobile,Credit Card,False,False,False,False,Low,Medium,13.0,Yes
SV500453,57,5.5,5.8,68.5,8.2,5,0.0,12.99,0,Standard,Laptop,Credit Card,True,False,True,False,Low,High,-4.59,No
SV500913,27,49.5,7.5,61.6,1.2,1,0.0,8.99,0,Standard,Mobile,PayPal,False,False,False,True,Medium,High,-1.82,No
SV502669,27,35.3,4.2,28.1,7.2,1,0.0,15.99,0,Standard,SmartTV,Credit Card,True,False,False,True,Medium,High,0.76,No
SV501199,22,20.4,19.3,59.8,9.5,3,2.0,8.99,0,Premium,Mobile,Credit Card,True,True,False,True,High,High,-35.9,No
SV501274,27,3.2,16.8,58.7,4.2,1,0.0,8.99,0,Family,SmartTV,Credit Card,False,False,False,False,High,High,-5.76,No
SV500037,25,4.8,2.2,95.3,1.3,3,1.0,15.99,10,Standard,SmartTV,Debit Card,True,True,False,True,Medium,High,3.11,No
SV500974,23,12.3,4.3,47.2,14.4,2,1.0,8.99,30,Family,Tablet,Credit Card,True,True,True,False,Medium,High,2.09,No
SV500983,42,2.3,10.3,34.6,9.1,5,0.0,15.99,0,Standard,SmartTV,Credit Card,True,True,False,False,Medium,High,3.25,No
SV502662,30,10.5,29.3,10.6,1.4,1,0.0,12.99,0,Standard,Mobile,Debit Card,True,False,False,True,High,High,-30.39,No
SV501418,45,28.4,3.3,65.5,2.1,5,1.0,8.99,0,Family,Tablet,Gift Card,True,False,False,True,Medium,High,-13.51,No
SV501560,30,3.9,14.3,52.8,9.8,2,0.0,8.99,30,Family,Mobile,PayPal,True,True,False,True,High,High,-41.91,No
SV500039,41,10.9,3.3,36.7,25.2,2,1.0,8.99,20,Standard,SmartTV,Credit Card,False,False,False,True,Low,High,-8.18,No
SV501486,44,63.7,0.6,70.0,4.2,3,3.0,19.99,20,Premium,Laptop,Debit Card,True,False,False,False,Low,Medium,12.33,Yes
SV502542,30,21.8,12.4,51.9,7.4,4,2.0,8.99,10,Standard,Mobile,PayPal,True,True,False,True,Medium,Medium,-10.5,No
SV500169,34,22.8,11.2,79.3,10.3,3,0.0,12.99,0,Standard,Tablet,Gift Card,False,True,False,True,Medium,High,1.38,No
SV501355,39,10.0,4.1,54.9,3.7,2,1.0,12.99,0,Standard,SmartTV,Credit Card,True,False,False,False,Low,High,1.77,No
SV502387,41,19.5,0.4,46.6,3.5,3,2.0,8.99,30,Family,Laptop,Credit Card,True,False,False,True,Low,Medium,3.93,No
SV503593,39,20.9,1.5,26.2,7.2,2,2.0,19.99,20,Standard,Mobile,Debit Card,False,False,False,False,Medium,High,-10.75,No
SV502614,16,24.3,17.3,67.8,11.0,4,0.0,15.99,10,Premium,Mobile,Credit Card,True,False,False,False,High,High,-18.39,No
SV502753,35,20.2,18.8,61.6,9.2,1,0.0,15.99,10,Basic,Mobile,Credit Card,True,True,False,True,High,High,-18.9,No
SV501640,18,10.4,6.0,65.6,5.5,5,0.0,12.99,0,Basic,Mobile,Credit Card,True,False,False,True,Low,Medium,-3.08,No
SV501290,36,10.3,21.6,60.1,7.6,5,0.0,12.99,0,Premium,SmartTV,Debit Card,True,False,False,False,High,Medium,-28.85,No
SV501380,47,213.5,1.7,49.3,5.9,2,1.0,15.99,30,Basic,Mobile,Credit Card,True,False,True,False,Medium,High,18.5,Yes
SV501933,48,25.7,9.8,47.3,10.7,2,2.0,12.99,20,Family,SmartTV,Credit Card,True,True,False,True,High,Medium,-17.3,No
SV500579,38,42.0,6.1,38.9,27.5,5,2.0,8.99,0,Standard,Mobile,PayPal,True,False,False,True,Medium,High,-27.11,No
SV502030,48,7.0,10.3,40.6,16.8,2,0.0,12.99,30,Basic,SmartTV,Debit Card,True,True,False,False,Medium,High,-8.67,No
SV500892,30,13.8,3.0,40.5,0.8,1,,19.99,10,Standard,SmartTV,PayPal,True,True,False,True,Medium,Medium,2.83,No
SV500780,33,14.3,3.3,28.5,0.8,5,0.0,15.99,0,Basic,Laptop,PayPal,True,False,True,True,Medium,High,13.95,Yes
SV500159,21,14.7,7.0,30.9,1.7,2,0.0,19.99,0,Basic,Laptop,Credit Card,True,True,False,True,Medium,High,14.14,Yes
SV500002,42,38.5,9.1,57.2,1.4,2,1.0,15.99,0,Premium,SmartTV,Credit Card,True,False,True,True,Medium,High,-1.05,No
SV503213,23,13.9,0.6,34.4,20.2,5,0.0,12.99,0,Basic,Mobile,Debit Card,True,False,False,True,Low,High,-0.17,No
SV503290,32,31.5,11.2,25.0,4.5,5,1.0,8.99,30,Standard,Laptop,Debit Card,True,False,False,True,Medium,High,-21.85,No
SV500849,45,11.0,7.1,18.1,29.2,4,2.0,15.99,10,Basic,Laptop,Credit Card,True,True,True,True,Low,Medium,26.97,Yes
SV502401,45,20.4,14.8,51.3,5.1,1,0.0,15.99,0,Family,Laptop,PayPal,True,True,False,True,Medium,High,-20.04,No
SV501596,38,5.7,17.7,56.0,20.8,2,0.0,8.99,0,Premium,Laptop,Credit Card,True,False,False,True,High,High,-7.81,No
SV501776,19,40.7,8.8,33.5,7.3,2,2.0,8.99,0,Standard,SmartTV,Credit Card,True,True,True,True,Medium,High,-32.98,No
SV501913,16,12.5,6.7,40.8,8.1,1,0.0,8.99,20,Premium,SmartTV,Credit Card,True,False,True,True,Medium,High,-4.36,No
SV501043,35,15.9,4.7,59.1,1.1,5,0.0,12.99,10,Premium,SmartTV,Credit Card,False,False,True,True,Medium,High,-14.19,No
SV501544,49,8.8,8.2,38.2,1.8,1,1.0,12.99,0,Basic,Mobile,Credit Card,True,True,True,False,Medium,High,-4.65,No
SV503717,39,5.5,7.3,66.3,15.9,3,4.0,8.99,0,Standard,SmartTV,PayPal,True,False,False,False,Low,High,10.0,Yes
SV500053,30,0.8,10.3,45.2,4.1,1,3.0,8.99,0,Premium,Mobile,Credit Card,True,False,True,True,Medium,Medium,-20.54,No
SV503852,19,18.1,3.5,79.4,1.5,3,0.0,19.99,0,Premium,SmartTV,Debit Card,True,False,False,False,Low,High,-13.94,No
SV501911,40,5.0,1.3,58.5,12.5,5,1.0,12.99,30,Premium,Tablet,Gift Card,True,True,False,True,Medium,High,3.4,No
SV502822,41,9.4,12.2,25.1,4.3,2,0.0,8.99,0,Standard,Mobile,Credit Card,True,False,False,True,High,High,-30.36,No
SV502673,39,13.1,19.6,27.3,3.5,3,1.0,19.99,0,Premium,Laptop,PayPal,True,False,False,True,High,High,-17.06,No
SV503489,31,13.1,8.2,47.0,0.5,4,0.0,19.99,10,Premium,Mobile,Credit Card,True,False,True,False,Medium,Medium,11.43,Yes
SV500824,16,1.7,5.9,50.7,0.3,2,1.0,19.99,50,Family,SmartTV,Credit Card,True,False,True,True,Medium,High,-1.38,No
SV503573,33,7.7,13.9,52.8,6.8,3,0.0,19.99,0,Premium,Tablet,Credit Card,True,True,False,False,High,High,-10.59,No
SV501389,24,5.1,3.9,28.0,14.3,1,3.0,8.99,50,Basic,Tablet,Credit Card,True,False,True,True,Low,High,0.75,No
SV503269,25,22.8,2.6,61.0,3.3,1,0.0,8.99,50,Premium,Mobile,Debit Card,True,False,False,False,Low,High,10.59,Yes
SV503114,37,12.1,6.0,22.1,2.1,3,3.0,8.99,10,Basic,Mobile,Credit Card,False,True,True,True,Medium,Medium,-11.58,No
SV501607,36,10.7,10.1,48.1,23.4,4,0.0,8.99,0,Basic,SmartTV,Gift Card,True,True,True,True,Low,High,9.22,Yes
SV501594,38,24.9,5.0,25.0,0.3,5,1.0,8.99,20,Basic,SmartTV,Credit Card,True,False,False,True,Medium,Medium,-8.54,No
SV500771,49,20.9,2.4,17.0,3.2,3,0.0,19.99,0,Premium,Mobile,Debit Card,True,True,False,False,Medium,High,-24.74,No
SV502273,44,10.4,2.8,74.0,3.9,4,1.0,15.99,0,Standard,Mobile,PayPal,True,True,False,False,Low,High,-24.16,No
SV501868,30,12.5,14.8,71.3,4.4,2,2.0,12.99,20,Basic,SmartTV,PayPal,True,True,False,False,High,High,-10.47,No
SV501085,30,5.9,8.8,41.6,11.5,5,1.0,8.99,20,Basic,Mobile,PayPal,True,False,False,False,Medium,High,-11.71,No
SV502711,42,11.9,5.1,20.4,32.3,4,2.0,8.99,0,Standard,Tablet,Credit Card,True,True,False,True,Medium,Low,-14.91,No
SV501325,45,7.6,3.2,44.9,13.5,2,1.0,15.99,0,Basic,SmartTV,Debit Card,True,False,False,True,Medium,High,-10.83,No
SV501463,39,37.9,4.5,42.9,1.3,2,2.0,19.99,0,Basic,Mobile,Gift Card,True,False,True,False,Low,Low,51.36,Yes
SV500806,33,12.9,4.1,29.4,7.4,4,0.0,8.99,30,Standard,Mobile,Credit Card,True,False,True,True,Medium,High,-28.91,No
SV502451,30,18.9,9.4,50.0,13.6,1,0.0,12.99,30,Standard,SmartTV,PayPal,True,True,False,False,Medium,High,-12.66,No
SV502475,34,19.1,8.0,41.5,1.7,4,1.0,15.99,10,Basic,Laptop,Credit Card,False,False,False,True,Medium,High,-4.41,No
SV502108,25,13.2,20.5,90.6,14.5,4,1.0,15.99,20,Basic,Mobile,Credit Card,True,False,False,True,High,High,-25.0,No
SV502826,54,32.6,7.2,36.8,5.6,5,2.0,19.99,20,Standard,Mobile,Credit Card,True,True,False,True,Medium,High,2.77,No
SV503928,18,7.1,3.5,28.2,5.3,3,0.0,12.99,0,Premium,Laptop,Debit Card,True,True,False,True,Medium,High,-8.49,No
SV502234,24,16.0,13.8,47.4,33.6,1,1.0,12.99,50,Premium,Laptop,Credit Card,True,False,True,True,Medium,Medium,-5.08,No
SV500963,33,42.9,4.9,26.9,10.2,1,0.0,12.99,0,Premium,SmartTV,Credit Card,True,False,False,False,Low,High,-4.59,No
SV500398,40,34.3,3.4,32.2,16.2,1,1.0,12.99,0,Basic,SmartTV,PayPal,True,True,False,False,Low,Medium,-9.8,No
SV503746,16,34.9,6.1,56.0,3.3,5,1.0,19.99,0,Basic,SmartTV,Credit Card,True,False,False,True,Low,High,-3.95,No
SV500704,46,18.6,7.4,34.7,1.9,3,2.0,12.99,0,Standard,Tablet,PayPal,True,False,True,True,Medium,High,-31.82,No
SV500431,39,150.8,5.3,8.1,10.4,4,4.0,8.99,10,Family,Mobile,PayPal,True,False,False,False,Low,Low,36.42,Yes
SV500292,50,30.7,4.7,54.3,12.0,3,1.0,15.99,0,Premium,Mobile,Debit Card,True,True,False,True,Medium,Medium,-9.1,No
SV503775,24,46.0,3.4,16.3,10.0,4,0.0,19.99,0,Standard,SmartTV,Credit Card,True,True,False,False,Low,High,0.02,No
SV500145,29,8.1,19.6,33.6,1.0,1,0.0,8.99,0,Family,SmartTV,PayPal,True,False,False,True,High,High,-27.66,No
SV502720,36,2.8,4.7,3.6,4.7,5,1.0,19.99,0,Standard,Tablet,Debit Card,False,False,False,True,Medium,High,-4.64,No
SV502033,30,5.0,1.5,56.3,35.9,3,0.0,8.99,0,Basic,SmartTV,PayPal,True,False,True,False,Low,Medium,71.74,Yes
SV503797,22,5.8,2.7,64.0,5.7,5,2.0,12.99,0,Standard,SmartTV,Debit Card,True,False,False,True,Medium,High,-17.51,No
SV501165,25,4.0,1.0,23.2,13.7,4,1.0,8.99,0,Standard,SmartTV,Debit Card,True,False,False,False,Low,High,20.76,Yes
SV502050,42,25.6,11.1,57.4,7.2,2,0.0,12.99,0,Premium,Tablet,Credit Card,True,True,False,False,Medium,High,9.05,Yes
SV503511,19,18.8,8.5,48.1,0.3,4,1.0,12.99,20,Basic,Laptop,Debit Card,True,False,True,False,Medium,High,26.26,Yes
SV500339,41,27.8,2.1,14.0,18.0,2,1.0,15.99,0,Family,SmartTV,Gift Card,True,True,True,False,Medium,High,-16.79,No
SV502414,46,0.8,7.3,66.5,10.1,5,0.0,12.99,10,Premium,Tablet,Credit Card,True,False,False,False,Medium,High,-11.14,No
SV500265,45,15.9,4.9,84.4,1.3,1,1.0,8.99,0,Basic,Mobile,Debit Card,False,False,False,True,Medium,High,-21.87,No
SV503103,46,14.4,3.6,45.2,4.0,4,0.0,19.99,0,Basic,SmartTV,Debit Card,False,False,False,True,Medium,High,-19.53,No
SV501771,35,12.5,12.6,62.7,11.1,2,0.0,19.99,0,Basic,SmartTV,Gift Card,True,True,False,False,Medium,High,7.42,Yes
SV500271,37,19.7,5.0,37.9,3.8,1,2.0,8.99,50,Premium,Tablet,Credit Card,True,True,False,False,Medium,Medium,-3.32,No
SV500696,16,29.7,17.5,32.1,2.6,1,0.0,12.99,30,Premium,SmartTV,Gift Card,True,False,False,True,High,High,6.89,Yes
SV503963,29,7.6,8.9,75.9,0.6,5,1.0,8.99,50,Basic,SmartTV,Credit Card,True,False,False,True,Medium,High,-22.18,No
SV500244,57,17.8,2.4,62.8,4.0,1,1.0,8.99,30,Premium,Laptop,Debit Card,True,True,False,False,Low,Medium,2.37,No
SV503752,32,7.3,16.0,78.1,5.0,5,1.0,12.99,0,Standard,SmartTV,PayPal,True,False,True,True,High,Medium,2.98,No
SV500476,46,19.7,7.8,,3.0,1,4.0,15.99,0,Basic,Tablet,PayPal,True,False,False,True,Low,Medium,13.45,Yes
SV502032,41,6.2,4.2,41.3,6.8,4,2.0,15.99,0,Basic,Mobile,Debit Card,True,True,True,False,Medium,Medium,17.06,Yes
SV503391,16,52.2,1.9,31.0,4.5,2,1.0,15.99,0,Basic,Laptop,PayPal,True,True,False,True,Low,High,-1.44,No
SV503074,48,10.0,1.5,94.1,12.4,3,0.0,8.99,30,Premium,SmartTV,Credit Card,True,False,False,True,Low,High,-1.18,No
SV500813,28,28.5,16.8,64.2,3.8,4,2.0,19.99,0,Family,SmartTV,Debit Card,True,True,False,True,High,Medium,-28.67,No
SV501914,47,0.8,4.2,63.5,16.5,2,1.0,12.99,30,Standard,Mobile,Debit Card,True,False,True,False,Medium,Medium,17.86,Yes
SV503366,34,24.5,3.9,44.7,20.5,4,0.0,12.99,0,Family,Mobile,Credit Card,True,True,True,False,Medium,High,-18.85,No
SV503934,38,11.4,5.7,39.3,11.0,5,1.0,15.99,0,Family,Mobile,PayPal,True,False,False,False,Medium,High,-22.41,No
SV501804,35,9.7,11.2,39.2,8.8,2,2.0,8.99,10,Family,Mobile,Credit Card,True,False,False,True,High,High,-22.76,No
SV502872,22,2.2,5.5,60.4,55.0,4,2.0,19.99,20,Standard,Tablet,Debit Card,True,True,False,False,Medium,Medium,5.68,Yes
SV500250,30,4.0,6.6,21.7,10.7,3,2.0,12.99,0,Premium,SmartTV,Debit Card,True,False,False,False,Medium,Medium,28.12,Yes
SV500545,32,27.2,6.8,43.6,22.0,2,1.0,12.99,0,Family,Mobile,Credit Card,True,False,True,True,Medium,High,-20.58,No
SV500738,16,22.5,8.5,72.4,17.8,5,1.0,15.99,10,Standard,Laptop,Debit Card,True,False,False,False,Medium,Medium,3.96,No
SV500310,47,35.7,5.2,55.1,0.8,2,1.0,12.99,20,Premium,Laptop,Credit Card,False,False,True,True,Medium,High,-24.86,No
SV501131,31,12.1,6.2,54.3,1.9,2,0.0,8.99,50,Basic,SmartTV,PayPal,False,False,False,False,Medium,High,-13.52,No
SV501449,27,28.8,3.7,81.3,1.1,4,2.0,12.99,0,Standard,Mobile,Credit Card,True,False,True,True,Low,High,5.46,Yes
SV503872,29,35.2,10.1,46.0,30.6,3,0.0,12.99,0,Premium,Tablet,Credit Card,True,False,False,True,High,Medium,-34.17,No
SV500015,25,4.8,12.7,59.9,0.7,2,4.0,8.99,0,Premium,SmartTV,PayPal,False,False,False,False,High,Low,36.95,Yes
SV503501,49,17.9,13.2,48.9,3.2,5,3.0,8.99,0,Standard,Mobile,Credit Card,True,False,False,True,Medium,Low,13.8,Yes
SV502789,29,24.1,10.5,31.8,15.7,4,0.0,8.99,10,Premium,SmartTV,Credit Card,False,True,False,True,High,High,-36.14,No
SV503204,39,14.8,8.1,56.0,1.4,4,2.0,8.99,50,Family,Mobile,PayPal,False,True,True,False,Medium,High,-13.88,No
SV500363,22,31.9,7.3,53.9,4.1,3,2.0,19.99,0,Premium,Laptop,Credit Card,True,False,True,False,Medium,High,-12.92,No
SV500182,29,19.5,9.7,18.8,6.5,4,1.0,19.99,0,Standard,SmartTV,Gift Card,True,True,False,False,High,High,-7.4,No
SV501194,55,14.3,6.6,33.2,16.3,4,1.0,15.99,0,Family,SmartTV,Credit Card,True,False,False,False,Medium,High,-14.47,No
SV502470,29,12.7,8.3,70.7,10.5,1,0.0,12.99,20,Premium,Mobile,Debit Card,True,False,False,True,Medium,High,-5.44,No
SV501121,34,15.1,5.9,21.2,38.2,1,1.0,15.99,0,Family,Mobile,PayPal,True,False,True,True,Medium,High,-2.61,No
SV503874,20,17.8,2.6,40.4,1.6,1,0.0,12.99,0,Premium,Mobile,PayPal,True,True,False,False,Low,High,-10.16,No
SV501182,25,41.3,6.8,37.8,6.5,4,1.0,12.99,0,Family,SmartTV,PayPal,True,False,False,False,Low,High,-12.33,No
SV503655,38,11.4,1.9,41.9,1.6,4,1.0,12.99,0,Standard,Mobile,Gift Card,True,False,True,True,Medium,High,-11.24,No
SV500614,25,8.1,5.3,36.6,5.9,5,2.0,19.99,10,Standard,Laptop,Credit Card,True,True,False,False,Medium,High,-0.62,No
SV501466,20,4.2,4.7,77.0,4.7,5,0.0,8.99,0,Premium,Laptop,Debit Card,True,True,False,False,Medium,High,8.11,Yes
SV500401,36,15.1,3.9,58.9,16.8,2,1.0,19.99,0,Family,SmartTV,Debit Card,True,True,True,True,Low,High,6.63,Yes
SV500934,37,23.9,8.9,57.6,16.8,5,2.0,12.99,20,Standard,Mobile,Debit Card,True,False,True,False,Medium,High,-3.77,No
SV502419,16,28.8,9.9,33.1,17.1,2,0.0,8.99,30,Basic,Mobile,Debit Card,True,True,False,True,Medium,High,-8.46,No
SV502629,34,5.9,7.6,,11.9,1,1.0,8.99,20,Standard,Mobile,Credit Card,False,True,False,True,High,High,-42.41,No
SV502780,51,14.7,11.5,38.1,3.2,5,0.0,15.99,0,Standard,Mobile,Credit Card,True,False,False,False,High,,-9.89,No
SV500726,37,9.1,9.0,27.9,4.7,4,0.0,15.99,20,Basic,Mobile,Debit Card,True,False,True,True,Medium,High,10.72,Yes
SV500826,34,20.8,18.8,40.3,1.5,3,0.0,12.99,0,Basic,SmartTV,Credit Card,True,True,False,False,High,High,-15.96,No
SV501521,16,4.4,11.0,43.0,19.3,2,0.0,15.99,0,Basic,Laptop,Debit Card,False,False,False,True,Medium,High,35.92,Yes
SV500136,37,32.9,6.8,66.1,11.8,3,1.0,12.99,0,Basic,Tablet,PayPal,False,True,False,False,Low,High,14.94,Yes
SV500628,23,26.7,0.7,28.8,0.2,1,0.0,19.99,0,Standard,Laptop,Debit Card,True,False,False,True,Low,High,2.7,No
SV500334,34,14.0,12.0,32.9,12.3,4,0.0,8.99,0,Basic,SmartTV,Credit Card,False,True,False,False,High,High,-17.45,No
SV500390,16,6.2,7.4,46.6,26.2,1,1.0,15.99,0,Standard,Mobile,Credit Card,True,True,True,False,Medium,High,-3.28,No
SV503390,22,10.8,7.0,45.7,6.8,3,2.0,8.99,20,Basic,SmartTV,Credit Card,False,True,False,True,Medium,Low,-8.56,No
SV501817,44,18.0,4.1,15.2,6.2,1,0.0,8.99,10,Basic,SmartTV,Credit Card,True,False,False,False,Low,High,-7.19,No
SV503592,54,56.9,16.2,65.5,20.2,3,0.0,8.99,50,Premium,Laptop,Credit Card,True,False,False,False,High,High,-35.5,No
SV500710,34,17.9,15.5,58.9,2.6,5,2.0,12.99,0,Standard,SmartTV,PayPal,False,False,False,True,High,Medium,-8.19,No
SV501039,41,23.8,5.7,29.3,19.0,2,1.0,8.99,20,Basic,Mobile,Credit Card,True,True,False,True,Low,Medium,19.39,Yes
SV502605,24,15.1,13.3,65.9,3.4,2,2.0,12.99,20,Basic,Mobile,Credit Card,True,False,True,True,High,Medium,-1.64,No
SV503448,28,2.5,1.0,24.1,9.8,3,0.0,15.99,10,Standard,Tablet,PayPal,True,False,False,False,Low,High,36.84,Yes
SV501561,36,17.0,4.1,54.6,6.9,3,1.0,15.99,10,Standard,Tablet,Credit Card,True,True,False,False,Medium,,1.76,No
SV503668,16,31.4,4.7,54.6,4.3,4,0.0,15.99,0,Family,SmartTV,Gift Card,True,False,False,True,Medium,High,6.73,Yes
SV503344,18,17.3,6.0,13.3,2.7,2,1.0,15.99,0,Standard,Mobile,PayPal,True,False,False,False,Low,Medium,21.31,Yes
SV501112,21,29.8,8.1,68.7,8.6,4,0.0,8.99,20,Standard,SmartTV,Credit Card,False,True,False,True,Medium,High,-15.07,No
SV501223,43,26.1,11.7,44.1,8.7,1,0.0,12.99,0,Standard,SmartTV,PayPal,False,False,False,True,Medium,High,-4.32,No
SV502653,25,6.9,1.9,35.7,9.5,5,2.0,12.99,0,Standard,Tablet,Credit Card,False,False,False,True,Low,Medium,17.21,Yes
SV502421,31,21.0,5.0,52.2,9.4,5,1.0,8.99,30,Standard,Laptop,PayPal,True,True,False,False,Low,Medium,-0.35,No
SV501508,56,16.8,9.7,68.0,18.2,4,0.0,12.99,0,Premium,Mobile,Gift Card,True,False,True,False,High,High,-5.54,No
SV501750,25,8.0,2.9,64.5,18.3,3,1.0,8.99,0,Standard,SmartTV,Credit Card,True,False,False,True,Medium,Medium,3.78,No
SV503576,38,10.4,2.4,71.0,5.2,2,1.0,19.99,0,Standard,Laptop,Credit Card,True,False,False,False,Low,High,11.92,Yes
SV500338,47,8.3,26.8,26.5,6.6,3,0.0,12.99,0,Family,SmartTV,Credit Card,True,True,False,False,High,High,-28.48,No
SV500215,45,17.1,5.8,65.4,16.6,4,1.0,19.99,0,Family,Mobile,Credit Card,False,False,True,False,Medium,High,-5.67,No
SV501341,39,22.3,4.5,30.8,20.0,3,2.0,12.99,10,Family,Mobile,Credit Card,False,False,False,True,Medium,High,0.96,No
SV503338,22,22.9,3.9,73.1,6.2,3,1.0,8.99,0,Standard,Laptop,Debit Card,True,False,False,False,Medium,High,7.85,Yes
SV503738,27,18.9,2.1,40.8,12.4,4,1.0,12.99,50,Premium,Laptop,Credit Card,True,True,False,True,Medium,High,-29.1,No
SV502574,33,13.4,17.4,42.3,5.5,5,1.0,15.99,20,Family,SmartTV,Credit Card,True,False,False,True,High,High,-13.61,No
SV503384,33,11.2,4.0,30.6,8.1,5,3.0,12.99,0,Basic,Laptop,Credit Card,False,False,False,False,Low,Medium,29.25,Yes
SV502686,16,24.0,18.5,47.6,3.8,4,2.0,15.99,0,Standard,Tablet,Credit Card,True,False,False,False,High,Medium,-4.85,No
SV502322,47,23.2,6.5,57.1,1.6,1,1.0,12.99,50,Basic,Mobile,Credit Card,True,False,False,False,Medium,High,-8.65,No
SV500101,48,1.7,8.9,62.9,31.4,3,0.0,15.99,30,Basic,SmartTV,Credit Card,True,False,False,False,High,High,-20.05,No
SV502844,27,26.5,9.9,67.6,1.2,3,2.0,8.99,30,Premium,Mobile,PayPal,True,True,False,True,High,Medium,0.09,No
SV500171,39,15.3,5.2,51.0,6.3,5,1.0,8.99,50,Basic,Mobile,Credit Card,False,True,False,False,Low,Medium,3.1,No
SV500107,30,13.5,3.0,26.0,3.9,5,2.0,15.99,0,Standard,Mobile,Credit Card,True,False,False,False,Low,Medium,11.98,Yes
SV502787,33,29.6,8.2,57.3,0.3,5,0.0,12.99,0,Family,SmartTV,Credit Card,True,False,False,False,Medium,High,-11.69,No
SV503980,38,6.6,12.8,81.6,4.1,3,3.0,15.99,0,Family,Mobile,PayPal,True,False,False,True,High,High,-34.86,No
SV502916,51,17.9,0.9,57.6,2.2,4,,19.99,20,Standard,Laptop,Debit Card,False,True,False,True,Low,High,13.13,Yes
SV502656,37,8.6,0.8,73.6,2.6,1,1.0,15.99,0,Standard,Mobile,PayPal,True,True,False,False,Medium,Medium,17.91,Yes
SV502531,40,10.9,3.5,3.0,10.1,2,1.0,12.99,20,Premium,Mobile,PayPal,False,False,True,False,Medium,Medium,-18.07,No
SV502698,38,52.8,6.3,28.4,6.7,1,4.0,8.99,10,Family,SmartTV,Credit Card,False,False,False,False,Medium,High,-13.57,No
SV502663,18,4.7,1.8,83.3,7.4,5,1.0,15.99,10,Standard,Tablet,Debit Card,True,False,False,False,Low,High,13.56,Yes
SV502985,29,39.3,14.3,68.0,5.0,1,1.0,15.99,0,Basic,SmartTV,Credit Card,True,False,False,False,High,High,-17.32,No
SV503098,56,30.1,7.7,39.7,7.8,5,0.0,15.99,20,Basic,Mobile,Gift Card,True,True,False,False,Medium,,15.88,Yes
SV503423,23,12.4,11.9,66.2,5.0,2,2.0,8.99,10,Premium,Tablet,PayPal,True,True,False,False,Medium,High,-11.3,No
SV501040,23,5.2,8.1,16.2,2.2,4,2.0,12.99,10,Premium,Mobile,Credit Card,True,False,True,True,Low,Medium,10.46,Yes
SV503831,58,48.6,2.1,16.8,8.1,1,1.0,15.99,0,Premium,Tablet,Credit Card,True,False,True,True,Low,High,-4.86,No
SV502120,40,22.7,8.7,59.0,3.7,1,1.0,8.99,0,Basic,SmartTV,Debit Card,False,True,False,True,Medium,High,-16.0,No
SV501524,29,16.7,3.3,66.6,13.0,1,0.0,15.99,30,Basic,Mobile,Credit Card,True,False,True,False,Low,High,11.23,Yes
SV503403,46,3.5,13.9,47.3,1.9,4,0.0,8.99,0,Family,SmartTV,Credit Card,True,True,True,True,Medium,High,-3.96,No
SV502248,33,11.6,8.0,46.0,16.3,3,1.0,15.99,0,Premium,Tablet,PayPal,True,False,True,False,High,High,-31.51,No
SV500481,50,32.3,10.5,33.4,3.5,1,1.0,15.99,0,Basic,Mobile,Credit Card,True,False,False,True,Medium,High,-1.21,No
SV502823,23,25.1,8.3,62.3,5.6,5,1.0,15.99,10,Basic,Mobile,Credit Card,True,False,True,False,High,Medium,9.09,Yes
SV503263,52,5.1,12.8,46.4,27.3,1,0.0,19.99,0,Standard,Mobile,Gift Card,True,True,False,False,High,High,-6.33,No
SV501762,27,45.1,2.4,71.0,1.4,3,0.0,8.99,20,Basic,Mobile,Credit Card,True,True,False,False,Low,High,-7.34,No
SV503245,38,16.6,1.4,49.1,7.0,2,1.0,8.99,0,Standard,SmartTV,Gift Card,True,False,False,False,Low,High,12.77,Yes
SV503375,27,16.1,4.5,60.3,11.3,4,2.0,15.99,10,Standard,Mobile,Debit Card,True,False,False,True,Medium,High,-20.03,No
SV502935,16,4.7,12.3,81.6,3.8,1,0.0,8.99,20,Family,Mobile,Credit Card,False,True,False,True,High,High,-20.62,No
SV502937,50,18.1,4.4,33.9,1.6,3,0.0,15.99,20,Standard,Mobile,Credit Card,True,True,False,True,Low,,4.34,No
SV500405,31,27.1,6.9,96.4,6.4,3,0.0,15.99,0,Family,Mobile,PayPal,True,False,True,True,Medium,High,-14.87,No
SV500757,43,25.1,11.3,47.0,5.2,1,2.0,19.99,10,Family,Laptop,Credit Card,True,True,False,True,Medium,High,-15.75,No
SV502600,28,6.6,5.3,58.7,5.0,1,1.0,8.99,30,Basic,SmartTV,Credit Card,False,False,False,False,Medium,Medium,-0.07,No
SV500097,23,6.1,11.8,84.2,6.4,4,1.0,12.99,0,Premium,Mobile,Credit Card,True,True,True,False,Medium,Medium,-3.14,No
SV501333,37,0.5,4.0,26.8,16.2,1,3.0,8.99,0,Premium,Tablet,PayPal,True,False,False,False,Low,High,24.38,Yes
SV503164,27,42.2,1.5,51.6,26.9,1,0.0,8.99,30,Standard,Mobile,Debit Card,False,True,False,False,Low,High,6.38,Yes
SV503686,21,31.0,6.7,35.2,0.5,4,1.0,19.99,0,Standard,Laptop,Debit Card,False,True,False,False,Low,High,6.3,Yes
SV503526,38,17.8,9.8,48.7,74.6,5,1.0,12.99,20,Basic,Tablet,Credit Card,False,False,True,True,High,High,22.37,Yes
SV502058,27,23.9,2.2,43.9,17.2,3,0.0,8.99,0,Basic,SmartTV,Credit Card,True,False,False,True,Low,High,-3.11,No
SV502791,33,50.9,9.0,45.1,9.5,2,2.0,19.99,30,Basic,Mobile,Debit Card,True,True,False,True,Medium,High,3.12,No
SV500148,46,7.0,9.0,37.3,9.2,1,0.0,12.99,0,Premium,SmartTV,PayPal,False,True,True,True,Medium,High,-15.76,No
SV500028,39,27.5,4.3,62.6,0.2,2,2.0,15.99,0,Basic,SmartTV,Debit Card,True,True,True,False,Low,High,6.42,Yes
SV502715,35,43.0,8.9,36.9,2.9,2,1.0,19.99,0,Standard,SmartTV,Debit Card,False,False,False,False,Medium,High,10.29,Yes
SV503471,31,13.5,16.3,38.0,1.7,5,1.0,19.99,0,Standard,Mobile,Credit Card,True,False,True,True,High,High,-16.32,No
SV500692,44,18.9,6.1,61.0,24.0,3,0.0,12.99,0,Standard,Laptop,PayPal,True,True,True,False,Medium,High,-7.3,No
SV501386,48,46.4,11.6,30.4,12.9,4,2.0,15.99,0,Premium,Tablet,Credit Card,True,False,False,True,High,High,-25.37,No
SV501845,16,28.9,11.0,31.6,3.4,5,0.0,8.99,0,Standard,SmartTV,Credit Card,True,True,False,False,Medium,High,-5.57,No
SV503512,27,20.3,2.6,82.8,1.1,3,3.0,15.99,20,Premium,Mobile,Credit Card,False,True,True,True,Low,High,3.11,No
SV501599,22,12.9,5.1,53.6,4.7,5,1.0,15.99,0,Standard,Laptop,Gift Card,False,False,True,True,Medium,High,-4.72,No
SV500701,31,12.1,15.7,43.6,15.5,5,0.0,8.99,0,Basic,SmartTV,Credit Card,True,False,True,True,High,High,-14.43,No
SV501708,45,4.6,15.1,35.9,16.9,5,0.0,19.99,10,Standard,SmartTV,Credit Card,True,False,False,True,Medium,High,-8.78,No
SV500454,35,7.1,3.6,55.0,2.3,1,2.0,12.99,0,Premium,Mobile,Credit Card,False,False,False,False,Medium,High,-4.1,No
SV502040,44,46.6,1.7,21.3,1.6,3,0.0,15.99,0,Family,Laptop,Credit Card,True,False,False,True,Low,High,-26.05,No
SV503711,41,22.8,9.5,57.4,2.1,2,0.0,19.99,0,Standard,SmartTV,PayPal,True,True,False,True,Medium,High,4.71,No
SV502315,38,13.9,8.4,61.4,39.3,4,0.0,15.99,0,Standard,SmartTV,PayPal,True,False,False,True,Low,Medium,12.23,Yes
SV500609,40,12.4,7.9,16.6,9.9,1,0.0,12.99,0,Basic,Mobile,Credit Card,True,False,False,True,High,High,-11.63,No
SV500167,38,48.1,2.9,32.7,5.8,3,1.0,12.99,20,Standard,SmartTV,Credit Card,True,True,False,True,Medium,High,-19.68,No
SV500730,39,33.0,4.7,39.5,6.6,5,1.0,8.99,0,Basic,Tablet,Credit Card,True,True,True,False,Medium,Low,10.68,Yes
SV502856,33,7.5,5.3,75.4,5.0,5,0.0,19.99,20,Basic,Mobile,PayPal,True,False,False,True,Low,High,-2.02,No
SV503574,27,0.5,11.5,54.3,2.7,2,,12.99,20,Standard,Mobile,Debit Card,True,False,False,False,High,High,-21.74,No
SV502638,41,15.5,3.8,32.3,14.4,1,0.0,15.99,0,Premium,Mobile,Credit Card,True,False,False,False,Medium,High,-11.72,No
SV501622,42,21.1,1.2,55.1,3.8,1,4.0,19.99,0,Standard,SmartTV,Credit Card,True,True,False,False,Low,Low,49.92,Yes
SV500587,25,42.7,1.4,80.6,2.0,5,0.0,12.99,0,Basic,Tablet,Debit Card,True,False,False,False,Low,High,4.16,No
SV501401,30,3.2,23.4,46.5,3.2,1,1.0,15.99,10,Premium,SmartTV,Gift Card,False,True,True,True,High,High,-37.15,No
SV501700,22,41.1,3.5,65.2,13.1,3,0.0,15.99,20,Premium,Tablet,PayPal,True,False,False,True,Low,High,-2.2,No
SV502897,35,12.9,4.5,76.8,9.1,3,0.0,12.99,20,Standard,Mobile,Debit Card,True,False,False,True,Low,High,15.96,Yes
SV503135,22,9.7,4.7,55.9,27.8,2,0.0,8.99,20,Standard,Mobile,Credit Card,True,True,False,False,Medium,High,-9.64,No
SV501379,50,14.3,2.5,37.7,5.8,4,0.0,15.99,0,Standard,Laptop,Credit Card,True,True,False,True,Low,High,3.21,No
SV502089,39,17.0,28.7,66.4,3.3,5,1.0,12.99,20,Standard,Laptop,Debit Card,True,True,True,False,High,High,-21.59,No
SV502175,35,9.7,1.6,49.2,14.4,4,1.0,15.99,20,Basic,Mobile,PayPal,True,True,True,False,Low,Medium,26.53,Yes
SV502910,29,17.6,4.0,54.0,7.0,5,2.0,8.99,0,Standard,Mobile,Debit Card,True,True,True,True,Medium,High,-9.41,No
SV503917,27,18.1,11.8,54.0,3.8,3,1.0,12.99,10,Basic,Laptop,Credit Card,True,True,False,False,High,High,-28.35,No
SV503227,33,55.3,3.8,29.8,28.1,4,0.0,12.99,10,Premium,Tablet,PayPal,True,False,False,False,Medium,High,-4.79,No
SV500441,38,56.5,5.4,73.9,1.5,3,0.0,19.99,0,Standard,SmartTV,Credit Card,True,False,False,True,Medium,High,-3.88,No
SV502051,21,28.5,16.9,26.7,18.3,4,4.0,8.99,50,Basic,Laptop,Credit Card,True,False,False,False,High,Low,32.41,Yes
SV501301,16,12.4,4.4,25.2,1.4,5,0.0,12.99,0,Premium,Tablet,PayPal,False,True,True,True,Low,High,5.61,Yes
SV503373,28,0.6,13.6,33.5,6.7,3,0.0,15.99,10,Basic,SmartTV,Debit Card,True,False,True,False,High,High,9.29,Yes
SV501304,31,23.8,3.3,46.2,8.5,3,0.0,12.99,0,Family,Mobile,Credit Card,True,True,False,False,Low,High,17.09,Yes
SV500236,16,11.6,4.2,32.7,4.6,2,2.0,15.99,0,Standard,Mobile,Credit Card,True,False,False,False,Low,High,11.68,Yes
SV500520,23,2.0,2.5,78.6,3.6,1,2.0,15.99,0,Basic,SmartTV,Gift Card,True,True,False,True,Low,Medium,35.75,Yes
SV500735,36,8.1,3.9,35.5,5.1,4,2.0,12.99,20,Premium,SmartTV,Credit Card,True,False,True,True,Low,High,-8.11,No
SV503530,51,15.2,4.7,45.4,0.7,5,0.0,12.99,30,Family,SmartTV,Credit Card,True,True,False,True,Medium,High,-14.59,No
SV502106,49,20.9,7.4,89.5,5.7,2,0.0,15.99,20,Family,Mobile,Credit Card,True,False,False,False,High,High,-28.57,No
SV500592,54,10.5,5.7,47.5,23.4,3,0.0,19.99,20,Standard,SmartTV,Credit Card,True,False,False,True,Medium,High,2.6,No
SV501303,42,27.8,3.2,47.1,4.1,2,0.0,19.99,0,Family,Mobile,Credit Card,False,True,True,False,Medium,High,11.4,Yes
SV501387,22,21.9,4.0,34.6,11.2,2,1.0,19.99,30,Premium,Tablet,PayPal,True,True,True,True,Low,High,-3.75,No
SV502583,38,27.7,0.8,5.6,2.3,2,1.0,8.99,0,Basic,SmartTV,Debit Card,True,False,True,True,Low,High,3.56,No
SV503496,45,22.8,1.9,,2.1,4,2.0,15.99,20,Basic,SmartTV,Credit Card,True,False,False,True,Low,Medium,18.28,Yes
SV503713,35,15.2,13.2,53.1,26.3,3,1.0,15.99,10,Premium,Tablet,Credit Card,True,False,False,False,Medium,High,-0.79,No
SV500904,27,10.4,2.3,49.1,7.3,5,2.0,8.99,0,Premium,Tablet,Debit Card,True,True,False,True,Low,High,1.8,No
SV503378,23,4.7,11.0,69.8,0.4,5,1.0,15.99,0,Standard,SmartTV,PayPal,False,False,False,True,Medium,High,18.97,Yes
SV501279,32,12.2,7.3,43.3,7.4,5,1.0,15.99,0,Standard,SmartTV,Gift Card,False,True,False,False,Medium,High,0.9,No
SV503180,23,3.2,8.9,58.9,5.8,5,0.0,12.99,30,Basic,SmartTV,Credit Card,False,True,False,True,High,High,-22.17,No
SV503835,37,42.8,10.0,58.8,6.6,1,1.0,12.99,0,Basic,Mobile,Debit Card,False,True,False,False,Medium,High,-5.12,No
SV502308,48,17.7,7.4,67.1,22.4,2,0.0,12.99,20,Premium,SmartTV,Gift Card,True,False,False,False,Medium,High,-7.59,No
SV503162,40,4.8,3.7,86.6,4.4,4,1.0,8.99,0,Premium,Mobile,PayPal,False,False,False,True,Low,Medium,34.42,Yes
SV503266,16,3.5,8.3,56.9,8.4,4,1.0,8.99,30,Standard,Mobile,Credit Card,True,True,False,False,High,High,-15.5,No
SV503155,25,6.3,3.3,65.8,3.0,3,1.0,8.99,0,Family,Mobile,PayPal,True,False,False,False,Low,Medium,23.15,Yes
SV500706,24,22.9,13.0,69.4,19.1,5,2.0,8.99,0,Standard,Mobile,Debit Card,True,False,False,True,Medium,High,-7.43,No
SV503514,38,31.1,16.1,90.2,2.0,3,1.0,8.99,20,Standard,Tablet,Credit Card,False,False,False,False,High,High,-38.09,No
SV500745,44,18.4,7.8,54.5,15.2,5,1.0,15.99,0,Standard,SmartTV,Debit Card,False,True,False,True,Medium,High,-12.52,No
SV501939,25,9.1,2.9,41.8,32.2,1,1.0,12.99,0,Family,SmartTV,Credit Card,True,False,True,False,Medium,High,-15.94,No
SV502633,34,19.4,5.5,29.1,36.8,3,2.0,12.99,20,Standard,Tablet,Credit Card,True,False,False,False,Low,Medium,12.02,Yes
SV500513,33,15.0,5.3,76.4,9.0,4,0.0,19.99,0,Basic,Mobile,Debit Card,True,True,False,False,Medium,Medium,1.76,No
SV500081,27,4.3,1.6,87.2,2.7,4,0.0,8.99,20,Family,Mobile,Gift Card,True,False,True,False,Low,High,-3.41,No
SV501308,16,14.3,5.6,25.4,12.8,5,1.0,12.99,0,Family,Mobile,Credit Card,True,True,True,True,Medium,High,-9.7,No
SV503305,40,1.0,10.7,49.2,4.2,3,1.0,8.99,0,Basic,Mobile,Debit Card,True,False,False,False,Medium,High,-23.9,No
SV500914,45,22.7,4.4,75.5,8.1,4,1.0,19.99,0,Premium,Laptop,Credit Card,True,False,False,True,Medium,High,-30.35,No
SV503673,16,20.9,5.8,56.6,2.7,2,,15.99,0,Basic,Mobile,Credit Card,True,True,True,False,Medium,High,14.35,Yes
SV503657,55,49.8,8.4,41.1,15.6,3,1.0,12.99,0,Standard,Laptop,PayPal,True,False,False,True,Medium,High,-36.24,No
SV500774,34,14.5,3.3,66.9,0.8,3,0.0,19.99,10,Standard,SmartTV,Credit Card,True,False,True,True,Low,High,-3.27,No
SV500329,28,7.2,6.3,47.8,5.0,1,0.0,12.99,0,Basic,Mobile,Debit Card,True,False,False,True,Medium,High,-12.73,No
SV502054,38,36.2,14.0,27.6,14.1,3,1.0,12.99,50,Family,Tablet,Debit Card,True,False,False,False,Medium,High,-18.92,No
SV502001,27,32.7,7.9,47.3,25.3,3,1.0,8.99,20,Standard,SmartTV,Debit Card,False,False,True,True,Medium,Medium,18.0,Yes
SV500943,47,21.0,5.5,59.1,4.7,1,1.0,12.99,0,Premium,Tablet,PayPal,True,False,False,True,Medium,Medium,6.16,Yes
SV500822,21,29.4,7.4,72.5,0.7,5,1.0,8.99,20,Standard,Mobile,Debit Card,False,False,False,False,Medium,Medium,-8.41,No
SV500909,22,24.7,7.7,60.7,5.9,4,0.0,12.99,0,Standard,Mobile,Debit Card,True,True,False,True,Medium,High,-24.4,No
SV502516,34,20.9,3.7,49.6,9.8,4,0.0,15.99,0,Basic,Laptop,Credit Card,True,False,False,True,Low,High,5.16,Yes
SV500181,36,10.4,6.6,38.5,5.0,1,1.0,8.99,50,Basic,Laptop,PayPal,True,False,False,False,Low,Medium,24.37,Yes
SV500164,43,6.6,9.1,21.6,2.9,2,0.0,12.99,50,Premium,Laptop,PayPal,True,False,True,False,Medium,Medium,-1.17,No
SV501523,32,52.8,9.3,78.6,7.7,2,2.0,8.99,20,Standard,Laptop,PayPal,True,True,False,False,High,High,-13.13,No
SV500451,38,13.1,11.0,35.8,12.8,1,0.0,12.99,10,Family,Tablet,Credit Card,True,False,False,True,Medium,High,-23.2,No
SV502538,41,10.4,3.9,52.0,6.8,5,1.0,8.99,0,Standard,SmartTV,Credit Card,True,False,False,True,Low,Medium,7.94,Yes
SV501311,43,31.8,7.8,39.9,9.2,2,0.0,12.99,20,Standard,Tablet,Credit Card,True,False,False,False,Medium,High,-19.12,No
SV501111,31,8.8,1.6,3.0,2.4,4,1.0,15.99,0,Basic,SmartTV,PayPal,False,False,False,False,Low,High,3.75,No
SV503768,44,25.7,8.7,44.8,33.0,1,1.0,8.99,0,Standard,SmartTV,Credit Card,True,False,False,True,High,High,-37.13,No
SV501287,34,11.1,4.9,59.8,1.2,2,1.0,12.99,10,Family,Mobile,Credit Card,True,False,False,False,Medium,Medium,1.59,No
SV500327,33,8.9,10.1,65.6,6.7,1,0.0,8.99,50,Standard,Mobile,Gift Card,True,False,False,False,Medium,High,-1.41,No
SV501790,16,10.3,2.7,40.2,17.3,5,2.0,12.99,0,Basic,SmartTV,PayPal,False,True,False,True,Low,High,3.12,No
SV502490,43,16.2,2.7,45.7,9.6,1,0.0,12.99,20,Family,Laptop,PayPal,True,False,False,True,Low,High,-4.92,No
SV503534,39,14.6,4.9,,2.2,5,0.0,15.99,20,Premium,Tablet,PayPal,True,False,True,True,Low,High,-5.96,No
SV502007,22,16.6,6.8,38.4,7.2,2,3.0,15.99,10,Premium,Tablet,Credit Card,True,False,True,True,Low,High,-10.51,No
SV501858,38,42.8,13.7,61.0,44.5,4,0.0,8.99,20,Premium,SmartTV,PayPal,False,False,False,False,High,High,7.23,Yes
SV500312,53,52.1,5.1,66.9,3.9,1,0.0,8.99,30,Standard,SmartTV,Credit Card,True,True,False,True,Medium,High,8.84,Yes
SV500832,22,3.1,3.4,52.8,16.7,1,3.0,15.99,0,Family,SmartTV,Credit Card,True,False,True,True,Low,Low,70.8,Yes
SV501201,29,14.9,3.7,41.2,13.4,5,1.0,12.99,30,Family,Laptop,PayPal,True,True,False,True,Low,High,-2.62,No
SV503064,31,6.4,4.1,3.0,6.5,3,0.0,12.99,20,Premium,Tablet,Debit Card,False,False,False,False,Low,High,-1.66,No
SV502607,32,17.1,5.3,42.5,8.1,1,2.0,12.99,0,Standard,Mobile,Debit Card,True,True,True,True,Low,Medium,-4.83,No
SV502134,25,25.1,13.6,50.4,0.6,2,0.0,12.99,50,Standard,Mobile,PayPal,False,False,True,False,Medium,High,-7.85,No
SV502209,29,18.9,10.8,45.9,7.9,2,0.0,12.99,20,Premium,Laptop,Debit Card,True,False,False,True,Medium,High,-25.94,No
SV503909,18,6.8,1.7,70.2,4.7,1,1.0,19.99,20,Standard,Mobile,Debit Card,True,False,False,False,Medium,High,5.71,Yes
SV501481,40,11.4,18.9,47.1,1.2,1,1.0,8.99,0,Family,Laptop,Credit Card,True,True,True,False,High,High,-29.56,No
SV500777,38,22.6,5.0,41.5,14.3,2,1.0,15.99,10,Standard,Mobile,PayPal,True,True,False,True,Medium,High,-9.48,No
SV500799,34,40.1,2.6,55.6,0.6,3,,15.99,10,Standard,Laptop,Credit Card,True,False,False,False,Low,High,-6.36,No
SV500054,29,39.4,12.2,20.9,2.2,4,0.0,8.99,50,Basic,Tablet,Credit Card,True,False,True,True,Medium,High,-0.16,No
SV501920,22,2.7,2.5,49.8,1.2,4,1.0,8.99,0,Basic,Mobile,PayPal,True,False,False,True,Medium,High,-0.87,No
SV503435,40,1.7,0.7,22.9,0.4,3,0.0,19.99,10,Basic,Mobile,PayPal,True,False,False,False,Low,High,54.08,Yes
SV502954,16,1.4,7.2,38.9,3.2,3,1.0,12.99,30,Premium,SmartTV,Credit Card,True,False,False,True,Medium,High,-32.91,No
SV501701,29,6.7,15.5,27.4,18.8,3,1.0,12.99,10,Premium,SmartTV,Credit Card,True,False,False,True,High,High,-30.96,No
SV502161,24,40.1,11.7,,8.1,4,0.0,12.99,0,Basic,Mobile,Gift Card,False,True,False,False,Medium,High,6.27,Yes
SV503740,17,13.9,5.8,47.9,13.6,1,1.0,12.99,0,Premium,Mobile,Credit Card,True,False,False,False,Medium,High,-12.44,No
SV500987,38,10.7,11.6,77.2,15.2,5,1.0,15.99,0,Basic,SmartTV,Gift Card,True,False,False,False,High,High,-13.3,No
SV503132,35,24.1,10.3,35.7,4.3,5,1.0,15.99,0,Standard,SmartTV,Debit Card,True,False,True,True,Medium,Medium,12.85,Yes
SV503601,61,15.7,7.9,62.1,4.4,2,0.0,19.99,0,Standard,SmartTV,Credit Card,True,False,False,False,Medium,Medium,5.17,Yes
SV501394,16,11.1,2.0,68.5,3.1,1,2.0,12.99,20,Family,Laptop,Credit Card,False,False,False,True,Medium,Medium,7.78,Yes
SV500768,20,24.3,4.0,38.5,10.6,2,1.0,12.99,30,Premium,Mobile,Debit Card,False,True,False,True,Medium,High,-26.98,No
SV503529,33,13.3,9.9,10.5,3.8,4,1.0,12.99,0,Standard,Mobile,Debit Card,False,False,False,True,High,Medium,-7.8,No
SV500285,29,19.0,7.0,41.0,1.8,1,1.0,19.99,0,Premium,SmartTV,PayPal,True,False,False,True,Medium,High,-4.25,No
SV503998,27,24.3,4.2,70.4,2.6,5,1.0,19.99,0,Family,Mobile,PayPal,True,False,True,False,Medium,High,-10.37,No
SV500428,19,3.3,3.8,50.9,4.8,1,0.0,12.99,0,Premium,Laptop,Debit Card,True,True,True,False,Low,High,44.41,Yes
SV502332,37,37.8,9.7,31.4,10.4,3,1.0,15.99,10,Standard,Tablet,Gift Card,False,True,False,False,Medium,High,3.64,No
SV502079,24,8.4,4.6,74.4,7.8,3,1.0,12.99,10,Standard,SmartTV,Credit Card,True,True,False,True,Medium,High,-41.17,No
SV500722,16,30.0,14.0,39.9,3.7,1,0.0,12.99,30,Standard,Mobile,Debit Card,True,False,True,True,High,High,-8.12,No
SV500951,39,26.1,2.3,46.3,29.5,5,1.0,19.99,20,Family,SmartTV,Debit Card,True,True,False,True,Low,High,-12.41,No
SV503028,25,9.9,5.7,51.3,19.5,5,0.0,19.99,0,Standard,Tablet,Debit Card,True,True,False,True,Low,High,-0.18,No
SV502262,36,27.3,2.6,49.7,17.7,5,1.0,15.99,0,Basic,SmartTV,Credit Card,True,False,False,True,Low,High,-21.23,No
SV500989,29,49.9,6.2,46.4,6.4,1,1.0,8.99,0,Standard,SmartTV,PayPal,False,False,False,False,Medium,High,-0.02,No
SV503719,37,12.1,2.5,52.9,6.8,1,0.0,8.99,0,Standard,Mobile,PayPal,True,False,False,False,Low,High,-2.68,No
SV502687,31,2.3,13.4,71.7,7.7,5,0.0,8.99,0,Family,SmartTV,Credit Card,True,False,False,True,Medium,High,-13.43,No
SV500326,17,9.0,14.0,77.3,22.0,1,0.0,15.99,0,Basic,Tablet,PayPal,True,False,True,True,High,High,3.87,No
SV502608,43,23.3,17.7,54.7,26.8,3,0.0,8.99,0,Basic,SmartTV,Credit Card,True,False,False,True,High,High,-22.59,No
SV501383,32,11.8,10.2,39.5,0.7,2,0.0,12.99,0,Standard,SmartTV,Debit Card,True,False,False,True,High,High,-16.11,No
SV501724,46,5.5,2.4,68.7,3.4,2,,19.99,10,Premium,SmartTV,Credit Card,True,False,True,False,Low,Medium,15.26,Yes
SV501086,19,18.6,5.2,64.4,0.6,5,1.0,15.99,0,Basic,Laptop,PayPal,True,False,True,True,Low,High,4.71,No
SV503196,20,30.3,14.4,71.5,22.5,1,0.0,15.99,0,Standard,SmartTV,Gift Card,True,True,False,True,High,High,-20.81,No
SV500341,37,7.6,5.0,46.7,3.8,5,0.0,12.99,0,Premium,SmartTV,PayPal,True,True,False,True,Medium,High,6.09,Yes
SV500147,32,10.4,7.7,72.0,6.8,5,2.0,15.99,20,Standard,SmartTV,Credit Card,True,False,False,False,Medium,High,-6.6,No
SV503095,22,4.6,4.9,58.4,19.5,2,0.0,8.99,0,Basic,Laptop,PayPal,True,False,False,True,Low,High,16.95,Yes
SV501107,25,16.8,3.1,62.1,0.6,3,0.0,15.99,50,Basic,Mobile,Credit Card,True,False,False,False,Medium,High,-29.21,No
SV500848,26,9.6,3.8,35.9,18.2,3,3.0,12.99,0,Standard,Mobile,Credit Card,False,True,True,True,Low,Medium,18.68,Yes
SV500966,31,15.7,4.6,62.1,12.7,1,2.0,12.99,0,Premium,Mobile,Credit Card,False,True,False,True,Low,High,4.41,No
SV503262,38,13.1,7.3,41.5,14.3,3,0.0,15.99,0,Standard,Mobile,Credit Card,True,True,False,False,High,High,-34.22,No
SV502203,41,17.9,6.8,34.7,2.9,1,4.0,15.99,0,Standard,SmartTV,PayPal,True,False,False,False,Medium,Low,39.19,Yes
SV500661,34,36.8,5.1,3.0,6.7,1,1.0,12.99,0,Basic,SmartTV,Debit Card,True,False,True,True,Low,High,21.41,Yes
SV501002,29,18.0,7.9,77.8,16.2,1,3.0,19.99,0,Basic,Mobile,Credit Card,True,True,False,False,High,Medium,-16.13,No
SV503847,64,14.0,8.3,36.2,2.8,4,1.0,15.99,0,Premium,Tablet,Gift Card,True,False,False,False,High,High,-23.19,No
SV503340,30,6.6,12.4,29.7,10.2,4,0.0,19.99,20,Premium,Laptop,Credit Card,True,False,False,False,Medium,High,-6.31,No
SV503102,43,12.8,9.1,41.3,9.5,4,1.0,12.99,20,Standard,Mobile,Debit Card,True,True,False,False,Medium,Medium,-2.25,No
SV503889,26,72.0,4.9,68.1,19.5,2,1.0,15.99,10,Basic,Laptop,Credit Card,True,False,True,False,Medium,Medium,22.72,Yes
SV501879,16,14.3,7.6,,1.2,3,1.0,12.99,0,Basic,Tablet,Credit Card,False,False,False,True,Medium,High,-8.98,No
SV503756,32,22.2,3.7,65.7,14.8,5,2.0,8.99,30,Standard,SmartTV,Debit Card,True,True,False,False,Medium,High,-3.18,No
SV501203,33,4.6,18.5,38.6,3.5,2,2.0,19.99,0,Basic,Tablet,Debit Card,False,True,False,False,Medium,High,22.94,Yes
SV501990,38,277.1,4.0,25.3,0.5,5,0.0,15.99,0,Premium,Laptop,Debit Card,True,False,False,True,Low,High,-11.52,No
SV500024,29,13.0,5.2,70.8,4.3,3,1.0,12.99,10,Premium,Mobile,Credit Card,False,False,False,True,Low,High,10.15,Yes
SV503747,44,10.0,0.5,51.0,5.8,4,3.0,12.99,0,Basic,Laptop,Credit Card,True,False,False,True,Low,High,-7.27,No
SV502683,26,6.4,1.3,20.6,25.8,5,2.0,12.99,50,Basic,Laptop,PayPal,True,False,False,True,Low,Medium,8.96,Yes
SV502751,30,42.6,11.5,59.1,6.1,4,0.0,12.99,10,Standard,Mobile,Credit Card,True,False,False,True,Medium,High,-17.2,No
SV503048,44,5.2,5.8,23.7,3.4,4,3.0,12.99,0,Standard,SmartTV,Credit Card,True,False,True,True,Medium,Medium,3.76,No
SV500875,16,11.4,8.9,37.9,4.8,5,1.0,12.99,30,Standard,SmartTV,Credit Card,True,True,True,True,Medium,High,-6.88,No
SV503587,36,5.8,7.9,32.5,0.4,5,1.0,19.99,0,Family,Mobile,PayPal,False,False,False,False,Low,High,1.83,No
SV500938,44,33.7,10.5,44.6,16.3,2,1.0,12.99,20,Standard,Laptop,Credit Card,True,False,False,True,High,Medium,-16.57,No
SV502394,24,12.1,14.4,50.6,2.4,5,1.0,15.99,0,Basic,SmartTV,Debit Card,True,False,False,True,High,High,-12.53,No
SV503336,31,17.2,4.3,74.2,8.9,1,3.0,8.99,0,Standard,SmartTV,Credit Card,True,False,True,True,Low,Low,42.48,Yes
SV503960,48,72.0,10.3,31.7,9.3,5,0.0,15.99,30,Standard,Laptop,Gift Card,False,False,True,True,Medium,High,7.45,Yes
SV500385,25,17.0,3.9,54.3,17.5,4,1.0,8.99,20,Family,Laptop,Gift Card,True,True,False,False,High,Medium,-15.64,No
SV503039,33,8.1,11.1,61.6,3.7,2,0.0,19.99,0,Family,Mobile,Debit Card,True,False,False,True,Medium,High,-8.84,No
SV503326,40,34.7,12.9,70.9,5.0,1,1.0,15.99,10,Premium,Laptop,PayPal,True,False,True,False,Medium,High,4.44,No
SV502909,40,21.0,6.6,19.9,18.9,1,0.0,19.99,30,Basic,SmartTV,Gift Card,True,False,False,False,Medium,High,-7.74,No
SV502291,47,16.8,4.1,71.3,2.2,5,2.0,12.99,0,Family,SmartTV,Credit Card,True,True,True,True,Low,Medium,-10.11,No
SV503232,22,35.1,2.5,29.6,2.4,4,,12.99,20,Standard,Mobile,Credit Card,True,True,True,False,Low,High,3.08,No
SV500936,21,26.0,2.8,55.9,2.3,3,0.0,8.99,0,Basic,Laptop,Credit Card,True,False,False,False,Medium,High,-26.55,No
SV503429,43,12.2,4.2,68.1,0.6,5,0.0,12.99,10,Premium,SmartTV,Credit Card,True,True,False,False,Low,High,7.8,Yes
SV502360,51,39.8,7.9,35.3,0.4,4,0.0,8.99,0,Standard,SmartTV,Credit Card,False,False,True,False,Medium,High,0.55,No
SV503896,19,9.9,3.7,51.0,4.0,4,0.0,8.99,0,Premium,SmartTV,PayPal,True,False,False,True,Medium,High,-32.7,No
SV501332,44,51.4,4.8,52.9,24.9,1,0.0,8.99,10,Family,Mobile,Debit Card,True,False,False,True,Low,High,-13.13,No
SV501934,19,27.2,5.9,51.6,2.2,3,5.0,15.99,0,Standard,Mobile,Credit Card,True,False,False,True,Low,Low,32.27,Yes
SV500935,40,7.2,6.4,51.8,2.9,1,1.0,19.99,0,Basic,Mobile,Gift Card,True,False,False,True,Medium,High,-13.06,No
SV502418,41,3.8,2.6,37.0,22.6,1,2.0,12.99,30,Premium,SmartTV,Debit Card,True,False,True,True,Low,High,9.84,Yes
SV500566,32,17.1,5.1,39.0,1.4,5,2.0,15.99,0,Standard,Laptop,Debit Card,True,True,False,False,Medium,Medium,-3.48,No
SV501854,39,8.2,1.6,47.5,7.1,5,0.0,12.99,20,Premium,Mobile,Debit Card,True,True,True,True,Low,High,-19.72,No
SV503209,28,21.0,2.8,66.9,19.4,5,3.0,15.99,0,Premium,Laptop,Credit Card,True,False,False,False,Low,Medium,17.76,Yes
SV502467,49,2.8,3.7,84.6,33.4,3,2.0,12.99,50,Standard,Tablet,Credit Card,True,True,True,True,Low,High,10.8,Yes
SV501645,35,7.1,19.5,4.2,6.1,3,1.0,15.99,0,Family,SmartTV,Gift Card,True,True,False,True,High,Medium,-19.02,No
SV503313,36,7.6,13.1,60.7,13.1,2,1.0,12.99,0,Basic,Mobile,Gift Card,True,False,True,True,High,High,-12.15,No
SV501792,37,51.7,6.4,34.8,0.5,1,2.0,12.99,0,Premium,Mobile,Credit Card,False,False,False,False,Medium,Medium,10.45,Yes
SV501430,31,6.1,11.4,79.8,0.9,5,0.0,19.99,0,Premium,Laptop,Credit Card,False,False,False,True,High,Low,2.44,No
SV503071,36,3.7,4.7,70.4,4.4,4,3.0,15.99,30,Premium,Laptop,Credit Card,True,True,False,False,Medium,High,-12.15,No
SV501013,16,30.4,4.6,58.3,11.2,3,2.0,15.99,0,Premium,Mobile,Debit Card,True,False,False,False,Medium,Medium,-8.19,No
SV501928,44,14.3,5.6,26.6,10.7,4,0.0,15.99,0,Standard,SmartTV,Debit Card,False,True,True,False,Medium,High,-1.88,No
SV502981,51,17.1,17.5,55.4,5.8,4,1.0,19.99,10,Family,Mobile,Credit Card,False,False,True,True,High,High,-12.74,No
SV500126,50,8.8,18.8,46.0,23.0,5,2.0,8.99,0,Standard,Mobile,Debit Card,True,False,False,True,High,High,-36.16,No
SV502772,31,41.0,3.3,33.0,48.3,4,0.0,15.99,0,Basic,SmartTV,Gift Card,False,False,False,True,Low,High,39.29,Yes
SV501347,26,12.3,5.8,75.3,8.4,4,3.0,12.99,50,Premium,SmartTV,PayPal,True,False,False,True,Medium,High,-10.72,No
SV500355,37,25.0,4.8,49.4,85.4,1,1.0,12.99,20,Standard,Tablet,Debit Card,True,True,False,True,Medium,Medium,8.98,Yes
SV500827,33,19.6,6.1,52.6,17.0,1,1.0,12.99,0,Standard,Laptop,PayPal,False,False,True,True,Medium,High,-12.9,No
SV501639,32,32.8,4.7,63.1,4.0,5,1.0,8.99,30,Family,SmartTV,Gift Card,True,False,False,False,Medium,High,-16.32,No
SV500984,38,12.7,4.5,16.2,13.3,5,2.0,12.99,10,Premium,Mobile,Credit Card,False,False,False,False,Low,High,-6.17,No
SV502188,56,5.2,4.2,66.6,2.8,5,0.0,19.99,0,Premium,SmartTV,Credit Card,False,True,False,True,Low,High,2.02,No
SV503386,34,9.4,7.0,73.7,19.9,2,0.0,19.99,0,Basic,Mobile,Debit Card,True,False,False,False,Medium,High,6.44,Yes
SV502443,42,17.3,3.4,49.5,0.0,1,1.0,12.99,0,Standard,Mobile,Credit Card,False,False,False,False,Low,High,-8.11,No
SV500362,45,20.5,10.0,49.6,23.8,4,1.0,19.99,50,Standard,SmartTV,Credit Card,False,False,True,False,Medium,High,14.86,Yes
SV502349,118,9.2,12.4,15.3,6.8,1,3.0,12.99,30,Standard,Mobile,Debit Card,True,False,False,True,High,Low,3.93,No
SV500345,16,19.9,17.6,44.5,9.7,4,1.0,15.99,0,Premium,Mobile,Credit Card,True,True,False,True,High,High,-34.01,No
SV502726,24,9.0,6.3,66.9,0.7,2,0.0,19.99,0,Family,Laptop,Gift Card,False,False,False,True,Medium,,-0.22,No
SV503376,41,2.6,13.7,58.9,22.2,5,1.0,8.99,30,Premium,SmartTV,PayPal,True,True,True,True,High,Medium,-28.2,No
SV500711,42,3.1,16.4,44.1,4.7,4,2.0,19.99,50,Standard,Laptop,PayPal,True,False,False,True,High,High,-22.13,No
SV502890,25,14.9,3.2,62.8,12.2,5,0.0,8.99,0,Basic,SmartTV,Credit Card,True,False,False,True,Medium,High,-18.02,No
SV503785,21,8.5,2.1,93.1,0.5,5,1.0,8.99,30,Standard,Laptop,Debit Card,True,True,True,True,Low,Medium,0.97,No
SV500010,44,17.4,6.5,21.9,17.2,2,1.0,15.99,0,Premium,Mobile,Credit Card,False,False,False,False,Low,High,1.41,No
SV503203,46,25.0,98.7,84.9,6.3,5,1.0,12.99,30,Family,Mobile,Gift Card,True,True,False,False,High,High,-7.59,No
SV502116,35,35.9,8.3,53.1,15.0,4,0.0,19.99,10,Basic,Mobile,Debit Card,False,False,False,True,Medium,High,6.24,Yes
SV501834,40,9.0,18.6,53.9,0.3,2,0.0,12.99,20,Family,Laptop,PayPal,False,False,False,True,High,High,-26.51,No
SV500793,38,27.5,1.2,60.2,0.6,5,1.0,12.99,0,Basic,SmartTV,Credit Card,False,False,True,False,Low,Medium,12.49,Yes
SV503678,26,7.0,3.8,43.5,5.0,1,0.0,12.99,0,Premium,Mobile,Credit Card,True,True,False,False,Low,Medium,12.12,Yes
SV502674,31,18.1,4.7,22.2,9.6,2,1.0,15.99,0,Standard,Tablet,Credit Card,True,False,False,False,Medium,High,-9.73,No
SV500094,16,11.1,0.8,98.1,19.3,5,1.0,12.99,30,Standard,Mobile,PayPal,True,False,False,False,Low,High,-9.79,No
SV500129,24,7.6,1.2,60.9,49.8,1,0.0,12.99,0,Premium,Mobile,PayPal,True,False,False,True,Low,High,-15.52,No
SV502371,31,8.3,1.6,29.7,0.6,1,1.0,19.99,20,Basic,Mobile,Credit Card,True,False,False,True,Low,High,15.25,Yes
SV502965,16,11.4,1.9,30.0,3.0,3,0.0,15.99,50,Family,SmartTV,PayPal,True,False,False,False,Low,High,-6.82,No
SV503869,40,9.3,9.2,23.5,2.8,4,1.0,15.99,0,Standard,Tablet,PayPal,True,True,False,True,Medium,Medium,2.27,No
SV502263,32,12.2,17.3,65.5,0.4,4,0.0,15.99,20,Standard,Mobile,PayPal,True,False,False,False,High,High,11.18,Yes
SV501900,28,6.6,22.0,18.4,3.0,5,1.0,15.99,10,Premium,Mobile,Credit Card,True,True,True,False,High,High,-19.57,No
SV503041,33,20.4,6.5,44.3,10.3,5,0.0,8.99,0,Standard,Tablet,Debit Card,False,False,False,False,Medium,High,-2.4,No
SV503172,45,10.3,15.6,61.4,18.4,3,2.0,8.99,0,Basic,Tablet,Debit Card,True,False,False,True,High,Medium,-17.54,No
SV501932,25,21.9,13.5,47.3,30.7,3,1.0,8.99,0,Standard,SmartTV,Debit Card,True,True,False,False,High,Medium,-12.63,No
SV503360,33,15.9,8.0,40.5,24.2,3,1.0,19.99,0,Premium,Laptop,Credit Card,True,True,False,False,Medium,High,-15.09,No
SV501865,36,22.5,3.0,97.3,4.4,4,0.0,8.99,0,Standard,Mobile,PayPal,True,True,False,True,Medium,High,-7.73,No
SV501658,42,13.1,5.6,49.7,5.0,2,2.0,15.99,50,Basic,SmartTV,Debit Card,True,False,False,True,Medium,High,-10.13,No
SV500516,41,27.8,2.3,45.2,2.5,5,1.0,12.99,10,Basic,Laptop,Credit Card,False,True,True,True,Low,High,-13.72,No
SV501857,45,17.1,13.8,74.9,3.0,5,1.0,19.99,20,Standard,Laptop,Credit Card,False,False,False,True,Medium,High,-6.01,No
SV502645,32,2.1,6.5,41.2,7.3,4,0.0,8.99,0,Family,Laptop,Credit Card,True,False,False,True,Medium,High,-41.99,No
SV502243,44,7.8,1.6,16.0,6.6,4,1.0,15.99,0,Basic,Laptop,PayPal,True,False,False,True,Low,High,-1.77,No
SV501277,52,14.6,12.0,56.4,1.6,4,1.0,8.99,20,Standard,Mobile,Debit Card,False,False,False,False,High,Medium,-13.49,No
SV503854,35,19.4,7.9,33.0,9.5,1,2.0,19.99,0,Premium,Laptop,PayPal,True,True,False,True,Medium,Low,9.46,Yes
SV500950,16,14.4,10.4,15.8,4.0,2,2.0,8.99,0,Family,Laptop,PayPal,False,True,True,True,Medium,Medium,-14.68,No
SV501120,39,8.5,5.3,91.7,30.5,1,0.0,8.99,0,Standard,SmartTV,PayPal,True,False,False,True,Medium,High,-21.55,No
SV502597,37,35.5,5.0,62.5,5.7,1,0.0,15.99,20,Premium,Mobile,Debit Card,True,True,False,False,Low,High,-5.46,No
SV502204,46,14.4,3.5,,5.6,3,,19.99,0,Premium,Mobile,PayPal,True,True,False,False,Low,High,-3.1,No
SV500419,49,25.6,2.3,48.4,3.0,1,1.0,12.99,10,Basic,Mobile,Credit Card,True,True,False,False,Low,Medium,0.36,No
SV500922,35,10.9,7.9,44.4,1.7,5,2.0,8.99,0,Family,Laptop,PayPal,True,False,False,True,Medium,Medium,-3.59,No
SV502913,16,16.4,7.8,46.2,4.3,5,1.0,15.99,20,Standard,SmartTV,PayPal,False,False,True,True,Low,High,-5.08,No
SV500477,21,12.1,6.8,28.1,1.3,4,1.0,15.99,30,Standard,SmartTV,Credit Card,True,True,False,True,Medium,High,-12.66,No
SV502035,42,23.3,0.4,13.4,3.3,5,0.0,12.99,0,Premium,Mobile,Credit Card,True,False,False,True,Medium,High,-15.88,No
SV502883,47,4.2,3.6,49.6,8.0,2,2.0,15.99,30,Basic,Mobile,Credit Card,True,True,False,True,Low,High,10.13,Yes
SV501692,19,13.2,15.7,42.3,0.9,3,,15.99,10,Premium,SmartTV,Debit Card,True,False,True,True,High,High,-13.28,No
SV503840,19,3.6,4.7,53.2,7.0,5,0.0,8.99,30,Standard,Mobile,Debit Card,True,False,True,False,Medium,High,-6.64,No
SV501471,46,8.0,3.8,32.4,4.6,4,1.0,12.99,30,Premium,Mobile,Credit Card,True,False,True,True,Medium,Medium,-8.66,No
SV502601,50,7.7,12.0,44.3,12.3,4,1.0,8.99,20,Standard,SmartTV,Debit Card,False,False,True,True,Low,High,-18.73,No
SV501202,39,12.2,3.6,37.6,3.3,4,0.0,8.99,0,Family,SmartTV,Gift Card,True,False,False,False,Medium,High,-21.81,No
SV502438,45,35.1,7.9,62.3,3.6,5,0.0,12.99,10,Family,Mobile,Gift Card,True,False,False,True,Low,High,6.89,Yes
SV502626,49,13.1,6.6,11.8,16.6,1,2.0,8.99,0,Premium,SmartTV,Debit Card,True,False,False,True,Low,Medium,7.44,Yes
SV501669,26,5.9,5.9,17.4,12.5,2,0.0,15.99,0,Standard,Laptop,Debit Card,True,False,False,True,Medium,High,-5.65,No
SV503695,25,6.9,5.1,53.5,1.2,3,0.0,19.99,30,Premium,Mobile,Credit Card,False,False,False,True,Medium,Medium,-9.02,No
SV501970,31,19.2,0.6,26.1,31.1,1,0.0,15.99,0,Standard,SmartTV,Debit Card,True,False,True,True,Low,High,-0.6,No
SV502151,42,24.6,3.6,36.6,16.3,5,0.0,8.99,10,Standard,SmartTV,Credit Card,True,True,True,True,Medium,High,3.61,No
SV500820,29,10.0,1.2,12.6,6.7,3,0.0,8.99,0,Premium,Mobile,Credit Card,False,False,True,True,Low,High,-17.51,No
SV501997,33,2.7,10.1,33.1,9.7,5,1.0,8.99,20,Standard,Mobile,PayPal,False,False,True,False,Medium,High,1.46,No
SV503822,33,14.4,17.4,36.6,0.3,2,2.0,19.99,0,Premium,SmartTV,Credit Card,True,False,False,False,High,Low,0.33,No
SV501248,32,7.7,8.6,52.1,1.1,3,,12.99,0,Standard,Mobile,Credit Card,True,False,False,True,High,Low,27.61,Yes
SV503406,42,14.2,3.1,40.1,17.0,5,1.0,12.99,0,Premium,Laptop,PayPal,True,True,False,False,Low,High,-16.85,No
SV502712,33,34.7,0.9,40.7,4.0,5,1.0,12.99,10,Family,SmartTV,Credit Card,True,True,True,False,Low,High,-2.8,No
SV503540,36,8.1,8.1,54.4,7.5,4,4.0,12.99,0,Premium,Mobile,Credit Card,False,False,False,True,Medium,Low,33.51,Yes
SV502190,42,21.6,22.1,70.0,6.5,5,1.0,19.99,0,Standard,Mobile,Debit Card,True,False,False,True,High,High,-24.27,No
SV503476,16,46.1,10.7,40.7,31.8,5,1.0,12.99,0,Standard,Laptop,PayPal,True,True,False,True,High,High,-15.77,No
SV501046,28,7.4,5.4,20.5,9.3,2,3.0,8.99,10,Premium,Mobile,Gift Card,True,True,False,False,Medium,Medium,-2.03,No
SV501888,17,23.1,6.2,57.6,1.0,2,2.0,19.99,0,Premium,SmartTV,Credit Card,True,True,False,True,Low,Medium,2.5,No
SV502469,34,13.0,12.0,68.0,6.5,5,2.0,15.99,0,Basic,SmartTV,PayPal,True,False,True,False,Medium,High,3.53,No
SV500615,20,33.6,1.8,71.2,9.4,5,1.0,19.99,0,Family,Mobile,Debit Card,True,False,True,False,Medium,High,1.63,No
SV501318,18,10.3,12.5,60.2,1.7,3,1.0,15.99,0,Basic,Mobile,Credit Card,True,False,False,True,Medium,High,-6.77,No
SV503844,35,18.5,11.7,,5.7,1,0.0,8.99,10,Standard,Laptop,Credit Card,True,False,True,False,High,High,-33.84,No
SV503884,26,11.8,9.6,36.4,1.4,2,2.0,8.99,0,Premium,Mobile,Debit Card,True,False,False,True,Medium,Medium,-17.44,No
SV503900,41,13.8,3.1,58.3,12.9,4,1.0,12.99,30,Standard,Mobile,Credit Card,True,False,True,True,Low,High,-10.39,No
SV502136,37,8.6,8.7,45.1,0.5,2,2.0,12.99,30,Family,Mobile,Credit Card,True,False,True,True,Medium,Medium,-6.19,No
SV503256,27,18.4,5.6,36.6,0.8,2,2.0,12.99,0,Premium,Tablet,Credit Card,True,False,False,True,Medium,High,-21.06,No
SV501772,20,21.2,6.0,71.7,0.8,5,3.0,12.99,0,Basic,Mobile,Debit Card,False,False,False,True,High,Medium,2.95,No
SV503932,38,61.5,9.3,39.6,4.5,4,1.0,12.99,0,Standard,SmartTV,Gift Card,False,True,True,False,High,High,3.61,No
SV500131,19,40.3,8.0,57.5,2.0,2,2.0,8.99,0,Standard,Mobile,PayPal,True,False,True,False,Medium,High,-21.44,No
SV502850,32,3.5,2.2,80.3,1.2,4,1.0,8.99,0,Premium,Laptop,Credit Card,False,False,False,False,Medium,High,20.73,Yes
SV500077,36,7.2,8.3,43.2,5.8,2,1.0,19.99,0,Family,Tablet,Debit Card,True,True,False,True,Medium,High,-32.28,No
SV502052,47,7.5,7.7,58.2,6.0,5,1.0,19.99,20,Basic,Tablet,PayPal,True,False,False,True,Medium,Medium,18.55,Yes
SV500724,24,5.6,7.8,53.5,0.9,4,1.0,8.99,0,Basic,SmartTV,Credit Card,True,True,True,True,Medium,High,-3.51,No
SV501314,40,8.2,15.9,48.4,2.6,2,2.0,8.99,50,Family,Mobile,Credit Card,True,True,False,False,High,High,-21.19,No
SV501851,37,5.1,19.9,28.2,17.8,3,1.0,19.99,0,Premium,Mobile,Credit Card,False,False,False,True,High,High,-23.69,No
SV503903,31,26.3,15.4,48.0,15.7,2,1.0,19.99,0,Basic,Laptop,Gift Card,True,True,False,True,High,High,-12.66,No
SV503042,24,11.1,3.0,58.2,11.2,5,2.0,12.99,0,Premium,Mobile,Debit Card,True,True,False,False,Medium,High,-11.36,No
SV503293,40,5.0,1.2,71.9,2.2,1,0.0,15.99,50,Premium,SmartTV,Credit Card,True,True,False,True,Low,High,22.11,Yes
SV501372,38,4.1,11.7,53.6,6.6,3,1.0,15.99,20,Standard,Mobile,Credit Card,True,True,False,True,Medium,High,-8.04,No
SV501855,26,5.2,2.1,85.0,10.2,3,1.0,15.99,0,Standard,SmartTV,Credit Card,False,False,False,False,Low,Medium,13.75,Yes
SV501319,47,15.9,8.6,83.6,13.8,4,,15.99,10,Basic,Mobile,Credit Card,True,False,True,False,High,High,-2.94,No
SV502560,38,29.2,8.9,43.4,6.8,2,1.0,12.99,0,Standard,Laptop,Credit Card,True,False,False,False,Medium,Medium,7.07,Yes
SV503830,23,23.8,4.3,35.3,22.8,5,1.0,12.99,0,Family,Tablet,Credit Card,True,True,False,False,Low,High,9.77,Yes
SV503244,39,45.3,10.5,41.5,2.8,5,0.0,15.99,0,Standard,Tablet,PayPal,True,True,False,True,Medium,Medium,-14.16,No
SV503871,23,209.1,9.7,48.8,7.8,3,0.0,12.99,0,Family,Mobile,Credit Card,True,False,True,False,High,Medium,-11.16,No
SV500375,60,7.6,15.5,47.7,1.2,5,2.0,15.99,10,Basic,Mobile,PayPal,False,False,False,False,High,Medium,-5.19,No
SV501908,29,10.5,2.2,27.4,4.0,3,79.0,15.99,20,Family,Mobile,Credit Card,True,False,False,True,Medium,Medium,-0.27,No
SV500333,23,10.4,1.0,79.3,4.8,3,1.0,12.99,0,Standard,Laptop,Credit Card,False,False,False,True,Medium,Medium,-3.1,No
SV502986,36,2.7,10.6,31.8,9.2,1,1.0,8.99,50,Basic,Laptop,PayPal,True,False,True,True,High,High,-28.93,No
SV503733,30,15.9,6.7,75.7,1.3,1,1.0,15.99,0,Basic,Mobile,Debit Card,False,True,True,True,Medium,High,13.05,Yes
SV502365,50,19.7,0.8,53.9,1.6,2,0.0,19.99,30,Family,SmartTV,Debit Card,True,True,False,False,Medium,High,-21.76,No
SV501604,31,25.8,7.2,26.9,1.4,3,1.0,12.99,30,Standard,SmartTV,Credit Card,True,True,False,False,Medium,High,6.28,Yes
SV501118,38,15.3,2.1,46.3,15.6,1,1.0,8.99,10,Basic,Mobile,Credit Card,True,True,False,False,Low,High,-5.83,No
SV503771,19,17.5,4.6,65.2,22.5,4,0.0,12.99,0,Standard,SmartTV,PayPal,True,False,False,True,Medium,High,-16.79,No
SV501943,16,27.1,5.4,10.7,5.6,5,2.0,19.99,0,Premium,SmartTV,Credit Card,True,False,False,False,Low,Medium,12.52,Yes
SV502997,60,19.0,9.8,73.9,13.3,3,0.0,8.99,20,Family,SmartTV,Credit Card,True,True,False,False,Medium,High,-12.75,No
SV502376,40,15.0,16.7,80.0,8.0,2,,19.99,0,Standard,Mobile,Credit Card,True,False,False,False,High,High,-22.33,No
SV503345,31,5.4,3.8,20.0,2.8,2,2.0,19.99,0,Basic,Laptop,PayPal,True,False,False,True,Medium,High,-1.96,No
SV501342,39,22.8,14.8,45.4,36.9,3,1.0,15.99,30,Basic,SmartTV,Credit Card,False,False,False,True,High,High,16.28,Yes
SV500320,43,26.1,4.3,59.4,1.9,3,0.0,15.99,0,Basic,SmartTV,Debit Card,False,False,True,False,Low,High,18.14,Yes
SV501619,26,15.5,4.8,64.1,4.7,2,1.0,8.99,20,Standard,Tablet,Debit Card,True,True,False,True,Low,High,-10.68,No
SV503235,40,3.2,1.9,52.8,17.8,1,2.0,12.99,0,Premium,SmartTV,Debit Card,True,True,False,True,Low,Medium,42.52,Yes
SV502060,18,40.3,5.6,30.8,6.0,4,0.0,8.99,10,Basic,SmartTV,Credit Card,True,True,True,True,Medium,High,-0.37,No
SV502219,18,12.0,2.8,3.0,2.9,2,1.0,19.99,0,Premium,SmartTV,Debit Card,False,True,False,False,Medium,High,-10.28,No
SV501673,39,11.3,12.0,46.3,4.2,5,0.0,15.99,0,Family,Laptop,Debit Card,True,False,False,True,High,High,-30.89,No
SV501942,20,53.3,2.5,37.5,2.1,3,1.0,8.99,30,Basic,Laptop,Debit Card,True,False,False,False,Medium,High,-21.4,No
SV500260,31,29.1,12.7,36.8,1.2,2,2.0,15.99,0,Standard,SmartTV,PayPal,True,True,False,True,High,Medium,-13.85,No
SV503113,43,3.8,7.8,36.9,8.1,3,0.0,12.99,0,Standard,Mobile,PayPal,True,False,False,False,Medium,High,30.97,Yes
SV502039,37,9.6,4.4,27.0,5.4,3,1.0,8.99,0,Standard,Mobile,PayPal,False,True,False,False,Medium,Low,2.32,No
SV500689,29,52.2,5.7,32.7,2.8,5,0.0,12.99,50,Basic,SmartTV,Debit Card,True,False,False,False,Low,High,6.47,Yes
SV500901,35,22.1,2.6,50.3,2.8,5,1.0,12.99,0,Standard,SmartTV,PayPal,True,False,False,False,Low,High,-5.52,No
SV502306,55,7.9,17.0,44.6,3.4,1,4.0,8.99,10,Premium,Mobile,PayPal,True,True,False,True,High,Medium,-23.77,No
SV502026,40,5.6,16.6,55.6,6.1,3,2.0,15.99,20,Premium,Laptop,Credit Card,True,False,False,True,High,Medium,-1.72,No
SV500138,56,20.1,3.6,55.6,9.7,2,1.0,15.99,0,Standard,Mobile,Credit Card,False,True,True,False,Low,High,-0.64,No
SV501917,45,20.1,29.4,46.9,0.9,5,0.0,12.99,0,Basic,Mobile,Debit Card,True,False,False,True,High,High,-16.98,No
SV501828,24,28.1,6.2,47.5,0.9,5,2.0,8.99,20,Premium,Mobile,Credit Card,False,True,True,True,Medium,Medium,-6.06,No
SV501573,34,10.4,1.9,51.4,6.5,1,0.0,15.99,0,Basic,SmartTV,Credit Card,True,False,False,False,Medium,High,15.19,Yes
SV500319,21,20.0,7.7,7.4,11.9,4,1.0,12.99,10,Premium,SmartTV,Gift Card,True,True,True,True,Medium,High,-4.51,No
SV500653,22,19.3,4.2,81.1,29.6,5,1.0,12.99,0,Family,SmartTV,Credit Card,True,True,False,False,Medium,High,-4.64,No
SV502137,43,12.9,3.1,40.3,3.6,2,0.0,8.99,20,Basic,Laptop,Credit Card,True,True,True,False,Low,High,15.25,Yes
SV503190,18,23.1,7.7,37.1,10.5,4,2.0,15.99,0,Standard,SmartTV,Debit Card,True,True,False,False,High,Medium,5.5,Yes
SV500558,20,15.4,5.4,49.2,2.0,4,2.0,12.99,20,Standard,Mobile,Credit Card,True,True,False,True,Medium,Low,3.79,No
SV502187,29,7.9,3.1,67.2,2.2,4,1.0,8.99,10,Standard,SmartTV,PayPal,True,True,False,False,Medium,Medium,0.09,No
SV500112,27,72.0,6.3,46.7,16.3,3,1.0,12.99,0,Basic,Laptop,Debit Card,True,False,False,True,Medium,High,-15.83,No
SV500531,24,20.4,14.5,69.2,4.9,2,1.0,15.99,0,Premium,Tablet,Credit Card,True,False,False,False,High,High,-20.19,No
SV500224,35,6.0,7.7,12.6,3.1,3,1.0,12.99,20,Standard,SmartTV,PayPal,True,False,True,True,Low,High,2.46,No
SV500723,18,3.4,2.9,87.3,3.0,3,0.0,15.99,0,Standard,Mobile,Debit Card,True,True,True,True,Low,Medium,31.16,Yes
SV503212,42,24.7,11.2,42.6,6.7,1,1.0,8.99,0,Family,Mobile,Credit Card,True,False,False,True,High,High,-45.68,No
SV503926,43,11.3,9.0,46.9,18.2,1,,8.99,0,Standard,Mobile,PayPal,False,True,False,True,High,High,-7.51,No
SV501433,16,41.1,3.4,103.5,29.8,4,1.0,8.99,0,Premium,Tablet,PayPal,True,True,False,False,Low,Medium,4.24,No
SV502373,52,8.4,11.1,42.3,12.5,2,0.0,19.99,10,Standard,Tablet,Credit Card,True,False,True,False,High,High,-16.23,No
SV503083,28,0.8,5.2,61.1,34.2,4,1.0,15.99,0,Premium,Laptop,PayPal,True,True,False,False,Low,Medium,5.77,Yes
SV503999,20,42.1,8.3,57.3,0.7,5,2.0,8.99,30,Premium,SmartTV,Debit Card,True,False,False,False,Medium,High,-10.92,No
SV501458,54,23.6,3.9,14.8,6.6,1,0.0,15.99,20,Basic,Laptop,Credit Card,True,True,False,True,Low,High,-0.27,No
SV503595,61,7.2,13.2,82.0,4.2,4,1.0,12.99,0,Standard,Tablet,Debit Card,True,False,False,True,Medium,High,2.23,No
SV502762,28,13.4,1.9,40.7,13.1,5,0.0,19.99,50,Premium,Tablet,PayPal,True,False,False,True,Low,Low,11.91,Yes
SV500846,69,2.9,2.1,80.5,0.4,2,0.0,19.99,0,Standard,Tablet,Debit Card,True,False,False,True,Low,High,1.78,No
SV500193,50,21.2,3.6,40.7,0.4,1,3.0,12.99,10,Basic,Mobile,Credit Card,False,False,False,False,Low,,21.8,Yes
SV501464,45,12.8,1.3,20.1,0.0,2,2.0,19.99,20,Standard,Laptop,Credit Card,True,False,True,True,Low,Medium,17.57,Yes
SV502621,26,14.6,8.4,53.9,16.6,1,3.0,15.99,30,Basic,SmartTV,Gift Card,True,False,False,False,Low,High,8.28,Yes
SV500946,38,4.5,5.6,65.7,1.6,2,2.0,12.99,30,Standard,Mobile,Gift Card,False,False,False,True,Low,Medium,12.58,Yes
SV502021,25,35.0,0.8,48.8,2.7,2,3.0,8.99,0,Basic,Mobile,Credit Card,False,False,False,False,Low,Medium,14.44,Yes
SV502551,33,21.2,13.1,43.6,6.5,4,2.0,19.99,10,Basic,Laptop,Gift Card,True,False,True,True,High,High,23.25,Yes
SV501629,46,5.9,8.6,61.2,14.8,4,1.0,15.99,0,Basic,Mobile,PayPal,False,True,False,True,Medium,High,-7.22,No
SV500117,34,6.4,14.4,15.8,7.3,4,2.0,19.99,0,Standard,Laptop,Credit Card,True,False,True,False,Medium,High,-2.89,No
SV500645,32,16.5,5.6,43.2,21.0,4,0.0,12.99,0,Basic,SmartTV,Debit Card,True,True,True,True,Low,High,13.86,Yes
SV501870,44,5.1,2.6,46.3,3.3,3,1.0,15.99,0,Family,SmartTV,PayPal,True,True,True,True,Low,High,-0.55,No
SV500003,44,11.6,8.0,85.1,5.1,4,1.0,12.99,0,Family,Tablet,PayPal,False,True,True,True,Medium,High,-11.99,No
SV500074,36,52.2,9.4,42.1,17.8,4,2.0,8.99,10,Basic,Mobile,Gift Card,True,False,False,True,Medium,High,0.39,No
SV501755,41,13.5,7.5,57.9,10.1,4,3.0,19.99,0,Standard,Mobile,Credit Card,True,False,False,True,Medium,High,-11.6,No
SV500467,55,17.3,5.7,29.5,6.4,1,2.0,19.99,50,Basic,Tablet,Credit Card,True,True,False,False,Medium,Low,-14.64,No
SV500005,20,19.6,8.7,50.9,0.4,3,4.0,15.99,10,Standard,Laptop,PayPal,True,False,True,False,Medium,Medium,6.4,Yes
SV501246,29,24.1,9.0,40.6,16.3,2,0.0,19.99,0,Standard,Tablet,Credit Card,True,False,False,False,High,High,4.17,No
SV500919,16,16.8,14.9,43.2,10.6,5,1.0,15.99,20,Standard,Tablet,Debit Card,False,False,True,True,High,Medium,10.65,Yes
SV502595,25,33.7,6.9,13.5,12.4,5,1.0,15.99,20,Basic,Mobile,Debit Card,True,False,True,False,Medium,High,17.46,Yes
SV500228,25,12.3,3.6,42.6,31.6,1,1.0,12.99,10,Standard,SmartTV,PayPal,True,False,True,False,Medium,High,2.03,No
SV501063,46,20.7,4.8,64.9,21.8,1,1.0,8.99,10,Standard,Laptop,PayPal,True,False,False,True,Medium,High,-15.53,No
SV502590,25,47.2,4.0,38.9,2.9,1,0.0,15.99,0,Standard,Tablet,PayPal,True,True,True,True,Medium,High,-6.4,No
SV500242,16,20.0,5.4,47.0,23.8,4,1.0,19.99,0,Standard,Tablet,Credit Card,True,False,True,False,Medium,High,-13.4,No
SV503404,17,17.5,8.7,47.6,6.0,1,0.0,12.99,0,Standard,SmartTV,Credit Card,True,True,True,False,High,High,-12.36,No
SV501160,21,22.6,1.7,39.0,43.1,3,0.0,15.99,10,Premium,SmartTV,Credit Card,True,True,True,False,Low,High,2.48,No
SV503088,36,19.6,7.0,36.7,0.1,5,0.0,15.99,10,Basic,Laptop,Debit Card,True,False,False,True,Low,High,11.1,Yes
SV503337,39,30.1,9.4,23.4,5.8,2,2.0,8.99,50,Basic,Mobile,Credit Card,True,False,False,True,Medium,Low,-5.34,No
SV503239,21,19.7,7.0,23.4,10.1,1,0.0,12.99,0,Basic,SmartTV,Credit Card,True,True,False,False,Low,High,-1.45,No
SV502563,53,6.5,5.9,85.5,1.5,2,2.0,15.99,30,Basic,Laptop,Debit Card,True,False,False,True,Medium,High,-12.56,No
SV502671,50,17.2,10.1,42.3,5.3,3,2.0,8.99,0,Standard,Laptop,PayPal,True,False,False,False,Medium,High,-23.31,No
SV501526,47,29.8,3.5,27.1,9.0,5,1.0,8.99,0,Standard,SmartTV,Gift Card,True,False,False,True,Low,High,2.67,No
SV501605,49,15.5,6.6,51.1,1.9,2,0.0,12.99,30,Standard,SmartTV,Debit Card,True,True,True,True,Medium,High,-23.98,No
SV503709,31,34.0,4.5,65.4,9.5,3,1.0,8.99,10,Premium,Mobile,PayPal,False,False,False,False,Medium,High,-9.85,No
SV503969,23,13.4,5.1,68.4,8.6,2,2.0,15.99,10,Premium,SmartTV,Credit Card,False,False,True,False,Medium,,-1.64,No
SV502709,33,9.4,1.2,50.5,18.4,2,0.0,15.99,10,Basic,SmartTV,Credit Card,True,False,False,True,Low,High,-2.68,No
SV503558,40,58.2,6.1,43.0,1.7,1,2.0,12.99,10,Family,Tablet,PayPal,False,False,False,True,Medium,Medium,7.02,Yes
SV503978,42,10.6,40.1,56.6,42.6,4,1.0,12.99,0,Basic,SmartTV,Gift Card,False,False,True,True,High,High,36.1,Yes
SV501989,19,9.2,10.5,23.2,9.1,2,1.0,8.99,20,Basic,SmartTV,PayPal,True,True,False,False,Medium,High,-17.78,No
SV503508,40,25.7,3.7,37.3,20.7,2,3.0,12.99,10,Family,Mobile,Debit Card,False,False,False,False,Medium,Medium,0.43,No
SV502362,30,15.1,5.0,32.4,11.8,2,0.0,15.99,0,Premium,Mobile,Credit Card,True,False,False,True,Low,High,-13.17,No
SV501975,42,23.5,1.9,52.3,3.4,4,1.0,8.99,20,Premium,SmartTV,PayPal,True,False,False,True,Low,High,-16.17,No
SV501761,25,20.4,2.5,78.2,4.0,2,1.0,12.99,0,Basic,Mobile,Credit Card,True,False,False,False,Medium,High,-16.28,No
SV501305,16,25.0,5.6,70.5,46.6,1,2.0,12.99,20,Standard,SmartTV,Gift Card,False,False,True,False,Medium,Medium,34.84,Yes
SV502739,49,31.9,7.3,39.4,21.2,4,1.0,15.99,10,Basic,SmartTV,Debit Card,True,False,False,True,Low,High,1.73,No
SV501541,43,30.6,9.6,84.0,7.6,1,0.0,12.99,0,Standard,Mobile,Credit Card,True,True,False,True,High,High,-21.85,No
SV503462,20,42.9,6.9,47.8,7.0,3,2.0,8.99,0,Family,Mobile,Debit Card,True,True,False,True,Medium,High,-36.39,No
SV502472,38,49.3,8.5,62.2,7.4,3,1.0,15.99,0,Premium,Tablet,Credit Card,True,False,False,False,Medium,High,5.38,Yes
SV502642,23,12.4,6.7,85.5,17.6,2,0.0,12.99,0,Standard,SmartTV,Credit Card,True,True,False,False,Low,High,-12.74,No
SV502795,41,21.2,1.7,44.1,1.9,2,0.0,15.99,10,Family,Mobile,PayPal,True,True,True,True,Low,High,-5.54,No
SV500622,37,3.1,12.3,31.7,5.5,5,0.0,8.99,50,Premium,Laptop,Credit Card,True,True,True,True,Medium,High,-19.94,No
SV503063,36,2.5,7.7,61.8,0.7,1,0.0,8.99,30,Basic,Mobile,PayPal,True,False,False,False,Medium,High,-15.2,No
SV501493,22,5.6,2.4,29.2,19.1,3,0.0,8.99,0,Family,SmartTV,Credit Card,True,False,True,True,Low,High,-16.83,No
SV500110,39,45.2,7.9,43.0,1.3,5,0.0,19.99,0,Family,SmartTV,Credit Card,True,True,False,False,Medium,High,1.4,No
SV502275,16,16.5,3.8,71.0,17.3,2,2.0,12.99,0,Standard,Mobile,Debit Card,True,True,False,True,Medium,High,-12.2,No
SV503001,42,6.3,14.9,36.6,0.9,3,0.0,8.99,0,Basic,Tablet,Credit Card,True,False,False,False,High,High,-31.96,No
SV501169,30,30.2,3.1,52.6,3.4,2,2.0,19.99,20,Premium,Laptop,Debit Card,True,True,False,False,Low,High,1.3,No
SV503257,52,11.5,5.7,75.7,2.3,1,1.0,15.99,0,Standard,Mobile,Debit Card,True,False,False,True,Medium,Medium,-6.37,No
SV500232,37,17.6,6.1,22.3,1.5,3,1.0,8.99,10,Basic,Mobile,Credit Card,True,False,False,False,Medium,High,-22.05,No
SV500066,30,19.4,5.8,73.0,1.1,2,3.0,8.99,30,Premium,Laptop,Credit Card,False,False,True,True,High,High,-34.58,No
SV503602,19,22.0,6.5,47.6,11.5,5,1.0,15.99,0,Premium,Tablet,Gift Card,False,True,False,True,Medium,Medium,15.3,Yes
SV502072,16,5.2,6.6,41.6,1.8,2,1.0,8.99,0,Premium,SmartTV,Credit Card,True,True,False,True,Low,High,-23.41,No
SV502192,23,32.9,12.9,67.4,7.1,3,1.0,12.99,10,Premium,Mobile,Credit Card,True,False,False,True,High,High,-27.82,No
SV500536,28,5.8,9.0,35.8,29.3,3,1.0,12.99,0,Standard,Mobile,PayPal,False,True,False,True,Medium,High,12.0,Yes
SV502859,24,23.8,18.1,51.4,0.3,3,1.0,15.99,30,Standard,Tablet,PayPal,True,True,False,False,High,Medium,-13.02,No
SV500125,38,17.6,0.5,22.6,5.1,5,1.0,12.99,0,Basic,Laptop,PayPal,False,True,False,False,Low,High,5.84,Yes
SV502133,38,11.1,6.0,24.0,6.2,2,0.0,19.99,10,Standard,Mobile,Credit Card,False,False,False,True,Medium,High,-15.66,No
SV501254,26,34.7,3.9,89.4,0.4,4,0.0,12.99,0,Basic,SmartTV,Credit Card,True,False,False,False,Low,High,-9.33,No
SV503291,37,3.6,2.6,53.7,3.6,1,1.0,12.99,0,Premium,Laptop,Gift Card,True,False,True,True,Medium,High,32.13,Yes
SV501976,16,42.1,4.7,82.3,7.0,3,2.0,15.99,0,Standard,SmartTV,Gift Card,True,False,False,True,Medium,High,5.72,Yes
SV503258,24,28.4,1.8,67.3,1.6,2,2.0,19.99,0,Premium,SmartTV,Debit Card,False,True,False,False,Low,High,11.78,Yes
SV503077,16,72.0,20.3,58.3,10.6,1,3.0,8.99,10,Standard,Mobile,Gift Card,True,False,True,False,High,Medium,-10.43,No
SV502075,20,4.1,2.7,39.1,17.6,5,1.0,19.99,0,Basic,Mobile,Credit Card,True,False,False,False,Low,High,31.4,Yes
SV500484,33,15.9,9.7,,16.0,1,,12.99,0,Family,Mobile,Credit Card,False,False,False,False,Medium,High,3.31,No
SV501654,31,12.0,3.3,84.2,6.0,3,0.0,8.99,0,Basic,SmartTV,Gift Card,True,False,False,True,Medium,High,4.09,No
SV503851,26,31.5,7.3,36.5,10.4,2,1.0,12.99,0,Premium,Mobile,Credit Card,True,True,False,False,Medium,Medium,10.2,Yes
SV503679,35,16.1,9.1,31.5,2.8,2,1.0,8.99,0,Standard,Mobile,PayPal,True,True,False,True,Medium,,-2.77,No
SV503307,42,26.9,2.3,56.8,3.5,3,2.0,8.99,0,Premium,SmartTV,Debit Card,True,False,False,True,Low,High,-15.35,No
SV503034,46,2.0,5.5,11.3,1.2,3,1.0,12.99,10,Standard,SmartTV,PayPal,False,False,True,True,Low,High,9.64,Yes
SV503617,26,28.0,8.4,60.9,17.6,3,1.0,8.99,10,Standard,Mobile,PayPal,True,False,False,False,Medium,Medium,1.15,No
SV501774,46,24.2,2.2,28.3,2.3,3,0.0,12.99,0,Basic,Mobile,Credit Card,True,True,False,False,Medium,High,-1.31,No
SV502410,24,22.0,8.1,39.4,1.4,3,3.0,19.99,0,Family,Laptop,Credit Card,False,False,False,True,Medium,Low,23.83,Yes
SV503583,33,3.8,2.6,3.0,11.4,2,2.0,15.99,20,Standard,SmartTV,Credit Card,True,False,False,True,Low,High,12.77,Yes
SV500918,49,11.0,9.5,52.0,13.0,5,1.0,8.99,0,Standard,SmartTV,Debit Card,True,False,True,False,Medium,Medium,-10.47,No
SV501646,33,20.0,0.8,28.6,7.4,1,1.0,8.99,0,Basic,Laptop,Credit Card,True,False,False,True,Medium,Medium,-5.54,No
SV501026,16,4.2,0.7,,38.9,1,4.0,15.99,0,Standard,Mobile,Credit Card,True,True,False,True,Low,Low,64.8,Yes
SV501030,47,8.0,1.6,31.3,37.3,3,2.0,12.99,20,Basic,Tablet,Debit Card,True,False,True,False,Low,High,14.72,Yes
SV500882,22,8.0,3.5,54.7,13.6,5,2.0,15.99,0,Standard,Mobile,Credit Card,True,False,False,True,Low,Medium,4.34,No
SV501335,54,10.6,1.2,45.1,26.4,2,0.0,12.99,0,Family,Tablet,Credit Card,True,False,False,True,Medium,High,-29.6,No
SV502746,46,28.9,23.9,34.4,3.0,3,1.0,15.99,0,Basic,Mobile,Gift Card,True,False,True,True,High,High,4.49,No
SV502942,34,6.5,5.2,48.5,2.9,5,3.0,19.99,10,Standard,Mobile,Debit Card,True,False,True,False,Medium,High,-14.8,No
SV502713,21,24.2,3.9,48.2,6.1,3,1.0,8.99,0,Standard,Laptop,Credit Card,True,True,False,False,Low,High,4.35,No
SV500364,33,9.2,4.7,54.8,4.8,2,4.0,12.99,10,Basic,Mobile,PayPal,True,False,True,False,Medium,Medium,13.15,Yes
SV502125,36,36.5,1.6,28.7,5.1,1,0.0,12.99,20,Premium,SmartTV,Credit Card,True,True,False,True,Medium,,-10.78,No
SV500027,38,22.7,6.5,26.0,10.1,5,3.0,12.99,0,Basic,Mobile,Gift Card,True,False,False,True,Medium,Low,32.66,Yes
SV500473,36,10.9,6.4,41.8,7.3,3,1.0,8.99,10,Standard,Mobile,Credit Card,True,False,False,False,Medium,High,9.99,Yes
SV500525,29,5.4,1.5,52.4,4.4,5,0.0,12.99,0,Basic,Mobile,Credit Card,False,True,False,False,Low,High,-1.5,No
SV500725,50,6.5,7.9,36.3,0.4,5,1.0,8.99,0,Premium,Mobile,Gift Card,False,False,True,True,High,Medium,-1.83,No
SV500055,27,22.5,0.5,,0.6,5,0.0,8.99,0,Basic,Mobile,PayPal,True,True,False,True,Low,High,-1.55,No
SV500638,40,21.5,9.3,47.6,25.3,1,4.0,15.99,0,Basic,Laptop,PayPal,True,False,True,True,Medium,Medium,22.29,Yes
SV500302,44,11.8,4.5,26.3,0.5,1,0.0,15.99,20,Family,SmartTV,Credit Card,True,False,False,True,Medium,High,-26.48,No
SV502766,16,12.2,9.1,36.4,14.3,5,1.0,8.99,0,Premium,Mobile,Debit Card,False,False,False,True,Medium,High,-12.38,No
SV503468,50,30.6,2.6,42.5,26.0,2,2.0,15.99,0,Basic,Mobile,PayPal,True,False,False,False,Low,High,9.53,Yes
SV501276,27,10.5,6.1,3.0,19.2,1,2.0,12.99,20,Family,SmartTV,PayPal,True,False,False,True,Low,Medium,-8.78,No
SV503503,21,17.7,0.8,47.7,2.0,2,2.0,15.99,0,Standard,SmartTV,PayPal,False,True,False,True,Low,Medium,15.81,Yes
SV500624,39,12.4,2.3,37.7,18.0,4,3.0,12.99,0,Family,SmartTV,Credit Card,True,False,True,True,Low,Low,29.62,Yes
SV502055,40,8.3,6.5,47.8,8.0,2,2.0,15.99,20,Basic,Mobile,Debit Card,True,False,False,False,High,High,-7.49,No
SV501280,47,8.6,7.8,3.0,31.4,2,1.0,8.99,10,Standard,Mobile,Gift Card,False,False,True,False,Medium,High,21.03,Yes
SV502851,50,9.9,9.6,46.9,14.9,1,1.0,12.99,0,Standard,SmartTV,PayPal,True,True,False,True,High,High,-32.99,No
SV501049,39,26.0,10.1,53.2,15.4,4,0.0,15.99,10,Standard,Mobile,PayPal,True,False,True,False,Medium,High,-2.04,No
SV500336,27,6.5,3.1,54.3,7.1,4,2.0,8.99,0,Standard,Mobile,Credit Card,False,False,True,True,Low,High,-14.16,No
SV500047,36,22.4,4.4,46.5,10.2,2,0.0,12.99,0,Standard,Tablet,Debit Card,True,True,True,False,Medium,High,10.15,Yes
SV502878,25,25.3,4.0,25.9,18.9,2,0.0,8.99,20,Family,Mobile,Debit Card,True,False,False,False,Low,High,-11.86,No
SV500106,24,18.8,3.3,64.7,28.4,2,0.0,8.99,0,Basic,Mobile,Debit Card,False,False,False,True,Medium,High,-3.45,No
SV502397,32,22.1,1.6,37.5,1.0,2,5.0,12.99,0,Standard,SmartTV,PayPal,True,True,True,False,Low,Low,32.93,Yes
SV501079,50,9.8,8.6,56.8,2.7,3,1.0,12.99,0,Standard,SmartTV,Credit Card,False,True,True,False,Medium,Medium,3.68,No
SV502286,42,24.8,11.4,49.7,12.3,2,0.0,12.99,50,Basic,Mobile,Credit Card,False,False,False,False,High,High,-19.48,No
SV502261,25,33.9,10.1,43.6,12.0,1,,15.99,10,Family,SmartTV,Credit Card,False,True,False,False,High,High,-23.33,No
SV501144,34,25.4,9.3,42.5,7.1,5,1.0,15.99,0,Standard,SmartTV,Debit Card,True,True,True,True,Medium,Medium,-4.92,No
SV503161,40,7.1,4.3,41.1,2.9,2,0.0,8.99,20,Standard,Tablet,PayPal,True,True,True,True,Medium,High,-13.41,No
SV502296,62,9.9,8.2,56.4,3.0,1,0.0,8.99,30,Premium,Mobile,PayPal,False,False,False,True,Medium,High,-23.39,No
SV502841,46,14.0,7.8,,0.8,3,2.0,8.99,0,Standard,SmartTV,Credit Card,True,False,False,False,Low,Low,-0.97,No
SV501836,36,8.8,10.6,57.1,8.6,2,1.0,15.99,0,Family,Mobile,Credit Card,True,False,False,True,Medium,Medium,-6.8,No
SV501753,28,4.9,6.0,29.6,5.8,5,2.0,15.99,20,Basic,Mobile,Debit Card,True,False,False,False,Medium,High,0.27,No
SV501101,41,4.3,8.3,41.8,5.3,2,1.0,15.99,10,Standard,Mobile,Debit Card,True,False,False,True,Medium,Medium,-1.57,No
SV501968,29,19.0,8.5,71.0,6.4,2,1.0,15.99,10,Standard,Laptop,Credit Card,True,False,False,False,Medium,High,-5.67,No
SV503008,31,5.0,5.9,53.8,1.5,2,5.0,12.99,0,Basic,SmartTV,PayPal,True,True,True,True,Medium,Low,36.11,Yes
SV503650,50,33.7,6.5,72.0,2.3,4,0.0,8.99,0,Standard,SmartTV,Credit Card,True,True,True,False,Medium,High,5.67,Yes
SV500523,32,3.6,7.9,21.2,0.4,3,0.0,15.99,20,Family,Mobile,PayPal,False,False,False,True,Medium,High,-6.63,No
SV502280,48,2.3,0.5,32.0,6.5,4,2.0,19.99,20,Family,Mobile,Gift Card,True,True,False,False,Low,High,55.04,Yes
SV502692,33,6.1,5.2,33.9,9.9,1,1.0,15.99,0,Family,SmartTV,Credit Card,True,False,False,False,Low,High,-6.02,No
SV502885,37,28.0,3.0,71.2,5.5,4,1.0,19.99,0,Basic,Mobile,Debit Card,True,False,False,False,Medium,High,12.28,Yes
SV501428,41,14.8,7.7,61.7,0.1,3,3.0,15.99,0,Basic,Mobile,Credit Card,True,False,False,True,Medium,Medium,4.16,No
SV502581,45,6.9,4.9,66.2,3.7,1,2.0,8.99,0,Basic,SmartTV,Debit Card,True,False,False,True,Medium,Medium,-16.32,No
SV503467,16,40.1,5.7,52.5,7.3,2,1.0,15.99,20,Standard,SmartTV,Credit Card,True,True,False,True,Medium,Medium,5.33,Yes
SV500603,27,22.6,3.4,64.4,0.4,4,0.0,8.99,20,Basic,Laptop,PayPal,False,False,False,False,Low,High,-5.57,No
SV501489,36,22.5,7.2,31.9,8.7,5,0.0,19.99,0,Family,Mobile,Gift Card,False,False,True,True,High,High,-6.03,No
SV503109,25,19.9,2.1,53.9,13.9,2,1.0,12.99,0,Premium,Laptop,Credit Card,False,False,False,True,Low,High,-18.06,No
SV503230,29,24.2,4.6,74.7,0.4,4,0.0,19.99,10,Family,SmartTV,Gift Card,True,False,True,True,Low,High,13.88,Yes
SV500060,16,8.7,3.4,68.4,2.6,5,,15.99,20,Premium,SmartTV,Credit Card,True,False,False,False,Medium,Medium,23.09,Yes
SV503658,24,31.4,17.6,52.9,21.1,1,2.0,12.99,10,Standard,Tablet,Credit Card,False,False,True,False,High,High,-4.65,No
SV500671,37,22.0,10.5,70.2,3.9,1,1.0,8.99,0,Basic,Tablet,Gift Card,True,False,False,True,Medium,High,-4.2,No
SV500092,29,62.4,12.3,45.6,23.3,2,2.0,8.99,10,Standard,SmartTV,Debit Card,False,True,False,False,High,Low,13.42,Yes
SV500666,16,1.9,10.3,63.5,9.2,5,0.0,19.99,0,Premium,Mobile,Credit Card,True,False,False,True,Medium,High,-1.52,No
SV501887,36,56.4,6.2,91.9,10.7,5,3.0,8.99,0,Basic,SmartTV,Credit Card,True,True,True,True,Low,Medium,25.79,Yes
SV500280,39,8.3,11.8,53.7,9.8,3,1.0,8.99,20,Premium,SmartTV,Credit Card,True,False,False,False,High,High,-25.89,No
SV501719,19,10.6,10.3,46.1,4.8,3,0.0,8.99,30,Premium,SmartTV,PayPal,True,False,False,False,High,High,-17.42,No
SV503015,28,24.5,8.5,55.2,15.3,1,3.0,8.99,0,Basic,Mobile,Debit Card,True,False,False,False,High,Low,28.81,Yes
SV500359,32,25.1,5.3,14.8,3.5,3,1.0,15.99,20,Basic,Laptop,Credit Card,False,False,False,True,Low,High,5.8,Yes
SV500899,17,5.0,16.0,59.6,1.5,2,1.0,8.99,0,Premium,SmartTV,Debit Card,False,False,False,True,High,High,-17.71,No
SV501935,52,3.6,7.3,36.1,5.0,3,1.0,8.99,0,Family,Laptop,PayPal,True,False,False,False,Medium,High,-6.61,No
SV501994,35,10.3,11.1,44.6,6.9,1,1.0,8.99,0,Premium,SmartTV,Credit Card,False,True,False,False,Medium,Medium,8.31,Yes
SV503945,33,10.6,14.8,33.3,17.4,2,1.0,12.99,20,Standard,Tablet,PayPal,True,False,True,False,High,Medium,-7.47,No
SV502895,21,10.9,1.2,30.3,7.4,4,2.0,8.99,0,Family,Laptop,Credit Card,True,True,False,True,Low,High,-10.68,No
SV500760,48,15.9,3.9,,11.8,5,1.0,8.99,10,Basic,Mobile,Debit Card,False,False,True,False,Low,High,17.12,Yes
SV502158,41,43.1,9.0,5.8,2.2,2,1.0,12.99,0,Basic,Laptop,Credit Card,True,True,False,True,Medium,High,6.38,Yes
SV503487,37,9.2,4.9,77.0,5.4,5,1.0,12.99,20,Basic,Tablet,Gift Card,False,False,True,False,Medium,High,8.67,Yes
SV500042,27,30.4,7.2,47.8,11.0,5,2.0,12.99,10,Basic,SmartTV,Debit Card,True,True,False,True,Low,High,11.46,Yes
SV502173,21,9.8,9.9,34.9,8.7,5,0.0,15.99,0,Basic,SmartTV,PayPal,False,False,False,False,Medium,Medium,17.93,Yes
SV500204,16,14.1,9.8,86.4,0.4,4,0.0,12.99,0,Basic,SmartTV,Debit Card,True,False,True,True,Medium,High,8.6,Yes
SV501473,16,7.3,5.7,55.6,1.9,1,1.0,8.99,20,Standard,Mobile,Credit Card,True,False,False,True,Low,Medium,2.27,No
SV502100,37,27.0,11.9,72.3,4.6,1,1.0,19.99,0,Basic,Mobile,Credit Card,True,False,False,False,Medium,High,-8.39,No
SV502593,42,10.4,1.7,13.6,3.1,3,2.0,19.99,0,Basic,Mobile,PayPal,True,False,True,True,Low,High,15.02,Yes
SV500068,43,37.5,2.8,62.1,5.2,5,1.0,19.99,0,Premium,Laptop,Credit Card,True,False,False,False,Medium,High,-8.96,No
SV501875,16,6.4,7.2,60.5,15.7,3,1.0,8.99,0,Premium,Laptop,PayPal,False,True,False,True,Low,High,-11.82,No
SV502832,45,45.1,7.1,71.0,33.6,1,2.0,12.99,0,Basic,SmartTV,Credit Card,True,True,False,True,Medium,High,-17.31,No
SV503727,41,29.8,3.5,3.0,17.7,1,1.0,19.99,20,Basic,SmartTV,Debit Card,True,True,False,False,Low,High,2.79,No
SV502231,22,4.5,7.1,,9.2,4,0.0,8.99,0,Standard,SmartTV,Credit Card,True,False,False,True,Medium,High,-13.19,No
SV500137,43,4.5,8.0,37.5,3.3,3,2.0,12.99,0,Basic,Mobile,Credit Card,True,True,False,False,Medium,Medium,18.18,Yes
SV502947,39,12.2,17.1,95.5,2.9,3,2.0,15.99,50,Premium,Mobile,Credit Card,True,False,False,False,High,Medium,-31.05,No
SV500796,45,20.2,6.2,55.5,0.1,2,0.0,12.99,20,Family,Tablet,Credit Card,True,False,True,True,Low,High,-17.96,No
SV502180,57,10.2,10.2,86.8,6.3,3,1.0,15.99,50,Premium,SmartTV,Gift Card,True,False,False,False,Low,High,3.0,No
SV502128,39,72.0,8.2,8.8,3.8,4,0.0,15.99,0,Basic,Tablet,Debit Card,True,False,True,False,Medium,High,17.64,Yes
SV500758,41,10.0,20.7,46.3,10.5,3,3.0,8.99,50,Premium,SmartTV,PayPal,False,True,False,False,High,High,-40.55,No
SV500541,25,10.1,12.0,60.6,8.2,5,1.0,15.99,0,Standard,SmartTV,Debit Card,True,False,False,True,High,Low,-23.19,No
SV501019,41,27.3,1.4,,4.6,4,0.0,12.99,20,Standard,Mobile,Credit Card,True,False,False,True,Low,High,17.07,Yes
SV503030,33,11.2,6.8,40.2,6.3,2,1.0,15.99,0,Basic,SmartTV,Debit Card,False,False,False,False,Low,High,19.59,Yes
SV500165,24,30.7,4.8,68.3,7.2,2,0.0,8.99,10,Standard,Mobile,Credit Card,True,False,False,False,Medium,High,-13.27,No
SV500248,66,6.8,12.3,38.0,4.2,5,0.0,15.99,30,Basic,SmartTV,Credit Card,True,False,True,True,High,Medium,4.73,No
SV501331,22,31.2,7.1,54.6,0.7,1,3.0,8.99,0,Premium,Mobile,PayPal,True,False,False,True,Medium,Medium,-18.17,No
SV502017,27,29.9,4.2,67.7,4.7,4,2.0,15.99,10,Premium,Mobile,Credit Card,True,False,False,True,Low,High,-7.01,No
SV500446,46,21.9,13.2,61.0,12.7,2,0.0,12.99,10,Basic,SmartTV,Credit Card,True,True,True,True,High,High,-7.18,No
SV502482,36,19.7,6.1,38.6,19.6,3,0.0,15.99,0,Standard,Mobile,Debit Card,True,False,False,True,Medium,High,-10.29,No
SV502906,47,11.6,1.9,39.5,17.6,5,1.0,15.99,20,Family,Mobile,PayPal,True,False,False,False,Low,Medium,1.61,No
SV501358,29,17.2,7.6,68.7,0.5,4,0.0,8.99,0,Premium,Laptop,Debit Card,True,True,True,True,Medium,High,-38.75,No
SV502845,23,2.4,9.8,57.4,2.7,4,2.0,15.99,20,Basic,Mobile,Credit Card,True,False,False,True,Medium,Medium,5.21,Yes
SV502145,26,3.8,5.7,68.3,1.5,1,1.0,8.99,20,Standard,Laptop,Credit Card,True,True,False,False,Low,High,-5.27,No
SV501329,42,20.5,6.1,32.4,7.9,4,3.0,15.99,0,Standard,Laptop,Credit Card,False,False,False,True,Medium,Low,28.51,Yes
SV503973,53,10.8,5.6,57.4,3.4,4,1.0,15.99,0,Standard,Mobile,PayPal,False,False,False,True,Medium,Medium,2.49,No
SV502785,35,16.3,5.4,40.3,6.6,2,1.0,15.99,0,Standard,Mobile,Credit Card,True,True,True,False,Low,High,-1.31,No
SV503875,38,19.1,6.0,33.0,0.1,1,1.0,15.99,20,Standard,Laptop,Debit Card,True,False,False,False,Low,High,12.45,Yes
SV502150,33,21.3,12.7,18.8,7.3,5,0.0,19.99,0,Standard,Mobile,Credit Card,False,False,False,True,High,High,-8.81,No
SV500434,44,12.4,16.3,35.6,9.8,3,1.0,15.99,20,Basic,SmartTV,PayPal,True,False,True,True,High,High,2.83,No
SV502122,25,3.2,4.2,10.0,8.4,5,0.0,19.99,0,Family,Mobile,Credit Card,True,True,False,True,Medium,High,20.48,Yes
SV500577,48,10.0,4.7,6.3,1.0,2,1.0,12.99,20,Family,SmartTV,Debit Card,False,True,False,False,Medium,Medium,-4.95,No
SV502900,28,22.5,6.0,91.6,6.7,2,0.0,15.99,0,Premium,Mobile,PayPal,True,True,False,False,Medium,High,-16.75,No
SV503166,24,4.0,5.2,46.2,0.8,1,0.0,12.99,0,Basic,Laptop,Credit Card,True,True,True,True,Medium,High,17.86,Yes
SV502966,50,34.9,4.0,66.5,21.4,4,0.0,8.99,20,Premium,Mobile,Credit Card,True,False,False,True,Medium,High,-22.44,No
SV503821,48,12.2,14.7,61.6,3.5,3,0.0,19.99,10,Premium,Mobile,PayPal,True,False,False,True,High,High,-17.91,No
SV503649,35,2.9,6.9,71.2,12.4,5,3.0,15.99,0,Basic,Mobile,Debit Card,True,False,False,False,Medium,Medium,5.77,Yes
SV502448,42,22.2,8.5,33.8,3.6,1,1.0,19.99,0,Family,SmartTV,Debit Card,True,True,True,False,High,High,-13.75,No
SV501848,30,12.5,4.0,37.0,2.7,5,0.0,15.99,0,Basic,SmartTV,Credit Card,True,True,False,False,Low,High,10.89,Yes
SV500762,42,17.1,5.6,33.7,3.1,5,2.0,8.99,0,Basic,Mobile,PayPal,True,False,True,False,Low,Medium,30.6,Yes
SV503037,33,5.6,4.9,85.7,4.1,3,2.0,19.99,10,Standard,Mobile,Debit Card,True,True,False,True,Medium,Medium,20.56,Yes
SV500388,37,18.8,3.9,70.5,5.0,3,0.0,15.99,30,Premium,SmartTV,Debit Card,True,False,True,True,Low,High,14.08,Yes
SV500235,27,22.2,5.9,43.0,3.8,3,3.0,8.99,10,Premium,Laptop,Debit Card,True,True,False,True,Medium,Medium,-12.63,No
SV503465,57,50.8,3.7,58.1,15.8,3,2.0,12.99,10,Basic,Laptop,Debit Card,True,True,True,True,Medium,High,8.57,Yes
SV501984,25,16.8,6.4,72.5,13.5,1,1.0,8.99,0,Standard,Laptop,Credit Card,True,False,False,True,Medium,High,-4.27,No
SV500267,38,17.3,5.0,75.0,9.2,1,0.0,15.99,10,Premium,Tablet,Debit Card,False,True,False,True,Low,High,4.09,No
SV500770,53,13.2,9.4,62.8,0.2,4,0.0,15.99,20,Premium,Laptop,PayPal,True,True,False,True,Medium,High,-20.22,No
SV502165,48,18.6,5.8,82.9,16.7,1,1.0,8.99,0,Family,SmartTV,Debit Card,True,False,False,True,Medium,High,-9.76,No
SV500437,22,3.0,2.6,53.5,7.0,1,1.0,19.99,0,Standard,Mobile,Credit Card,True,False,True,True,Low,Low,41.87,Yes
SV500673,20,18.8,7.1,53.7,0.9,5,3.0,8.99,0,Standard,Mobile,Credit Card,True,False,True,False,Low,Low,35.56,Yes
SV500249,21,6.3,7.8,40.9,26.6,3,1.0,8.99,10,Standard,SmartTV,Debit Card,False,False,False,True,Medium,Medium,15.55,Yes
SV502201,32,30.3,5.2,45.1,2.2,3,1.0,8.99,10,Family,Laptop,Credit Card,True,False,False,True,Medium,High,-36.56,No
SV501574,18,22.6,6.2,24.6,0.2,1,0.0,12.99,0,Basic,SmartTV,Credit Card,False,False,False,False,Medium,High,-11.59,No
SV502142,64,32.0,5.0,72.1,12.8,5,0.0,8.99,0,Standard,SmartTV,PayPal,True,False,False,False,Medium,High,8.79,Yes
SV502081,38,17.9,16.3,44.4,0.1,2,2.0,12.99,10,Basic,Tablet,Credit Card,True,True,False,True,High,High,-24.98,No
SV503481,44,8.8,2.8,68.8,15.3,2,1.0,12.99,50,Premium,SmartTV,Debit Card,True,True,False,True,Low,Medium,-6.14,No
SV503415,35,2.1,18.4,76.3,0.4,2,0.0,8.99,0,Premium,Laptop,Credit Card,True,True,True,False,High,High,-34.52,No
SV503809,38,21.9,9.1,58.8,1.0,5,3.0,15.99,20,Basic,Laptop,Credit Card,True,False,True,False,Medium,Medium,22.84,Yes
SV500448,46,8.8,6.0,3.0,3.1,1,2.0,15.99,0,Standard,SmartTV,PayPal,True,False,False,False,Medium,High,-7.26,No
SV501469,16,16.4,8.0,64.6,3.4,2,0.0,12.99,0,Standard,Mobile,Credit Card,False,True,False,True,Medium,High,-11.96,No
SV500716,17,23.3,5.1,61.0,2.5,3,0.0,15.99,20,Basic,SmartTV,Credit Card,True,True,True,False,Medium,High,13.93,Yes
SV503176,43,22.4,11.0,53.4,0.6,2,0.0,12.99,0,Premium,Mobile,Credit Card,True,False,False,False,Medium,High,-16.48,No
SV503477,32,21.1,15.2,78.0,6.2,4,1.0,8.99,10,Basic,SmartTV,Credit Card,True,True,False,False,High,High,-17.13,No
SV502048,35,10.2,5.0,3.0,4.9,2,3.0,15.99,0,Premium,SmartTV,Credit Card,True,False,True,True,Medium,Low,33.25,Yes
SV501901,46,24.9,2.0,59.7,9.1,4,0.0,19.99,20,Standard,SmartTV,Credit Card,True,False,True,True,Low,High,-3.67,No
SV503310,28,18.0,2.5,40.1,28.1,4,1.0,15.99,0,Family,Tablet,PayPal,False,True,False,True,Low,High,10.09,Yes
SV501168,29,13.6,5.8,58.2,7.9,3,52.0,19.99,50,Premium,SmartTV,Credit Card,True,False,False,True,Low,High,8.6,Yes
SV500082,30,4.2,6.4,38.0,0.7,2,1.0,19.99,0,Family,Tablet,Debit Card,True,True,False,True,Medium,,0.96,No
SV503206,39,12.4,11.2,57.2,17.0,2,0.0,12.99,0,Standard,SmartTV,PayPal,False,False,True,False,High,High,-15.45,No
SV502724,28,10.9,16.9,71.7,2.7,1,1.0,12.99,10,Basic,Mobile,Debit Card,False,False,False,True,High,High,-21.65,No
SV503044,36,4.2,10.4,26.6,4.4,4,0.0,12.99,0,Basic,SmartTV,PayPal,False,False,False,True,Medium,High,0.74,No
SV501460,45,2.9,3.1,68.4,5.7,2,0.0,19.99,30,Standard,Mobile,Debit Card,True,False,True,True,Low,High,15.96,Yes
SV502818,42,29.0,7.8,49.0,4.0,5,1.0,15.99,0,Standard,SmartTV,Credit Card,True,False,False,True,Medium,High,20.91,Yes
SV501893,16,6.8,5.7,53.3,18.0,2,1.0,15.99,50,Standard,SmartTV,Debit Card,True,True,False,True,Low,High,4.41,No
SV501668,37,6.0,6.7,18.2,8.7,5,1.0,8.99,20,Standard,SmartTV,Credit Card,True,False,True,True,High,High,-23.78,No
SV502756,41,29.6,14.1,26.3,22.4,2,0.0,12.99,0,Family,Tablet,Credit Card,True,False,False,False,High,High,-31.28,No
SV502000,29,32.8,2.5,54.0,14.6,1,2.0,8.99,10,Standard,Laptop,Gift Card,True,True,False,True,Low,High,-3.7,No
SV500475,30,24.7,4.6,52.9,8.8,2,1.0,12.99,10,Standard,Tablet,Debit Card,True,True,False,False,Medium,High,-8.34,No
SV500517,26,31.6,4.3,52.6,2.0,5,1.0,19.99,30,Family,Mobile,Debit Card,True,True,True,True,Medium,High,-8.0,No
SV503585,56,18.8,2.3,54.9,12.3,5,2.0,15.99,20,Standard,Mobile,PayPal,True,False,False,False,Low,High,11.97,Yes
SV500404,40,6.9,11.8,48.2,22.6,5,2.0,12.99,0,Standard,Mobile,Debit Card,False,True,False,False,High,High,-16.66,No
SV500384,16,46.8,3.2,27.4,0.6,5,0.0,8.99,0,Premium,Mobile,Credit Card,False,False,True,False,Low,High,-22.17,No
SV503218,59,18.4,11.3,44.5,11.6,3,1.0,15.99,10,Premium,Tablet,Credit Card,True,False,False,False,High,Medium,0.15,No
SV502152,25,2.1,6.4,61.0,11.2,4,2.0,8.99,0,Family,Laptop,PayPal,False,False,False,True,Low,High,-5.84,No
SV501633,34,23.4,15.1,,9.8,2,3.0,12.99,0,Standard,Tablet,Credit Card,False,False,False,True,High,High,-17.19,No
SV503811,31,18.3,7.3,27.7,11.3,3,1.0,12.99,30,Basic,Mobile,Debit Card,True,False,False,False,Low,High,8.02,Yes
SV500688,29,11.5,11.6,40.4,3.1,3,2.0,12.99,30,Standard,SmartTV,PayPal,True,False,False,True,Medium,High,-3.63,No
SV503231,51,17.3,0.9,84.8,6.3,5,3.0,15.99,0,Basic,Mobile,Credit Card,False,False,True,False,Low,High,33.51,Yes
SV502874,35,8.6,8.5,,1.3,5,0.0,12.99,0,Standard,Tablet,Debit Card,True,False,False,False,Medium,High,3.21,No
SV501240,48,17.0,9.2,,13.5,2,1.0,8.99,0,Standard,Mobile,PayPal,True,False,False,False,Medium,High,-7.71,No
SV500062,36,25.5,6.8,24.4,3.2,2,3.0,15.99,0,Standard,SmartTV,Credit Card,False,False,False,True,High,Medium,4.26,No
SV500852,44,23.1,2.9,12.4,10.3,3,3.0,15.99,30,Basic,SmartTV,Debit Card,True,False,False,False,Low,Low,43.01,Yes
SV503660,34,9.8,5.5,30.8,3.0,2,0.0,19.99,20,Family,SmartTV,Debit Card,True,False,False,True,Medium,High,-16.46,No
SV503282,28,29.4,6.0,26.7,5.5,2,1.0,8.99,0,Basic,Tablet,Credit Card,False,True,False,True,Medium,High,-12.39,No
SV501262,43,255.5,8.3,10.2,8.9,4,2.0,12.99,0,Standard,Laptop,PayPal,True,False,False,False,Medium,High,-20.2,No
SV500223,22,1.3,2.5,55.3,3.7,2,0.0,15.99,20,Standard,SmartTV,PayPal,True,False,False,True,Low,Medium,31.64,Yes
SV502193,34,16.8,4.5,42.4,3.5,5,0.0,19.99,0,Family,SmartTV,Credit Card,True,False,False,True,Low,High,-6.36,No
SV500373,43,59.0,25.5,20.4,19.9,4,1.0,15.99,0,Standard,Mobile,PayPal,True,True,True,True,High,High,-23.91,No
SV501824,24,14.2,3.6,40.0,0.3,5,0.0,8.99,0,Standard,Tablet,Credit Card,False,False,False,False,Low,High,6.65,Yes
SV503364,39,28.4,6.6,39.1,8.5,2,1.0,15.99,50,Basic,Laptop,Debit Card,True,True,True,False,Low,Medium,27.17,Yes
SV503824,30,28.7,0.9,52.3,16.8,1,1.0,12.99,30,Basic,Laptop,Credit Card,False,False,False,False,Low,High,2.58,No
SV503452,55,19.4,9.3,41.6,4.1,5,1.0,19.99,20,Basic,SmartTV,Credit Card,True,False,False,False,Medium,Medium,9.47,Yes
SV503571,43,12.0,7.4,65.3,2.0,3,1.0,12.99,0,Basic,SmartTV,Debit Card,True,True,False,True,Medium,High,-20.78,No
SV502871,27,23.5,0.8,44.9,4.3,3,1.0,19.99,0,Basic,SmartTV,PayPal,True,True,False,True,Low,High,9.58,Yes
SV500009,25,11.6,7.5,38.1,9.8,4,3.0,12.99,20,Basic,Mobile,Credit Card,False,False,True,True,Medium,Medium,5.69,Yes
SV502497,16,10.8,8.9,35.7,2.5,4,2.0,12.99,0,Standard,Mobile,Credit Card,True,True,True,True,Medium,Medium,0.38,No
SV501944,30,9.7,14.1,41.0,25.9,5,0.0,8.99,10,Basic,SmartTV,PayPal,False,True,True,True,High,High,-9.12,No
SV501838,50,22.1,8.5,,3.9,3,0.0,15.99,0,Premium,Mobile,Credit Card,False,True,False,False,High,High,-19.35,No
SV500708,32,11.7,4.0,48.6,15.9,1,2.0,19.99,20,Basic,SmartTV,Debit Card,True,True,True,False,Medium,Medium,25.48,Yes
SV500255,43,42.4,4.9,3.4,16.0,4,1.0,12.99,0,Standard,Laptop,Credit Card,False,True,False,True,Low,High,1.2,No
SV502930,26,9.5,2.3,66.0,2.8,2,1.0,8.99,10,Basic,Mobile,Debit Card,True,True,False,True,Low,High,-14.26,No
SV501617,16,8.4,9.3,32.0,6.8,3,2.0,15.99,20,Premium,Tablet,Debit Card,True,False,True,True,High,Medium,-12.68,No
SV500389,18,33.8,8.2,75.1,8.9,4,1.0,8.99,0,Basic,Laptop,PayPal,True,True,True,False,Low,High,16.99,Yes
SV501581,32,17.7,11.7,81.3,16.0,5,1.0,15.99,0,Family,Mobile,Gift Card,False,False,False,False,Medium,High,-14.23,No
SV502956,40,13.2,10.2,63.8,47.9,5,2.0,8.99,0,Premium,Laptop,Gift Card,False,False,False,True,Medium,Medium,44.28,Yes
SV500924,32,17.5,4.9,13.2,1.1,5,1.0,8.99,0,Standard,Mobile,PayPal,True,False,False,False,Low,High,0.17,No
SV503691,33,16.4,5.3,30.2,11.0,2,1.0,15.99,50,Premium,SmartTV,Credit Card,False,False,False,True,Medium,High,-18.84,No
SV503137,46,13.2,2.7,63.1,15.7,4,1.0,12.99,10,Family,Mobile,Gift Card,False,False,True,False,Medium,Medium,-3.46,No
SV502508,44,6.2,4.4,74.5,0.8,2,0.0,8.99,0,Basic,Laptop,Credit Card,True,False,True,False,Low,High,1.26,No
SV502036,29,10.8,11.0,82.8,31.4,3,0.0,15.99,20,Standard,Laptop,Debit Card,True,True,False,False,Medium,High,-8.81,No
SV503181,18,12.1,8.5,64.6,31.0,5,1.0,12.99,0,Standard,Mobile,Credit Card,True,False,False,True,Medium,High,-3.17,No
SV501224,24,23.2,2.8,26.1,10.6,1,,12.99,0,Basic,Laptop,Debit Card,True,False,False,True,Low,Low,44.45,Yes
SV503006,16,7.8,8.1,67.1,40.6,3,0.0,12.99,0,Basic,Mobile,Debit Card,False,True,True,False,Medium,High,33.21,Yes
SV502549,39,7.3,3.6,50.1,3.2,4,1.0,12.99,0,Premium,Laptop,Credit Card,True,False,False,False,Medium,High,-16.89,No
SV501946,26,3.9,8.3,73.5,20.7,5,1.0,8.99,0,Basic,SmartTV,PayPal,True,False,False,True,Medium,High,15.46,Yes
SV500739,16,5.7,10.9,77.4,3.2,1,1.0,12.99,0,Family,Laptop,Credit Card,True,False,False,False,High,High,-28.09,No
SV500040,42,31.9,4.7,43.9,3.3,2,2.0,19.99,0,Standard,Mobile,Debit Card,False,True,False,False,Low,Medium,22.33,Yes
SV500868,28,16.8,3.5,21.6,7.7,2,0.0,12.99,50,Premium,SmartTV,PayPal,False,True,False,True,Medium,High,-18.82,No
SV502779,23,8.2,9.6,54.9,10.3,1,1.0,8.99,20,Standard,Laptop,PayPal,True,False,False,False,Medium,Medium,1.44,No
SV500539,25,1.4,14.9,65.5,0.4,4,1.0,8.99,30,Premium,Mobile,PayPal,True,True,False,True,High,High,-18.65,No
SV502745,47,23.7,8.6,35.3,13.0,2,0.0,15.99,10,Premium,Mobile,Credit Card,True,True,False,False,High,High,-5.29,No
SV503330,34,25.5,3.8,29.4,3.1,2,1.0,8.99,0,Standard,Laptop,Debit Card,True,False,False,True,Low,Medium,14.82,Yes
SV502723,36,12.1,24.7,58.5,45.4,4,0.0,15.99,50,Basic,Tablet,Credit Card,True,True,False,True,High,High,-10.19,No
SV501371,43,9.1,3.4,7.7,8.7,1,1.0,12.99,10,Basic,Tablet,Credit Card,True,False,False,True,Low,,-12.27,No
SV501145,42,29.4,3.8,33.4,7.3,2,2.0,8.99,0,Standard,SmartTV,PayPal,True,False,False,False,Low,High,-15.65,No
SV501031,36,13.9,8.1,16.2,7.3,1,3.0,15.99,0,Standard,Laptop,Credit Card,False,False,True,True,High,Medium,1.34,No
SV500372,43,13.3,11.1,72.8,7.2,2,2.0,15.99,10,Family,SmartTV,Debit Card,False,False,False,True,High,Medium,-27.02,No
SV500667,39,24.6,14.7,48.2,7.8,3,0.0,8.99,20,Standard,Mobile,PayPal,True,False,True,True,High,Medium,-11.53,No
SV503019,16,2.5,5.1,52.9,9.1,3,1.0,15.99,20,Premium,Mobile,Credit Card,True,False,False,False,Medium,High,-10.6,No
SV500357,37,26.2,4.7,30.2,14.8,5,0.0,12.99,0,Premium,SmartTV,Credit Card,True,False,False,False,Low,Medium,22.29,Yes
SV500967,26,20.9,0.9,41.0,1.1,4,2.0,15.99,0,Basic,SmartTV,Credit Card,True,False,False,True,Low,High,-1.45,No
SV502831,45,29.1,12.8,96.0,5.3,5,2.0,19.99,20,Family,Laptop,Credit Card,True,True,False,True,High,Medium,-1.77,No
SV502783,46,2.6,4.7,44.2,14.3,4,1.0,8.99,20,Basic,Tablet,PayPal,True,False,False,False,Low,High,-15.59,No
SV501353,38,4.3,1.1,38.2,0.9,3,3.0,15.99,30,Family,Mobile,Credit Card,True,False,False,False,Medium,Medium,5.28,Yes
SV501035,34,9.7,4.1,53.4,18.9,1,0.0,12.99,20,Basic,Mobile,Credit Card,True,False,True,False,Medium,High,-0.28,No
SV503018,38,16.6,9.1,,9.4,2,0.0,8.99,20,Standard,SmartTV,Debit Card,True,True,True,True,High,Medium,-5.89,No
SV500470,38,40.0,2.9,48.2,2.7,1,1.0,15.99,30,Basic,SmartTV,Debit Card,True,False,False,False,Low,High,11.21,Yes
SV503553,16,10.2,10.3,51.7,35.8,5,1.0,15.99,30,Premium,Mobile,PayPal,True,True,False,False,Medium,High,-22.77,No
SV501396,41,3.7,2.2,20.3,1.3,3,1.0,12.99,0,Family,SmartTV,Credit Card,True,False,False,True,Low,High,44.51,Yes
SV503974,27,229.0,8.5,41.3,2.4,2,0.0,8.99,0,Standard,Tablet,Gift Card,True,False,False,False,Medium,High,-0.68,No
SV501549,38,14.5,2.4,18.1,1.8,1,1.0,15.99,0,Family,Mobile,Gift Card,True,False,True,False,Low,High,1.44,No
SV501256,43,17.0,3.4,54.8,3.9,4,1.0,15.99,0,Family,Tablet,Credit Card,False,False,False,True,Low,Medium,16.53,Yes
SV502094,35,5.4,7.1,3.0,0.1,2,0.0,8.99,0,Basic,Mobile,PayPal,True,False,True,True,Low,High,20.44,Yes
SV501555,27,22.5,9.4,65.8,6.4,2,0.0,15.99,50,Basic,SmartTV,Credit Card,True,False,False,False,Medium,High,-14.81,No
SV503438,31,4.9,13.1,59.0,26.2,2,0.0,12.99,10,Basic,Mobile,Debit Card,True,False,False,True,Medium,High,-15.81,No
SV501250,45,5.5,6.9,65.9,3.1,4,1.0,12.99,0,Standard,SmartTV,Credit Card,False,False,True,False,Low,High,-8.94,No
SV501699,36,15.2,5.9,54.8,9.5,1,0.0,8.99,50,Standard,Mobile,Gift Card,False,False,True,True,Medium,Medium,-11.7,No
SV501252,25,14.5,6.6,71.6,12.0,5,2.0,8.99,10,Basic,SmartTV,Debit Card,True,False,False,True,Low,High,-21.71,No
SV503680,27,10.0,8.6,31.2,13.8,2,2.0,8.99,10,Basic,Laptop,Credit Card,False,True,False,False,High,High,-18.77,No
SV503704,40,4.6,10.4,41.1,0.9,4,2.0,19.99,20,Standard,Mobile,Debit Card,True,True,True,False,Medium,High,-1.52,No
SV502933,46,72.0,9.2,62.8,2.6,5,0.0,8.99,20,Family,Mobile,PayPal,False,False,True,True,Medium,High,-18.9,No
SV500079,31,36.5,5.2,32.8,17.2,4,2.0,19.99,0,Standard,SmartTV,Debit Card,True,False,False,False,Low,High,-7.02,No
SV501172,33,3.0,8.8,78.2,1.6,1,2.0,12.99,30,Premium,Laptop,Credit Card,True,False,False,False,Medium,High,-7.19,No
SV500814,27,8.4,14.7,58.4,2.0,1,3.0,8.99,10,Premium,Laptop,Credit Card,True,False,False,True,High,High,-22.71,No
SV501852,31,6.8,8.9,,5.2,5,2.0,19.99,10,Standard,Mobile,Debit Card,True,False,True,True,Medium,Medium,9.08,Yes
SV502220,35,25.4,6.9,40.7,4.3,5,2.0,15.99,10,Standard,SmartTV,Debit Card,False,False,False,True,Medium,Medium,-3.05,No
SV502719,22,3.9,2.6,72.9,6.3,3,0.0,15.99,0,Family,Mobile,Debit Card,False,True,False,True,Low,High,30.94,Yes
SV503494,50,9.6,2.1,44.3,1.2,5,1.0,8.99,20,Premium,SmartTV,Gift Card,True,False,False,True,Medium,High,-0.26,No
SV502105,28,8.5,13.7,39.3,1.5,1,1.0,8.99,0,Family,Mobile,Credit Card,False,False,True,True,Medium,High,-25.33,No
SV500133,32,10.2,16.6,53.2,7.9,2,1.0,8.99,10,Family,Mobile,Debit Card,True,True,False,False,High,High,-19.61,No
SV501140,53,14.1,3.5,44.3,5.2,3,1.0,8.99,30,Family,Mobile,Credit Card,True,False,False,True,Low,High,-17.83,No
SV500933,52,30.0,19.4,33.0,6.2,5,0.0,15.99,0,Standard,Mobile,Credit Card,True,True,True,False,High,High,-0.1,No
SV500928,31,9.2,3.1,47.4,12.7,1,,15.99,0,Basic,Mobile,Credit Card,True,False,False,True,Low,High,-4.88,No
SV500823,16,24.3,11.7,42.9,1.3,4,2.0,8.99,0,Premium,Mobile,Debit Card,False,True,False,True,Medium,Medium,-2.49,No
SV501531,37,15.3,10.2,15.7,6.2,4,1.0,8.99,50,Basic,Mobile,PayPal,False,False,False,True,Medium,Medium,4.87,No
SV501214,16,49.4,4.8,19.8,23.1,2,,12.99,0,Basic,Mobile,Credit Card,True,False,True,True,Medium,Medium,11.5,Yes
SV500504,16,11.4,3.1,12.0,0.7,1,2.0,19.99,10,Basic,Mobile,Credit Card,True,False,False,True,Medium,Medium,-1.01,No
SV503951,60,25.5,7.8,49.0,7.3,3,1.0,8.99,20,Premium,Mobile,Credit Card,True,False,False,False,Medium,High,-1.52,No
SV502395,21,21.4,11.1,13.5,10.0,1,2.0,8.99,0,Premium,SmartTV,PayPal,True,True,True,True,High,High,-26.95,No
SV501996,37,7.5,9.0,51.3,15.4,5,0.0,12.99,20,Premium,SmartTV,Gift Card,False,True,False,False,Medium,High,1.76,No
SV502434,31,9.5,7.5,99.0,1.6,1,1.0,19.99,10,Premium,Laptop,Credit Card,True,False,False,True,Medium,High,-10.24,No
SV503072,17,13.8,10.0,30.4,2.7,1,1.0,19.99,0,Basic,Mobile,PayPal,True,False,False,False,Medium,Medium,3.56,No
SV501958,31,8.0,2.4,11.4,32.2,4,0.0,15.99,10,Premium,Laptop,PayPal,True,False,True,True,Low,Medium,26.47,Yes
SV501384,16,11.3,7.4,55.9,32.3,1,1.0,12.99,20,Standard,Mobile,Credit Card,True,True,True,True,Medium,High,-2.41,No
SV500894,31,14.4,3.2,8.1,0.8,4,1.0,8.99,0,Basic,SmartTV,Credit Card,False,False,False,False,Low,High,3.94,No
SV500828,47,10.7,7.6,32.3,0.3,1,1.0,15.99,30,Standard,Tablet,Debit Card,True,False,False,False,Medium,High,18.74,Yes
SV503939,50,10.7,6.2,39.1,11.5,5,2.0,8.99,10,Standard,Laptop,PayPal,True,False,True,True,Medium,Medium,0.36,No
SV502523,16,2.8,4.4,70.3,2.8,4,1.0,8.99,20,Premium,SmartTV,PayPal,True,False,False,False,Low,High,-8.15,No
SV501683,48,21.0,10.5,54.2,4.6,2,0.0,12.99,10,Premium,SmartTV,Debit Card,True,True,False,True,High,High,-27.99,No
SV503422,46,6.7,2.2,21.9,11.5,3,0.0,8.99,30,Premium,Laptop,Credit Card,True,False,False,True,Low,High,-14.95,No
SV503685,37,2.8,2.2,57.4,8.3,1,1.0,19.99,30,Standard,Mobile,Debit Card,True,True,False,True,Medium,High,7.61,Yes
SV503334,35,1.4,12.1,11.4,9.9,4,0.0,19.99,0,Standard,SmartTV,PayPal,True,False,False,False,Medium,High,7.49,Yes
SV500652,52,21.3,9.5,56.5,12.9,2,2.0,15.99,0,Standard,SmartTV,Credit Card,False,True,True,False,High,Medium,8.82,Yes
SV500172,29,1.6,3.7,51.1,3.0,4,1.0,8.99,50,Standard,Laptop,Credit Card,True,True,False,False,Medium,Medium,30.66,Yes
SV503197,32,2.2,2.1,28.5,4.5,4,1.0,12.99,0,Premium,Mobile,Credit Card,True,False,False,False,Low,Medium,18.34,Yes
SV500038,25,0.5,4.2,57.9,0.1,3,1.0,8.99,0,Basic,Laptop,Credit Card,True,True,False,True,Medium,High,-21.29,No
SV503814,47,4.3,4.3,36.9,14.1,4,1.0,19.99,0,Premium,SmartTV,Credit Card,True,True,False,False,Low,Medium,30.96,Yes
SV500713,34,26.0,3.9,48.9,10.5,4,0.0,19.99,0,Standard,Mobile,Debit Card,True,False,False,True,Medium,High,-6.09,No
SV500090,41,7.6,5.9,3.0,21.5,2,1.0,15.99,0,Basic,Mobile,Credit Card,True,False,True,False,Medium,High,11.23,Yes
SV503935,36,12.4,14.5,55.1,5.2,2,1.0,15.99,0,Basic,Mobile,PayPal,True,True,True,True,High,High,-6.5,No
SV501205,27,6.4,6.8,37.9,7.1,3,2.0,8.99,10,Family,SmartTV,Debit Card,True,False,False,False,Medium,Low,4.37,No
SV502923,27,3.2,18.2,35.5,0.3,2,0.0,8.99,0,Premium,SmartTV,Credit Card,True,False,False,True,High,High,-16.62,No
SV503279,30,31.6,6.6,49.4,11.6,1,4.0,15.99,0,Family,Laptop,Debit Card,False,False,False,True,Medium,High,-15.1,No
SV503434,20,15.9,7.8,58.4,4.2,3,1.0,8.99,30,Basic,SmartTV,PayPal,True,True,False,False,Medium,Medium,-17.26,No
SV503141,67,24.2,11.0,41.8,16.5,2,1.0,8.99,0,Premium,Laptop,Debit Card,True,True,True,False,Medium,High,-13.18,No
SV501827,51,17.8,7.0,9.3,0.7,2,1.0,15.99,0,Premium,SmartTV,Credit Card,True,True,False,False,Medium,High,-4.31,No
SV501155,35,29.5,12.9,34.5,0.8,2,0.0,15.99,30,Premium,SmartTV,Debit Card,False,True,False,False,Medium,High,5.57,Yes
SV501324,37,9.1,19.1,52.0,0.3,4,0.0,12.99,30,Standard,Tablet,Credit Card,True,False,True,False,High,High,-21.97,No
SV500216,40,12.9,1.9,29.8,7.4,2,0.0,15.99,30,Family,SmartTV,Credit Card,True,False,False,False,Low,High,-0.52,No
SV500510,17,7.4,7.2,34.7,1.9,1,0.0,19.99,50,Standard,SmartTV,Credit Card,True,True,True,True,Medium,High,4.79,No
SV501680,17,10.8,3.3,50.6,5.3,1,1.0,19.99,20,Premium,Laptop,Credit Card,False,False,False,True,Medium,High,-19.49,No
SV500499,18,20.0,7.5,19.9,5.8,2,0.0,19.99,0,Standard,Tablet,Credit Card,False,False,False,True,Medium,High,-6.09,No
SV503286,19,21.7,14.7,76.8,0.1,3,2.0,12.99,20,Family,SmartTV,Credit Card,False,False,False,False,Medium,High,-4.86,No
SV501856,32,32.2,3.0,47.4,9.0,5,2.0,8.99,10,Standard,SmartTV,Credit Card,True,False,False,True,Medium,Medium,-8.34,No
SV501388,38,15.3,13.8,39.7,6.4,3,2.0,8.99,20,Premium,SmartTV,PayPal,True,False,False,False,High,Medium,-29.29,No
SV501519,16,4.9,1.5,53.6,10.3,1,2.0,15.99,0,Standard,Mobile,Credit Card,False,True,False,True,Low,Low,44.38,Yes
SV502386,16,40.5,5.8,45.6,3.0,1,0.0,8.99,0,Standard,Tablet,Credit Card,True,False,False,True,Low,High,3.48,No
SV503621,27,36.5,5.1,83.0,1.6,2,2.0,12.99,10,Basic,Mobile,Gift Card,True,False,False,True,Low,,10.53,Yes
SV502076,34,8.3,6.0,69.5,9.6,2,0.0,12.99,0,Family,Mobile,Credit Card,True,False,True,True,Medium,High,-7.55,No
SV501540,31,19.3,5.5,60.3,1.0,3,1.0,15.99,0,Premium,Mobile,Debit Card,True,False,True,True,Medium,High,-4.04,No
SV501217,16,29.2,2.9,44.8,5.7,3,1.0,12.99,0,Standard,Tablet,Debit Card,True,True,False,True,Low,Medium,3.42,No
SV502681,32,29.1,7.2,48.3,1.8,1,0.0,8.99,0,Premium,Mobile,Credit Card,True,True,False,False,Medium,Medium,4.93,No
SV503818,51,11.7,12.8,18.6,18.5,2,0.0,15.99,0,Basic,Laptop,Debit Card,False,False,False,True,High,,-11.0,No
SV502993,60,14.9,4.9,69.3,2.5,2,1.0,8.99,0,Family,Mobile,Debit Card,True,True,False,True,Medium,High,-16.99,No
SV501416,59,10.8,1.7,73.0,7.1,2,0.0,12.99,20,Basic,Tablet,Gift Card,False,True,True,False,Low,High,15.91,Yes
SV502217,33,31.1,4.1,42.3,5.1,1,,15.99,0,Premium,Mobile,Credit Card,True,False,False,True,Low,High,0.9,No
SV503891,18,40.7,10.8,45.6,9.6,4,1.0,12.99,0,Basic,SmartTV,Credit Card,True,True,True,True,Low,Medium,19.77,Yes
SV501676,45,15.7,5.2,42.4,2.3,5,2.0,8.99,0,Premium,Mobile,Credit Card,True,False,True,False,Low,Medium,7.11,Yes
SV501197,24,54.3,14.4,44.4,19.3,3,2.0,15.99,0,Standard,Laptop,Credit Card,True,True,False,True,High,High,-15.54,No
SV501542,37,27.6,2.1,58.0,4.1,3,0.0,12.99,0,Basic,Mobile,Debit Card,True,False,False,True,Low,High,-17.62,No
SV502960,20,7.6,12.6,50.6,30.4,4,1.0,12.99,20,Standard,Laptop,PayPal,True,False,False,False,High,High,-24.67,No
SV502539,41,39.1,6.2,47.3,3.0,5,0.0,12.99,0,Premium,SmartTV,Debit Card,True,False,True,True,High,High,-24.59,No
SV500953,21,28.0,1.7,53.4,10.5,2,1.0,15.99,20,Standard,Laptop,PayPal,True,False,False,False,Medium,High,-4.89,No
SV503145,38,35.8,2.7,28.6,3.1,1,0.0,8.99,0,Premium,Mobile,Credit Card,True,False,False,True,Medium,High,-16.54,No
SV503080,29,9.2,3.0,38.5,10.6,5,1.0,8.99,0,Basic,Mobile,Credit Card,True,True,False,False,Medium,High,-14.87,No
SV502635,47,22.7,6.3,74.0,0.8,5,1.0,12.99,0,Standard,Mobile,PayPal,False,False,False,True,Low,High,-12.07,No
SV500750,34,26.5,2.2,50.8,8.4,3,3.0,12.99,0,Premium,Mobile,Credit Card,False,False,True,True,Medium,Medium,-14.49,No
SV502705,32,17.6,5.9,48.4,21.7,3,2.0,19.99,20,Standard,Tablet,Credit Card,True,False,False,True,Medium,Medium,-6.92,No
SV500234,26,8.9,11.2,50.2,3.0,2,1.0,15.99,0,Basic,Mobile,Gift Card,True,False,False,False,Low,High,8.59,Yes
SV500732,40,35.7,5.6,31.0,17.0,4,0.0,12.99,0,Premium,Tablet,Debit Card,True,False,True,True,Low,High,-14.09,No
SV503988,47,19.6,12.7,17.7,0.4,1,2.0,12.99,20,Basic,Laptop,PayPal,True,False,False,True,High,Medium,-20.15,No
SV503606,16,32.8,21.4,17.1,3.7,4,2.0,8.99,0,Basic,SmartTV,Debit Card,True,False,True,True,High,High,-6.91,No
SV501156,34,41.6,11.9,33.9,1.4,3,0.0,19.99,0,Premium,Mobile,Debit Card,True,False,False,False,Medium,High,-21.87,No
SV503449,34,9.8,1.5,3.0,4.5,4,3.0,12.99,20,Basic,SmartTV,Debit Card,True,False,True,True,Low,Medium,39.43,Yes
SV502445,63,3.2,5.0,54.1,1.6,2,1.0,12.99,0,Standard,Mobile,Credit Card,True,False,False,True,Medium,High,-3.09,No
SV502982,32,6.0,5.0,63.5,1.5,4,0.0,8.99,0,Standard,SmartTV,Debit Card,True,True,False,True,Medium,High,-24.0,No
SV501209,37,8.7,17.6,57.9,9.4,4,1.0,15.99,0,Standard,Mobile,Credit Card,True,False,False,False,High,High,-17.51,No
SV501065,33,10.1,8.5,11.5,15.6,5,2.0,15.99,0,Standard,SmartTV,Debit Card,True,False,True,True,Medium,Medium,15.55,Yes
SV502156,38,27.5,3.9,66.1,21.8,4,1.0,12.99,0,Standard,Mobile,Debit Card,True,False,False,True,Medium,High,-4.63,No
SV501062,29,16.8,119.2,78.1,1.5,4,0.0,8.99,30,Basic,Laptop,Credit Card,False,False,False,False,Low,High,3.2,No
SV502616,34,26.5,8.2,35.5,2.6,3,0.0,15.99,0,Premium,Laptop,Gift Card,True,False,True,False,Medium,High,-3.8,No
SV501167,54,18.5,7.5,46.8,8.2,4,0.0,8.99,30,Premium,Laptop,Credit Card,True,False,False,False,Medium,High,-19.34,No
SV503222,16,37.5,3.8,67.6,10.1,5,1.0,12.99,20,Standard,Laptop,Credit Card,True,False,True,True,Low,High,-2.45,No
SV501492,27,10.4,5.9,28.7,17.1,4,1.0,15.99,0,Basic,Mobile,Credit Card,True,False,True,True,Medium,High,5.29,Yes
SV502938,30,20.6,3.2,26.1,4.3,3,2.0,8.99,20,Family,SmartTV,Debit Card,True,False,False,True,Medium,Medium,-16.12,No
SV502995,26,11.9,5.3,53.0,1.8,3,,12.99,0,Standard,Laptop,Credit Card,True,False,False,False,Medium,Low,0.37,No
SV503096,49,18.3,4.3,40.5,3.0,4,0.0,12.99,50,Standard,Tablet,Credit Card,False,False,False,True,Medium,High,-16.91,No
SV503280,53,17.7,3.6,63.3,13.3,3,2.0,8.99,0,Standard,Laptop,Credit Card,True,True,True,True,Low,High,0.77,No
SV503542,32,12.4,18.4,47.3,2.0,1,0.0,12.99,0,Premium,Laptop,Credit Card,True,False,False,True,High,High,-30.5,No
SV503140,32,34.8,5.9,75.7,0.9,2,1.0,8.99,0,Standard,SmartTV,Credit Card,True,False,True,True,Low,High,-6.31,No
SV500884,22,32.1,4.2,,2.0,2,0.0,15.99,0,Standard,Tablet,Credit Card,True,False,False,False,Low,High,-13.44,No
SV500143,37,26.3,9.6,54.6,5.2,3,1.0,19.99,0,Standard,SmartTV,Debit Card,True,False,True,False,Medium,High,7.22,Yes
SV503921,31,11.6,7.0,3.0,0.8,1,0.0,8.99,20,Basic,SmartTV,Gift Card,True,False,False,False,Medium,High,1.36,No
SV500850,30,6.2,18.9,69.2,7.8,3,0.0,8.99,0,Basic,Tablet,Credit Card,True,True,True,True,High,High,-14.3,No
SV502782,40,10.4,5.7,46.8,2.0,5,0.0,12.99,0,Family,Tablet,Debit Card,True,True,True,True,Low,Medium,-14.01,No
SV500717,42,12.2,13.9,50.8,1.0,2,5.0,19.99,0,Premium,SmartTV,PayPal,True,False,False,True,High,Low,18.2,Yes
SV503787,34,5.6,28.9,52.8,5.4,2,0.0,12.99,0,Basic,SmartTV,PayPal,True,False,False,False,High,Medium,-4.91,No
SV502502,45,22.0,16.9,29.2,6.9,2,1.0,15.99,0,Family,SmartTV,Credit Card,True,False,True,True,High,Medium,-10.66,No
SV500264,39,19.0,6.5,65.3,2.0,1,2.0,12.99,10,Family,SmartTV,Credit Card,True,False,False,True,Medium,Low,-8.29,No
SV500075,42,2.5,2.6,27.1,12.5,3,0.0,8.99,20,Premium,Mobile,Credit Card,True,False,True,True,Low,High,-15.22,No
SV502492,42,21.4,0.9,53.3,23.1,1,1.0,15.99,0,Basic,Mobile,Debit Card,True,False,False,True,Low,High,0.61,No
SV500395,36,24.9,1.0,83.9,3.8,4,1.0,12.99,0,Premium,Mobile,PayPal,True,False,False,True,Low,High,-11.09,No
SV503381,38,9.4,3.9,76.8,6.6,2,2.0,12.99,0,Premium,SmartTV,Credit Card,True,True,False,False,Medium,Low,7.11,Yes
SV502224,22,24.9,1.7,,25.1,1,0.0,19.99,0,Family,Mobile,Debit Card,True,False,False,True,Medium,High,-7.35,No
SV503090,48,2.2,1.8,62.0,6.4,3,0.0,19.99,30,Standard,SmartTV,Credit Card,True,True,True,False,Medium,High,35.78,Yes
SV503726,37,5.5,9.0,52.8,8.5,5,2.0,15.99,20,Standard,SmartTV,PayPal,False,False,True,False,Medium,High,-10.79,No
SV500396,42,4.4,17.0,70.8,5.3,2,1.0,8.99,0,Standard,Laptop,Credit Card,False,False,False,False,High,High,3.02,No
SV501365,38,31.9,2.5,67.7,11.6,5,2.0,12.99,10,Basic,Tablet,Credit Card,True,True,True,False,Medium,High,33.03,Yes
SV503315,43,8.4,8.9,43.7,12.8,3,0.0,12.99,0,Premium,Mobile,PayPal,True,False,False,False,Medium,High,-9.64,No
SV501903,33,37.7,6.6,65.9,8.5,2,0.0,8.99,0,Basic,Tablet,PayPal,True,True,True,False,Medium,High,3.85,No
SV500595,29,2.5,1.0,25.4,1.5,3,,8.99,0,Basic,Laptop,Credit Card,True,True,False,False,Low,High,42.91,Yes
SV502109,36,10.6,2.3,39.6,5.5,2,0.0,8.99,0,Basic,SmartTV,Gift Card,False,False,False,True,Low,High,-18.31,No
SV501296,17,27.1,10.6,88.6,13.7,5,0.0,15.99,0,Premium,SmartTV,Debit Card,True,False,False,True,Medium,High,-21.18,No
SV501821,42,37.3,5.1,42.3,2.5,3,1.0,12.99,20,Basic,SmartTV,PayPal,False,False,True,False,Low,High,5.64,Yes
SV500872,42,32.7,3.4,60.2,0.9,5,,12.99,0,Premium,Mobile,Credit Card,True,False,False,False,Low,High,-3.44,No
SV503447,45,3.6,2.5,29.3,4.1,2,3.0,8.99,0,Basic,Tablet,Credit Card,True,False,False,True,Medium,Medium,41.87,Yes
SV503876,22,39.2,7.4,28.4,13.1,4,1.0,12.99,20,Basic,Mobile,Credit Card,True,False,False,False,Medium,Medium,-0.66,No
SV502326,16,16.0,5.0,53.3,4.2,5,2.0,15.99,20,Basic,Mobile,Debit Card,False,False,False,False,Low,High,-17.34,No
SV501548,40,34.5,3.4,73.5,11.8,1,1.0,8.99,30,Family,Mobile,Debit Card,True,True,False,True,Medium,High,-16.59,No
SV500036,33,13.2,21.1,32.1,33.6,3,1.0,19.99,10,Basic,Mobile,Credit Card,True,False,False,False,High,High,-11.43,No
SV503475,41,6.2,3.5,51.5,16.8,4,2.0,15.99,0,Basic,Laptop,PayPal,True,True,False,True,Low,Medium,11.18,Yes
SV502710,33,6.9,8.1,20.7,18.6,2,1.0,8.99,20,Basic,Laptop,Gift Card,True,True,False,False,Medium,High,-8.41,No
SV503352,43,24.1,13.2,32.0,5.4,5,1.0,19.99,20,Standard,Tablet,Gift Card,True,True,True,True,High,Medium,4.14,No
SV502143,38,22.6,2.0,24.0,15.9,2,3.0,19.99,0,Family,Mobile,Credit Card,True,False,False,False,Low,High,-7.67,No
SV503531,32,26.7,6.6,41.5,12.7,3,0.0,15.99,0,Standard,Mobile,Credit Card,True,True,False,False,Low,High,1.38,No
SV500977,29,18.0,8.7,65.2,36.2,2,0.0,8.99,30,Basic,SmartTV,PayPal,False,True,False,False,High,High,17.63,Yes
SV501571,32,27.1,14.3,89.7,6.8,2,1.0,15.99,20,Basic,SmartTV,Credit Card,True,True,False,True,High,High,-32.05,No
SV501122,26,13.9,2.0,3.0,21.4,1,2.0,15.99,30,Premium,Mobile,Credit Card,True,True,False,True,Low,Medium,1.48,No
SV502786,34,25.2,7.0,53.8,3.1,1,0.0,19.99,30,Standard,Laptop,Debit Card,True,True,True,True,High,High,-27.21,No
SV502239,31,10.7,3.1,82.3,6.0,4,2.0,8.99,0,Basic,Tablet,Gift Card,False,True,False,False,Low,High,3.2,No
SV502967,27,13.1,7.2,28.5,4.6,3,0.0,8.99,30,Family,Laptop,Debit Card,True,False,True,True,Low,High,-5.81,No
SV502504,47,15.6,6.1,57.8,0.4,1,0.0,15.99,10,Basic,SmartTV,Credit Card,True,False,True,True,Medium,High,7.02,Yes
SV501892,21,4.9,9.1,47.2,1.1,2,3.0,12.99,0,Basic,SmartTV,Credit Card,True,True,False,True,Medium,Medium,16.1,Yes
SV500675,38,26.3,13.0,,15.6,5,3.0,8.99,50,Premium,Mobile,PayPal,True,False,False,True,Medium,Medium,-6.36,No
SV502808,37,29.0,3.3,22.9,8.9,2,0.0,15.99,0,Basic,SmartTV,Credit Card,True,True,False,False,Low,High,-15.83,No
SV503068,57,7.7,9.0,46.5,12.9,1,0.0,15.99,50,Standard,SmartTV,Gift Card,False,False,False,False,High,High,-1.64,No
SV500728,21,14.9,8.9,31.4,4.7,5,0.0,12.99,0,Premium,SmartTV,Credit Card,True,False,False,False,High,High,-30.34,No
SV500412,27,15.8,3.3,24.2,5.5,3,1.0,12.99,0,Family,Mobile,Credit Card,True,True,False,True,Low,High,-6.5,No
SV503146,43,7.8,1.2,32.2,2.1,5,1.0,8.99,0,Standard,SmartTV,Debit Card,False,True,False,False,Low,Medium,6.84,Yes
SV501516,26,21.7,6.8,87.2,1.8,1,,12.99,50,Basic,Mobile,PayPal,True,True,False,True,Medium,High,-9.61,No
SV501649,26,15.8,1.7,50.3,8.9,1,1.0,15.99,0,Family,Mobile,Credit Card,False,False,False,True,Low,High,-12.0,No
SV500825,34,14.9,1.3,43.6,1.0,2,2.0,15.99,20,Basic,SmartTV,Credit Card,True,False,False,True,Low,Medium,12.86,Yes
SV503267,34,35.2,3.0,69.9,11.3,2,0.0,15.99,50,Basic,Tablet,Debit Card,True,False,True,False,Low,High,21.5,Yes
SV500616,42,23.1,7.5,27.4,11.1,1,2.0,15.99,50,Basic,SmartTV,Credit Card,True,False,False,True,Medium,High,1.36,No
SV500114,35,20.1,7.8,41.0,2.5,2,0.0,12.99,0,Standard,SmartTV,PayPal,False,False,False,True,Medium,Medium,-17.11,No
SV500417,49,10.2,6.2,82.2,5.4,4,0.0,19.99,20,Standard,SmartTV,Gift Card,True,True,False,False,Low,High,0.79,No
SV503069,25,1.4,7.4,44.4,33.2,3,0.0,12.99,10,Standard,SmartTV,Credit Card,True,True,False,True,Medium,High,-12.71,No
SV501625,46,10.1,4.1,55.1,15.3,5,2.0,8.99,20,Premium,Tablet,Gift Card,True,True,False,True,Medium,Medium,-11.47,No
SV503017,46,62.5,15.8,65.9,4.0,1,59.0,8.99,20,Basic,Mobile,Credit Card,True,False,False,True,High,Medium,-7.86,No
SV502652,48,1.9,4.9,72.8,41.1,4,3.0,15.99,0,Standard,SmartTV,Credit Card,True,False,False,True,Medium,Medium,-3.29,No
SV503916,31,30.5,12.2,40.0,8.2,4,1.0,8.99,10,Premium,Mobile,Credit Card,True,False,False,True,High,High,-20.93,No
SV500089,39,19.3,4.2,65.4,20.8,5,2.0,12.99,0,Standard,SmartTV,PayPal,True,False,False,False,Medium,Medium,9.83,Yes
SV502896,45,27.1,14.5,48.1,76.6,2,2.0,12.99,10,Standard,Mobile,Debit Card,True,False,False,True,High,Medium,-5.53,No
SV503480,29,24.3,1.5,53.9,4.0,5,2.0,12.99,20,Standard,SmartTV,Gift Card,True,True,False,False,Medium,Medium,21.95,Yes
SV502082,21,20.4,2.9,,5.6,1,2.0,12.99,0,Basic,Mobile,PayPal,True,False,False,True,Low,High,13.21,Yes
SV500753,57,12.2,7.5,53.4,27.6,3,0.0,8.99,0,Family,Mobile,PayPal,True,False,True,False,Medium,High,-7.34,No
SV502546,31,28.7,22.3,45.2,4.3,5,0.0,15.99,20,Premium,Mobile,Credit Card,False,False,False,True,High,High,-11.29,No
SV503324,44,3.6,2.1,97.7,7.8,2,3.0,12.99,0,Premium,Tablet,Debit Card,True,False,False,False,Low,Medium,31.44,Yes
SV501630,21,33.4,6.1,44.8,3.3,5,0.0,8.99,30,Family,Laptop,Credit Card,True,False,False,False,Medium,High,-6.6,No
SV500011,43,4.1,5.4,21.4,3.9,3,4.0,19.99,0,Standard,Laptop,Credit Card,True,True,False,False,Medium,Low,62.44,Yes
SV502444,43,1.7,3.5,3.0,6.8,1,2.0,8.99,0,Standard,Mobile,Debit Card,False,True,False,False,Low,Medium,16.57,Yes
SV500284,22,23.8,10.5,46.8,0.0,2,1.0,8.99,50,Standard,Mobile,Credit Card,True,True,False,True,Medium,High,-23.11,No
SV501066,22,52.3,8.8,29.0,1.1,3,1.0,15.99,10,Standard,SmartTV,Debit Card,True,False,True,True,Medium,High,-18.75,No
SV501191,45,16.5,5.6,47.9,6.4,4,0.0,8.99,0,Standard,Mobile,Debit Card,True,False,True,True,Medium,Medium,-23.01,No
SV501440,27,25.7,7.9,95.8,5.3,2,3.0,12.99,0,Family,SmartTV,Credit Card,True,True,True,True,Medium,Medium,-7.3,No
SV503981,31,11.7,3.0,,2.2,1,0.0,8.99,10,Standard,SmartTV,Debit Card,True,False,False,True,Low,High,-6.37,No
SV503730,26,26.6,4.9,43.6,2.0,3,0.0,19.99,0,Standard,SmartTV,PayPal,True,False,False,True,Medium,High,0.14,No
SV502738,61,13.0,6.1,75.2,3.9,3,3.0,19.99,0,Premium,Mobile,Gift Card,True,True,True,False,Low,Medium,27.98,Yes
SV503605,43,7.4,6.1,33.5,12.7,4,1.0,12.99,0,Family,Tablet,Debit Card,True,True,False,False,Low,Medium,7.89,Yes
SV501568,42,67.1,0.5,78.0,1.7,4,1.0,12.99,0,Premium,Mobile,Gift Card,True,False,False,True,Medium,Low,2.31,No
SV502427,28,22.3,6.4,32.7,4.4,5,2.0,15.99,0,Basic,Mobile,Credit Card,True,True,False,False,Medium,High,-0.23,No
SV502737,31,28.7,2.9,42.1,2.3,4,1.0,12.99,20,Standard,Mobile,Credit Card,True,True,False,False,Low,Low,7.25,Yes
SV503483,48,6.9,5.6,28.1,4.5,3,0.0,15.99,0,Standard,Mobile,Credit Card,True,True,False,True,Low,High,-4.28,No
SV501687,37,8.0,13.1,75.0,2.3,1,0.0,19.99,0,Basic,Mobile,Credit Card,True,True,False,False,High,High,-27.43,No
SV500851,29,40.8,13.6,17.8,9.8,2,3.0,12.99,30,Standard,Mobile,Debit Card,True,False,True,True,Medium,Medium,-5.93,No
SV502207,39,15.9,5.3,53.6,14.4,1,2.0,8.99,0,Standard,Mobile,PayPal,True,False,False,True,Low,Medium,-3.34,No
SV500895,46,68.0,18.6,61.9,7.0,5,1.0,15.99,0,Basic,Mobile,PayPal,True,True,False,True,High,High,-22.56,No
SV500496,16,22.9,4.5,59.2,6.9,5,1.0,12.99,50,Family,SmartTV,Debit Card,True,False,False,True,Low,Medium,3.66,No
SV502305,29,17.2,2.8,53.2,5.9,3,1.0,15.99,0,Standard,Mobile,Credit Card,True,True,False,True,Low,High,-4.91,No
SV501782,16,22.4,14.1,67.3,3.1,1,1.0,15.99,0,Premium,Mobile,PayPal,True,True,True,True,High,High,-16.79,No
SV500335,21,15.8,5.8,64.0,17.8,1,1.0,15.99,0,Standard,SmartTV,PayPal,True,True,False,True,Low,Medium,15.76,Yes
SV502839,35,12.6,1.3,23.1,1.2,4,1.0,12.99,0,Standard,SmartTV,Credit Card,True,False,False,False,Low,High,1.11,No
SV503087,24,2.9,3.6,23.8,1.7,5,0.0,15.99,0,Family,Mobile,Credit Card,True,True,False,True,Medium,Medium,6.31,Yes
SV500515,38,9.8,19.0,47.7,20.7,3,1.0,8.99,0,Standard,SmartTV,Debit Card,True,False,True,True,High,Medium,-7.9,No
SV501348,44,4.8,0.7,57.8,1.2,3,0.0,19.99,20,Standard,Mobile,Debit Card,False,False,False,True,Medium,High,15.82,Yes
SV501015,23,13.9,7.7,62.2,6.1,4,1.0,8.99,0,Basic,Mobile,Credit Card,False,False,False,True,Low,High,-10.53,No
SV502816,18,9.7,5.7,44.0,5.4,5,2.0,15.99,0,Standard,Laptop,Debit Card,True,True,True,True,Low,,18.77,Yes
SV503744,65,26.2,3.3,65.0,6.6,1,0.0,15.99,20,Premium,SmartTV,Debit Card,True,False,False,False,Low,High,-3.94,No
SV503737,51,9.1,5.6,50.2,9.3,5,0.0,8.99,0,Family,Mobile,Credit Card,True,False,False,True,Medium,High,-13.56,No
SV502809,19,22.3,6.5,28.0,3.4,3,0.0,12.99,0,Basic,Laptop,Gift Card,True,False,False,True,Low,High,2.24,No
SV503294,28,17.4,7.7,27.7,7.6,4,1.0,15.99,10,Basic,Mobile,Credit Card,True,False,False,False,Medium,Medium,23.81,Yes
SV503251,34,12.6,5.3,56.3,0.6,4,1.0,12.99,10,Basic,Tablet,Credit Card,True,False,False,False,Medium,Medium,12.05,Yes
SV503770,29,68.5,4.6,13.5,7.3,4,0.0,15.99,30,Basic,Mobile,Credit Card,True,False,False,False,Low,High,9.03,Yes
SV503983,19,17.2,1.9,39.9,4.2,1,2.0,12.99,0,Premium,SmartTV,Debit Card,True,False,True,True,Low,High,-4.41,No
SV501781,35,18.3,1.6,33.2,8.1,4,1.0,15.99,20,Standard,SmartTV,Credit Card,True,True,True,True,Medium,Medium,-4.64,No
SV502569,39,35.4,18.8,27.0,4.6,4,2.0,19.99,0,Standard,Mobile,Credit Card,False,False,False,True,High,High,-15.71,No
SV501785,47,12.9,21.5,46.2,6.4,3,,12.99,50,Family,Mobile,Debit Card,True,True,False,True,High,High,-14.29,No
SV502070,30,21.7,6.7,25.9,1.8,1,1.0,15.99,0,Basic,SmartTV,Debit Card,True,True,False,True,Medium,Medium,1.13,No
SV500356,37,31.4,5.6,41.5,8.9,3,0.0,15.99,50,Premium,Mobile,Credit Card,True,False,False,False,Medium,High,8.77,Yes
SV503801,26,17.2,18.2,70.6,3.4,4,3.0,15.99,0,Basic,Mobile,PayPal,True,True,False,True,High,High,-32.34,No
SV503325,37,4.9,9.9,52.8,11.0,3,3.0,15.99,0,Basic,Tablet,Credit Card,False,False,False,True,Low,Medium,21.27,Yes
SV501312,27,13.4,6.9,65.0,2.3,1,0.0,15.99,0,Basic,Mobile,Credit Card,True,True,False,True,Low,High,-2.56,No
SV501635,46,24.2,6.8,37.0,1.0,4,1.0,8.99,30,Premium,Mobile,Debit Card,False,True,True,True,High,Medium,-16.02,No
SV500550,38,3.7,1.7,48.5,10.7,5,1.0,19.99,0,Basic,Mobile,Debit Card,False,False,False,False,Low,High,40.65,Yes
SV502388,46,37.4,7.3,46.9,9.9,4,1.0,15.99,0,Premium,Mobile,PayPal,True,True,False,True,Medium,High,-3.75,No
SV502479,31,1.7,10.4,39.1,4.5,1,0.0,8.99,0,Premium,SmartTV,PayPal,True,False,False,True,High,High,-48.16,No
SV502521,54,8.5,12.5,72.6,28.9,2,1.0,19.99,10,Basic,Mobile,Credit Card,True,False,True,False,Medium,High,17.64,Yes
SV502265,43,10.1,11.9,37.4,27.4,1,0.0,15.99,0,Standard,SmartTV,Gift Card,True,False,False,False,Medium,High,10.99,Yes
SV502959,55,23.7,5.5,47.1,3.2,1,2.0,8.99,0,Standard,Mobile,Debit Card,True,False,True,True,Low,High,-8.32,No
SV501227,28,42.8,1.3,57.6,11.2,5,2.0,15.99,20,Standard,Laptop,PayPal,False,False,True,True,Low,Medium,1.97,No
SV503566,42,3.5,20.2,54.8,14.3,1,0.0,8.99,0,Standard,SmartTV,PayPal,True,False,False,True,High,High,7.78,Yes
SV503059,31,30.5,15.5,55.5,12.4,4,0.0,8.99,30,Standard,Mobile,Credit Card,False,True,False,False,High,High,-11.83,No
SV500957,59,20.6,3.5,75.0,0.1,1,2.0,12.99,0,Basic,Mobile,PayPal,False,False,True,True,Medium,,11.53,Yes
SV501773,53,24.4,6.3,49.4,4.7,4,0.0,19.99,0,Basic,SmartTV,Debit Card,True,False,False,False,Medium,High,11.43,Yes
SV502141,30,9.8,7.1,53.1,14.4,1,0.0,15.99,0,Premium,SmartTV,Credit Card,False,False,False,True,Medium,High,-12.31,No
SV501008,42,6.1,9.9,41.7,10.2,5,1.0,12.99,20,Family,Laptop,Debit Card,True,False,True,False,High,High,-20.53,No
SV503118,25,32.4,3.2,53.8,2.0,4,3.0,15.99,0,Basic,SmartTV,Credit Card,True,True,True,False,Medium,Medium,32.95,Yes
SV501092,43,11.6,4.4,69.3,1.4,3,2.0,15.99,0,Standard,Laptop,Debit Card,True,True,False,False,Low,Medium,13.01,Yes
SV503557,39,4.9,5.8,19.8,3.8,1,3.0,8.99,20,Basic,Mobile,Debit Card,True,False,False,True,Medium,Medium,1.51,No
SV503356,27,2.1,16.1,27.5,4.3,1,0.0,15.99,0,Basic,Laptop,Credit Card,True,False,False,False,High,High,-25.54,No
SV502744,45,11.1,4.0,60.7,24.4,3,2.0,15.99,0,Family,Mobile,Credit Card,False,False,False,False,Medium,Medium,5.2,Yes
SV503788,54,24.1,8.4,59.4,47.5,2,3.0,15.99,30,Basic,Mobile,PayPal,True,False,False,False,Medium,Medium,5.51,Yes
SV500996,42,9.4,2.6,48.7,4.1,4,3.0,15.99,0,Standard,SmartTV,Debit Card,True,False,False,False,Low,Medium,25.06,Yes
SV501679,31,24.2,1.7,23.7,0.7,1,2.0,12.99,0,Basic,SmartTV,Credit Card,True,False,True,False,Low,Medium,16.08,Yes
SV500153,29,8.1,1.7,27.8,29.5,3,1.0,19.99,0,Family,SmartTV,Credit Card,True,False,False,True,Low,High,-6.0,No
SV503147,33,26.9,3.1,4.7,3.6,3,1.0,8.99,0,Premium,Tablet,Credit Card,True,True,True,False,Low,,-3.51,No
SV503707,41,54.4,12.1,12.6,2.3,5,1.0,12.99,0,Basic,Mobile,PayPal,False,False,False,True,High,High,-20.4,No
SV502908,21,11.3,2.6,99.8,2.1,2,3.0,12.99,20,Family,SmartTV,Credit Card,False,True,False,False,Low,Low,45.64,Yes
SV502837,37,11.4,8.5,29.3,39.8,4,1.0,8.99,0,Standard,SmartTV,Credit Card,False,False,False,True,Medium,High,8.68,Yes
SV500580,16,15.0,3.5,44.8,8.1,1,3.0,15.99,0,Basic,Mobile,Credit Card,True,False,False,True,Medium,Medium,-17.82,No
SV501470,35,38.7,12.8,34.0,1.1,1,1.0,8.99,10,Standard,Laptop,Credit Card,True,False,False,False,Medium,High,-23.44,No
SV500703,33,8.7,7.1,68.8,1.5,1,0.0,15.99,0,Standard,Mobile,Debit Card,False,True,False,False,Medium,Medium,8.2,Yes
SV501212,32,3.0,7.9,32.5,0.5,3,1.0,8.99,50,Standard,Laptop,Debit Card,True,True,False,False,Medium,High,-8.57,No
SV503343,43,7.4,8.5,35.2,7.6,4,0.0,19.99,10,Basic,SmartTV,PayPal,True,False,True,False,High,High,20.62,Yes
SV500896,27,16.4,21.4,42.3,15.7,4,1.0,8.99,20,Standard,Laptop,Credit Card,False,True,False,False,High,High,-29.05,No
SV503308,23,22.1,7.3,14.6,3.4,1,2.0,12.99,20,Standard,Mobile,PayPal,False,True,False,True,Medium,High,-1.24,No
SV500487,39,18.2,1.9,25.5,8.7,5,2.0,8.99,0,Standard,Mobile,Debit Card,True,False,False,True,Low,Low,0.88,No
SV500559,24,27.9,3.4,42.4,34.5,1,1.0,15.99,0,Premium,SmartTV,Debit Card,True,True,True,True,Low,Medium,25.67,Yes
SV501141,16,19.8,5.7,26.7,14.6,2,1.0,15.99,10,Standard,Laptop,PayPal,True,False,True,False,Medium,High,-19.85,No
SV501119,23,14.7,4.8,62.3,1.0,3,1.0,8.99,0,Family,Mobile,Debit Card,True,False,False,True,Medium,High,-20.52,No
SV502849,45,15.5,3.3,74.8,18.0,5,1.0,15.99,0,Standard,SmartTV,Debit Card,True,False,False,False,Low,Medium,19.14,Yes
SV500512,35,3.9,3.0,41.6,1.2,1,0.0,8.99,0,Premium,Mobile,Credit Card,True,True,False,False,Medium,High,8.48,Yes
SV500633,16,44.9,31.4,39.9,0.0,4,2.0,8.99,10,Premium,SmartTV,Credit Card,True,False,True,False,High,High,-14.09,No
SV503433,35,7.3,9.5,44.7,1.9,3,0.0,8.99,20,Basic,Mobile,Credit Card,True,False,False,False,Medium,High,-10.96,No
SV501664,47,32.7,4.3,80.0,18.4,4,2.0,8.99,10,Basic,SmartTV,PayPal,True,True,True,False,Medium,Medium,13.23,Yes
SV501012,28,7.0,13.2,65.7,11.6,5,1.0,12.99,0,Family,Mobile,Gift Card,False,False,False,True,High,Medium,-24.96,No
SV501931,30,24.9,5.6,43.5,2.2,5,1.0,8.99,0,Basic,SmartTV,Credit Card,True,False,False,True,Medium,High,-17.82,No
SV501150,36,15.9,16.0,68.0,2.5,4,0.0,15.99,0,Standard,Mobile,Credit Card,True,False,False,True,High,High,-21.7,No
SV502838,47,27.1,7.5,37.4,4.8,1,2.0,8.99,50,Family,SmartTV,Debit Card,True,False,True,False,Medium,High,-10.47,No
SV503739,29,9.7,13.3,38.7,9.9,4,1.0,8.99,0,Standard,SmartTV,Debit Card,True,False,False,False,High,High,-8.38,No
SV500116,37,33.0,6.6,52.2,0.5,1,0.0,15.99,0,Premium,SmartTV,Credit Card,True,True,False,True,Medium,High,-20.14,No
SV500740,45,6.3,5.4,13.0,0.8,2,0.0,15.99,10,Standard,Laptop,Gift Card,True,False,True,False,Medium,Medium,8.69,Yes
SV503676,22,10.5,11.5,29.5,5.7,3,0.0,8.99,0,Family,SmartTV,PayPal,False,False,True,False,High,High,-21.56,No
SV501974,19,6.6,4.8,33.2,16.5,2,1.0,8.99,20,Standard,SmartTV,Gift Card,True,False,False,True,Medium,High,-13.11,No
SV501081,32,8.7,3.5,63.4,26.4,5,0.0,12.99,10,Premium,Mobile,Debit Card,True,True,True,True,Low,Low,-1.24,No
SV501810,16,15.1,7.5,50.1,5.2,4,1.0,15.99,20,Basic,Mobile,Debit Card,True,False,False,True,Medium,Medium,-10.03,No
SV500830,38,32.3,14.3,29.9,10.1,5,1.0,8.99,10,Standard,Tablet,Debit Card,True,False,True,True,Medium,Medium,-17.53,No
SV500119,31,17.5,7.2,23.3,0.1,1,0.0,8.99,0,Basic,SmartTV,Credit Card,True,True,False,False,Medium,,-24.15,No
SV500656,24,23.4,13.3,24.8,13.4,5,2.0,8.99,0,Basic,SmartTV,Credit Card,True,True,False,True,High,High,-19.49,No
SV503634,32,21.1,2.5,86.4,7.5,4,2.0,15.99,0,Premium,Tablet,PayPal,True,False,True,True,Low,Medium,14.25,Yes
SV503692,16,22.4,8.0,40.2,6.5,3,0.0,15.99,10,Premium,Tablet,Credit Card,True,False,False,True,Medium,Medium,-9.67,No
SV503905,61,28.9,2.6,29.0,2.2,3,0.0,8.99,0,Standard,Mobile,Debit Card,False,False,True,True,Low,High,2.74,No
SV500635,31,21.4,2.6,66.9,3.2,1,1.0,8.99,0,Standard,SmartTV,Debit Card,True,False,True,False,Medium,High,-13.46,No
SV500369,43,18.1,4.2,68.4,13.9,4,1.0,12.99,10,Basic,Tablet,PayPal,True,False,False,False,Medium,Medium,-1.44,No
SV500268,35,38.5,8.2,38.4,5.3,3,0.0,15.99,0,Premium,SmartTV,Credit Card,True,True,False,True,Low,High,-11.19,No
SV502703,47,7.6,4.7,37.3,2.1,4,1.0,15.99,0,Premium,SmartTV,Debit Card,True,False,True,False,Low,High,2.91,No
SV502983,37,3.6,6.9,38.0,24.5,4,0.0,12.99,0,Standard,Laptop,Gift Card,True,True,True,True,Medium,High,8.19,Yes
SV502870,16,18.0,3.6,16.7,3.8,1,1.0,19.99,0,Standard,SmartTV,Credit Card,True,True,False,False,Low,High,8.69,Yes
SV502914,38,35.3,15.6,46.4,22.8,2,0.0,8.99,30,Premium,Laptop,Credit Card,True,True,False,False,High,High,-20.32,No
SV500046,44,7.7,6.6,60.9,3.9,3,0.0,12.99,10,Family,SmartTV,Credit Card,True,False,False,True,Low,High,-17.6,No
SV503421,33,41.3,16.7,47.0,3.3,3,1.0,15.99,30,Basic,Tablet,Credit Card,True,False,False,False,Medium,Medium,-0.83,No
SV503697,32,2.2,5.9,74.6,21.7,1,,8.99,10,Family,Mobile,Credit Card,True,False,True,False,Medium,High,-34.21,No
SV500991,50,16.5,5.8,50.0,5.5,5,0.0,8.99,20,Premium,Mobile,Credit Card,False,True,False,True,High,High,-28.66,No
SV500876,34,20.9,9.0,78.8,8.8,4,4.0,12.99,10,Standard,Mobile,Debit Card,False,True,True,True,Medium,Low,19.33,Yes
SV500773,49,8.1,3.9,93.3,4.7,1,0.0,15.99,0,Standard,SmartTV,Credit Card,True,False,False,False,Medium,High,7.6,Yes
SV501219,49,6.8,9.0,3.0,1.6,2,1.0,15.99,0,Family,Mobile,Credit Card,True,False,False,True,Medium,High,-3.46,No
SV501126,53,32.4,7.7,29.5,19.9,5,1.0,15.99,10,Premium,Mobile,Gift Card,True,False,False,False,Medium,High,20.05,Yes
SV500004,16,7.2,5.9,27.8,6.7,5,1.0,8.99,0,Premium,Laptop,Credit Card,True,True,True,True,Medium,High,-14.46,No
SV503051,24,18.1,1.4,57.7,9.7,3,1.0,19.99,0,Basic,Mobile,Credit Card,True,True,False,False,Low,High,24.03,Yes
SV501595,39,9.3,6.9,17.3,33.6,5,2.0,8.99,20,Basic,SmartTV,Credit Card,True,False,False,False,Medium,High,3.14,No
SV503124,37,35.7,5.1,68.7,21.9,2,3.0,12.99,0,Standard,Laptop,Credit Card,True,False,False,True,Medium,Low,28.37,Yes
SV502311,37,9.2,2.9,71.6,5.5,4,3.0,15.99,20,Basic,SmartTV,Credit Card,True,False,False,False,Medium,Medium,-2.62,No
SV503040,48,10.0,8.1,55.4,2.9,3,1.0,15.99,0,Basic,SmartTV,PayPal,True,True,False,True,Medium,Medium,-18.43,No
SV503827,37,9.2,2.9,51.1,9.0,5,4.0,15.99,20,Standard,Tablet,Credit Card,True,False,False,True,Low,Low,43.14,Yes
SV502491,26,16.2,2.0,46.3,26.1,5,1.0,12.99,0,Standard,Mobile,Credit Card,False,True,False,True,Low,High,1.72,No
SV503050,45,14.3,10.4,39.7,6.9,4,2.0,8.99,0,Standard,SmartTV,Debit Card,True,True,True,True,Medium,Medium,-24.01,No
SV501077,65,51.3,10.7,35.7,1.0,4,0.0,19.99,0,Premium,Laptop,Debit Card,True,False,False,True,Medium,Medium,-2.3,No
SV500837,50,15.1,8.3,39.2,0.9,3,4.0,8.99,0,Basic,Mobile,Credit Card,True,False,False,True,Medium,Low,26.41,Yes
SV500681,41,21.7,0.6,3.0,0.3,5,1.0,8.99,30,Standard,Tablet,Credit Card,True,False,False,False,Low,Medium,4.31,No
SV501715,35,25.6,2.1,65.1,5.0,3,0.0,8.99,50,Basic,Mobile,Debit Card,True,False,False,False,Medium,High,-15.01,No
SV502352,34,20.0,4.3,58.0,0.4,2,1.0,8.99,50,Basic,Laptop,Credit Card,False,False,False,False,Low,High,6.58,Yes
SV503413,30,5.4,9.9,43.9,18.9,2,0.0,12.99,0,Basic,Mobile,PayPal,True,True,False,True,Medium,,-4.91,No
SV502617,44,8.1,2.0,45.3,3.1,1,1.0,8.99,10,Standard,Mobile,Credit Card,True,True,True,True,Low,Medium,-14.18,No
SV502361,23,22.4,6.5,,8.5,1,1.0,15.99,0,Standard,Mobile,Gift Card,True,False,False,True,Medium,High,-17.14,No
SV502197,34,26.2,4.3,39.9,3.1,3,1.0,8.99,0,Family,Mobile,Credit Card,True,False,True,True,Medium,Medium,-15.09,No
SV501148,45,18.5,4.2,76.5,6.3,5,1.0,8.99,10,Standard,Laptop,Gift Card,True,False,False,True,Low,High,-7.76,No
SV503261,22,8.1,10.7,66.8,2.7,4,1.0,8.99,0,Standard,Mobile,Credit Card,False,False,True,False,High,Low,-26.55,No
SV500574,36,20.3,3.5,51.5,1.5,2,0.0,15.99,0,Basic,Mobile,Gift Card,True,True,False,True,Medium,High,1.8,No
SV500050,37,22.6,9.2,18.8,2.6,3,0.0,19.99,0,Standard,Mobile,Credit Card,True,False,True,True,Medium,High,-1.09,No
SV500853,34,47.4,6.1,26.1,3.2,4,0.0,19.99,0,Basic,SmartTV,PayPal,False,True,True,True,Low,High,20.53,Yes
SV501982,34,17.6,8.1,25.6,8.1,1,0.0,12.99,0,Family,Laptop,Credit Card,False,False,False,False,Medium,Medium,13.48,Yes
SV502774,29,5.6,11.2,58.2,0.7,3,1.0,15.99,20,Basic,Mobile,Credit Card,True,False,False,True,Medium,Low,-4.54,No
SV501823,41,3.3,2.9,32.1,31.3,4,0.0,8.99,0,Premium,Laptop,Credit Card,True,False,False,False,Low,High,40.81,Yes
SV500833,30,20.1,12.3,39.4,11.0,5,0.0,8.99,10,Basic,Laptop,PayPal,True,False,False,True,High,High,-6.98,No
SV503425,38,37.6,5.7,19.1,8.1,3,0.0,19.99,50,Standard,Mobile,PayPal,False,False,True,True,Low,High,2.02,No
SV501115,35,28.1,7.5,58.2,0.4,5,0.0,19.99,0,Standard,Tablet,PayPal,True,False,True,True,Medium,High,-13.98,No
SV501166,61,16.2,2.3,29.8,27.3,4,0.0,15.99,10,Basic,Tablet,Credit Card,True,False,False,True,Low,High,-8.23,No
SV502518,40,13.7,6.4,74.6,34.7,5,1.0,15.99,0,Standard,Mobile,Credit Card,True,False,False,True,Medium,High,-14.08,No
SV501906,34,14.9,9.7,47.3,0.1,4,2.0,8.99,30,Family,Laptop,PayPal,True,True,False,False,Medium,Medium,-7.54,No
SV500971,33,13.8,1.7,56.0,11.2,4,1.0,15.99,20,Basic,Mobile,Credit Card,True,False,False,False,Low,High,11.1,Yes
SV502701,22,6.3,3.5,64.7,16.0,3,0.0,15.99,20,Basic,Mobile,Gift Card,True,False,True,True,Low,High,22.29,Yes
SV500399,26,18.9,3.5,56.4,4.9,1,0.0,12.99,0,Basic,Mobile,Debit Card,True,True,False,False,Medium,High,-15.99,No
SV502559,50,2.1,1.7,52.4,4.1,4,1.0,15.99,0,Premium,SmartTV,PayPal,True,False,False,False,Medium,High,18.1,Yes
SV502368,24,8.3,149.0,45.9,18.9,5,2.0,8.99,10,Family,Mobile,PayPal,True,True,False,False,High,High,-26.9,No
SV500019,33,8.3,8.5,48.1,33.8,3,2.0,12.99,30,Basic,Mobile,Credit Card,True,False,False,False,Medium,,5.91,Yes
SV500684,29,27.5,8.3,48.9,1.7,1,0.0,8.99,20,Basic,Mobile,Credit Card,False,False,False,True,Medium,High,0.76,No
SV500035,46,12.6,6.2,33.0,21.7,1,0.0,12.99,10,Premium,SmartTV,Debit Card,True,True,False,True,Medium,Medium,-3.01,No
SV502950,21,12.8,19.0,102.4,14.7,2,0.0,8.99,30,Basic,Mobile,Credit Card,True,False,False,True,High,High,-33.8,No
SV503993,26,31.1,14.8,26.9,7.2,2,1.0,8.99,0,Basic,Mobile,PayPal,True,True,False,True,High,Medium,-42.32,No
SV502875,16,16.9,10.6,26.0,6.0,4,3.0,12.99,0,Standard,SmartTV,PayPal,False,True,True,False,Medium,High,-20.58,No
SV500524,49,7.7,7.4,24.4,10.5,2,0.0,8.99,0,Premium,Mobile,Credit Card,True,False,True,True,Medium,High,-37.21,No
SV502455,35,3.8,7.7,16.6,20.2,3,1.0,15.99,30,Standard,Laptop,PayPal,True,False,True,True,Medium,Medium,-0.74,No
SV500920,31,2.0,4.9,55.8,40.9,1,3.0,15.99,0,Premium,Laptop,Credit Card,True,False,True,False,Low,High,1.7,No
SV501841,34,21.6,1.3,60.8,9.4,3,0.0,12.99,30,Premium,Mobile,Credit Card,True,False,False,True,Low,High,15.46,Yes
SV501890,45,3.2,8.5,44.3,8.5,5,2.0,12.99,0,Basic,SmartTV,Debit Card,True,False,False,False,Medium,High,-6.52,No
SV500537,47,6.3,7.0,29.7,0.3,3,0.0,12.99,10,Premium,Laptop,Credit Card,True,True,True,True,Medium,High,-11.69,No
SV502806,53,21.7,2.3,57.6,7.3,2,4.0,15.99,20,Standard,Tablet,Credit Card,True,True,False,False,Low,Medium,20.72,Yes
SV501705,55,6.7,11.0,81.2,11.0,2,2.0,15.99,20,Standard,Mobile,PayPal,True,False,False,False,Medium,High,15.85,Yes
SV503902,17,11.9,20.3,62.8,19.7,5,2.0,8.99,0,Basic,Mobile,PayPal,True,False,False,False,High,Medium,-10.74,No
SV503110,37,52.3,1.9,42.1,1.4,2,0.0,19.99,50,Basic,Mobile,Gift Card,True,False,False,True,Medium,High,-2.27,No
SV503247,19,6.9,4.9,28.9,10.2,5,2.0,8.99,0,Standard,Mobile,Debit Card,False,False,False,False,Low,High,6.36,Yes
SV500245,20,8.7,5.0,28.4,0.7,5,0.0,12.99,0,Standard,SmartTV,Credit Card,False,False,False,False,Medium,High,-1.91,No
SV503464,39,6.1,3.2,52.0,3.3,3,0.0,19.99,30,Basic,Mobile,Credit Card,True,False,False,True,Medium,High,19.86,Yes
SV503175,16,28.3,2.1,24.3,23.0,3,0.0,8.99,0,Standard,SmartTV,Credit Card,True,True,True,False,Low,High,13.64,Yes
SV500784,34,22.5,16.3,30.7,4.2,1,1.0,8.99,20,Family,SmartTV,Credit Card,True,True,False,True,High,High,-52.99,No
SV501409,40,18.1,6.4,49.1,6.3,4,2.0,15.99,0,Premium,Laptop,Debit Card,True,True,False,False,Medium,High,2.77,No
SV502537,16,12.1,6.3,37.9,2.2,1,0.0,8.99,20,Premium,Mobile,Credit Card,True,False,False,False,Medium,Medium,-7.82,No
SV500154,33,15.1,11.2,52.2,3.0,2,1.0,8.99,10,Basic,Mobile,Credit Card,True,False,False,False,Medium,High,1.83,No
SV503009,42,29.9,5.3,50.4,3.6,5,0.0,8.99,0,Standard,Mobile,Debit Card,True,True,True,False,Medium,High,0.56,No
SV501686,28,6.9,2.5,41.9,1.3,5,1.0,12.99,10,Premium,Laptop,PayPal,False,True,False,False,Low,High,-15.65,No
SV502901,19,12.3,178.1,83.2,2.5,3,1.0,12.99,0,Premium,SmartTV,Debit Card,True,True,False,True,Medium,High,-24.96,No
SV503359,36,31.5,2.7,37.3,19.9,3,0.0,12.99,0,Premium,Laptop,Debit Card,True,False,False,True,Low,High,-15.08,No
SV500625,28,19.3,5.8,47.4,7.8,5,1.0,12.99,20,Basic,Tablet,Credit Card,True,False,True,True,Low,Medium,24.27,Yes
SV502733,29,24.6,4.2,79.7,11.0,5,2.0,19.99,30,Standard,Tablet,Credit Card,True,False,True,False,Medium,High,-0.19,No
SV503832,32,159.2,5.2,57.9,1.5,4,1.0,15.99,20,Standard,Mobile,PayPal,True,True,False,False,Medium,High,-1.79,No
SV501346,38,39.9,3.2,54.2,14.3,4,1.0,15.99,10,Standard,Laptop,Debit Card,True,True,True,False,Medium,High,0.88,No
SV500569,36,21.3,3.3,35.3,9.0,1,0.0,19.99,0,Standard,Mobile,Credit Card,False,False,True,False,Medium,High,4.9,No
SV503906,16,5.5,2.8,37.3,14.0,2,2.0,15.99,20,Basic,Mobile,Credit Card,True,True,False,True,Medium,High,2.7,No
SV501758,23,19.8,1.9,23.0,5.8,3,,19.99,10,Premium,Laptop,PayPal,True,False,True,False,Low,Medium,25.12,Yes
SV501816,41,24.1,8.2,81.5,12.7,5,2.0,12.99,20,Basic,Tablet,Debit Card,True,True,False,False,Medium,High,-5.79,No
SV502065,32,23.6,1.2,3.0,9.8,4,1.0,15.99,20,Premium,Mobile,PayPal,True,True,False,False,Low,High,-4.54,No
SV500127,21,12.1,10.5,21.1,3.4,3,1.0,8.99,0,Family,Laptop,Credit Card,True,True,False,True,Low,High,-6.53,No
SV503394,40,9.2,10.8,21.4,4.7,4,1.0,19.99,20,Premium,Mobile,PayPal,False,False,True,False,Medium,High,-10.92,No
SV503327,35,25.0,3.3,40.8,8.5,3,1.0,12.99,0,Premium,Tablet,Debit Card,True,False,True,True,Low,High,-8.67,No
SV503968,27,15.7,5.9,9.9,23.4,1,1.0,15.99,0,Family,SmartTV,Debit Card,True,True,False,False,Medium,High,-9.73,No
SV502006,33,28.3,10.9,70.1,15.8,2,1.0,12.99,50,Premium,SmartTV,Debit Card,True,False,False,False,High,High,-39.36,No
SV502975,37,25.1,9.5,69.9,22.4,1,2.0,15.99,30,Premium,Mobile,PayPal,True,False,False,True,Medium,High,-9.82,No
SV500980,39,34.2,12.4,82.3,13.6,1,1.0,19.99,0,Basic,SmartTV,Credit Card,False,False,True,False,Medium,High,23.23,Yes
SV503964,31,23.9,2.8,41.4,1.2,1,4.0,8.99,0,Premium,SmartTV,Credit Card,False,False,True,True,Low,Medium,-7.85,No
SV500190,53,3.4,15.3,67.9,23.4,1,1.0,12.99,0,Standard,Mobile,Credit Card,True,False,False,True,High,Medium,9.79,Yes
SV501139,34,20.6,11.0,13.8,8.9,2,0.0,8.99,0,Basic,Mobile,Credit Card,True,True,True,False,Medium,High,8.79,Yes
SV500992,54,20.7,3.6,44.6,21.3,2,0.0,12.99,30,Standard,Mobile,Credit Card,True,True,False,False,Low,Medium,1.62,No
SV500699,32,32.6,7.5,69.1,5.8,5,2.0,15.99,10,Premium,SmartTV,Debit Card,True,False,False,True,Medium,Medium,8.91,Yes
SV503635,20,9.4,4.9,93.2,9.1,1,1.0,15.99,0,Standard,Tablet,Credit Card,True,True,False,False,Medium,Medium,6.32,Yes
SV500606,42,12.6,5.6,46.9,2.2,5,2.0,12.99,0,Standard,Tablet,Debit Card,False,True,False,True,Low,Medium,10.31,Yes
SV500180,48,27.1,4.4,51.1,8.4,3,1.0,8.99,20,Basic,Laptop,Credit Card,True,True,False,True,Medium,High,-20.91,No
SV500301,17,41.1,5.2,40.5,1.2,3,2.0,19.99,0,Family,Mobile,Credit Card,True,False,False,False,Low,Medium,14.17,Yes
SV502544,33,22.3,23.3,50.9,4.1,5,2.0,12.99,0,Family,SmartTV,Credit Card,True,False,False,True,High,Low,-5.19,No
SV503683,29,17.1,9.5,39.4,16.3,1,1.0,8.99,10,Premium,SmartTV,Gift Card,True,False,False,True,Medium,High,-1.98,No
SV503698,22,10.7,0.4,86.8,18.9,4,1.0,12.99,0,Standard,Tablet,Debit Card,True,True,False,False,Low,Medium,18.66,Yes
SV501060,32,35.8,11.4,34.9,18.3,4,1.0,15.99,0,Standard,SmartTV,Credit Card,True,False,True,True,High,High,-20.8,No
SV503759,16,11.6,8.1,42.0,2.5,1,3.0,12.99,0,Standard,Tablet,Debit Card,False,False,False,False,Medium,Medium,11.82,Yes
SV503834,50,12.3,4.2,56.0,6.2,1,1.0,12.99,0,Basic,Laptop,Credit Card,True,True,True,False,Medium,,17.53,Yes
SV502565,24,13.0,8.0,54.8,12.1,3,1.0,15.99,0,Standard,SmartTV,PayPal,True,False,False,True,Low,Low,9.63,Yes
SV503984,25,3.7,19.5,73.6,17.1,3,0.0,8.99,20,Premium,SmartTV,Credit Card,True,False,False,True,High,High,-19.37,No
SV501069,33,26.0,8.8,41.7,0.4,2,0.0,8.99,0,Standard,Laptop,Gift Card,True,False,True,True,Medium,,-9.53,No
SV502524,55,26.7,11.9,59.5,19.7,3,0.0,8.99,0,Premium,Laptop,Debit Card,True,False,False,False,High,High,-38.11,No
SV502205,31,15.5,1.4,37.4,18.0,4,0.0,15.99,10,Basic,Mobile,Credit Card,False,False,False,True,Medium,High,-6.46,No
SV501243,28,9.5,3.6,81.7,1.9,2,0.0,8.99,50,Standard,SmartTV,Debit Card,True,False,True,True,Low,High,-7.45,No
SV503243,37,32.2,2.0,61.9,8.3,3,0.0,8.99,0,Standard,Tablet,PayPal,True,False,True,True,Low,High,-12.85,No
SV500016,38,22.9,4.0,29.8,16.3,3,1.0,15.99,10,Basic,Mobile,Credit Card,True,False,False,True,Low,High,2.47,No
SV503120,38,7.9,14.4,52.2,9.2,4,3.0,8.99,0,Basic,Laptop,Debit Card,True,True,False,False,Medium,Medium,-1.58,No
SV503971,36,28.4,2.3,59.4,1.5,1,1.0,8.99,30,Premium,Laptop,PayPal,True,False,False,False,Low,High,-5.22,No
SV500546,36,6.2,2.5,42.3,3.0,2,1.0,15.99,10,Basic,Mobile,Debit Card,False,False,False,True,Low,High,-2.93,No
SV500658,47,29.7,11.5,5.3,0.1,4,1.0,15.99,0,Basic,Mobile,PayPal,True,False,False,False,Medium,High,3.07,No
SV503598,16,9.5,6.8,22.9,11.6,3,0.0,12.99,0,Standard,Mobile,Credit Card,False,False,False,True,Medium,High,-23.94,No
SV503067,39,14.3,4.2,25.4,5.2,4,4.0,8.99,20,Family,Mobile,Debit Card,True,True,False,False,Medium,Low,22.63,Yes
SV503641,52,63.0,6.7,27.6,9.9,4,1.0,8.99,0,Premium,Mobile,PayPal,True,False,False,False,Medium,High,-1.06,No
SV501504,32,3.0,5.6,32.1,0.6,5,1.0,15.99,0,Standard,SmartTV,Debit Card,True,False,True,False,Medium,Medium,23.78,Yes
SV500959,38,13.2,3.0,15.9,11.8,4,3.0,15.99,0,Basic,Mobile,Debit Card,True,False,True,True,Low,Medium,11.7,Yes
SV502926,43,18.5,3.1,44.8,2.2,4,3.0,19.99,30,Family,Tablet,PayPal,True,False,True,True,Medium,Medium,-0.42,No
SV502331,17,16.8,1.3,70.1,1.1,2,2.0,12.99,0,Standard,Laptop,Gift Card,False,False,False,True,Low,High,-2.2,No
SV500797,46,7.2,4.3,43.8,18.8,1,0.0,8.99,50,Premium,Tablet,Credit Card,True,False,True,False,Medium,Medium,5.27,Yes
SV503348,40,6.3,2.1,71.8,4.1,2,1.0,15.99,0,Family,Laptop,Credit Card,True,False,True,True,Low,High,4.3,No
SV500225,37,5.6,5.2,44.6,2.3,4,2.0,8.99,0,Basic,SmartTV,Debit Card,True,True,True,True,Low,,33.07,Yes
SV502074,35,14.6,9.2,55.6,14.8,5,0.0,19.99,30,Basic,Mobile,PayPal,True,False,False,False,Medium,High,-6.43,No
SV503354,30,4.2,3.6,24.1,1.7,5,0.0,8.99,10,Basic,SmartTV,Credit Card,False,False,False,False,Low,High,11.0,Yes
SV501799,29,14.9,1.9,34.8,15.3,4,1.0,19.99,0,Premium,SmartTV,Credit Card,True,False,False,False,Low,High,5.52,Yes
SV502485,33,25.3,3.3,72.1,5.9,4,1.0,19.99,20,Standard,Laptop,Credit Card,True,False,False,True,Low,High,5.85,Yes
SV503947,16,9.3,0.9,44.5,7.7,3,2.0,15.99,0,Premium,Mobile,Credit Card,True,False,False,False,Low,High,10.48,Yes
SV503436,27,19.7,8.6,23.8,3.8,1,0.0,12.99,0,Standard,Tablet,Credit Card,True,False,False,False,Medium,High,11.32,Yes
SV502277,55,5.7,12.6,27.0,6.5,3,0.0,15.99,0,Premium,Mobile,PayPal,True,False,True,True,High,High,-29.64,No
SV502085,43,24.1,8.3,47.6,2.4,1,2.0,15.99,30,Family,SmartTV,Gift Card,True,False,False,True,High,Medium,-11.36,No
SV501693,28,17.5,7.9,42.7,9.1,2,3.0,15.99,10,Basic,SmartTV,Debit Card,True,False,False,False,Medium,Medium,11.06,Yes
SV502797,31,17.3,5.2,49.6,6.9,5,0.0,19.99,0,Family,Laptop,Credit Card,True,False,False,False,Medium,Medium,6.62,Yes
SV501045,25,53.7,4.1,51.4,13.1,1,0.0,19.99,10,Family,SmartTV,Credit Card,True,False,False,True,Medium,Medium,8.12,Yes
SV503446,29,25.3,6.4,49.8,10.5,1,3.0,15.99,20,Basic,Mobile,Credit Card,True,False,True,True,Medium,Medium,29.04,Yes
SV500469,23,33.6,8.0,57.3,4.9,4,3.0,19.99,0,Basic,Laptop,Credit Card,True,False,False,False,High,Medium,-14.31,No
SV500954,26,26.8,4.3,35.2,29.8,5,0.0,12.99,50,Standard,Laptop,Credit Card,True,False,False,True,Low,High,-7.2,No
SV503967,23,20.5,1.3,29.5,0.5,4,1.0,12.99,0,Family,Tablet,Credit Card,True,False,False,True,Low,High,-15.22,No
SV502735,30,7.8,8.7,51.8,2.2,5,0.0,12.99,20,Premium,SmartTV,Debit Card,True,False,True,True,Medium,High,-18.95,No
SV503841,33,15.8,4.2,54.4,2.7,2,3.0,15.99,10,Family,Mobile,Credit Card,True,False,True,False,Medium,Medium,-11.48,No
SV500639,40,6.2,2.2,5.4,1.5,2,0.0,15.99,0,Standard,Laptop,PayPal,True,False,False,False,Low,High,-12.37,No
SV503701,24,26.1,2.8,52.5,0.6,2,1.0,12.99,0,Premium,SmartTV,PayPal,True,True,True,True,Low,High,-7.52,No
SV501218,21,34.6,2.8,32.5,2.3,3,1.0,19.99,10,Basic,SmartTV,PayPal,True,False,True,True,Low,Medium,14.22,Yes
SV501158,16,29.7,3.4,57.3,4.7,4,0.0,15.99,20,Standard,SmartTV,Credit Card,True,False,False,False,Low,,3.85,No
SV501415,25,1.8,0.9,3.7,3.6,4,0.0,12.99,0,Family,Mobile,PayPal,False,False,True,True,Low,High,26.45,Yes
SV503610,41,34.2,8.7,56.8,10.6,5,1.0,12.99,30,Standard,Mobile,Credit Card,False,False,True,True,Medium,High,-11.76,No
SV501527,32,46.2,7.1,36.3,7.2,2,4.0,15.99,30,Basic,Mobile,Debit Card,True,False,True,True,Medium,Low,54.15,Yes
SV503892,16,20.5,1.3,90.5,2.9,2,1.0,8.99,30,Premium,SmartTV,Credit Card,True,False,False,True,Low,High,-7.78,No
SV501300,35,9.0,7.8,52.2,0.8,5,0.0,12.99,30,Basic,Laptop,Credit Card,True,False,True,True,Medium,High,10.27,Yes
SV503881,49,14.7,0.7,62.1,11.3,1,2.0,15.99,50,Premium,Laptop,Debit Card,True,True,True,False,Low,Medium,11.32,Yes
SV502848,43,16.0,4.8,16.7,9.2,4,2.0,12.99,20,Premium,Laptop,Debit Card,True,False,False,True,Medium,Medium,9.14,Yes
SV501603,18,7.4,4.0,56.8,4.1,3,0.0,19.99,0,Standard,SmartTV,Gift Card,True,True,False,True,Low,High,26.51,Yes
SV500160,23,23.3,8.1,57.2,9.5,5,1.0,8.99,20,Basic,Mobile,PayPal,True,True,False,True,Medium,Medium,-9.58,No
SV501704,37,18.0,6.0,3.0,12.9,1,1.0,15.99,10,Basic,Mobile,Gift Card,True,False,True,False,Medium,Medium,20.74,Yes
SV500956,29,22.7,20.4,47.7,3.2,1,1.0,12.99,10,Family,Mobile,Credit Card,False,False,False,True,High,Medium,-14.15,No
SV503234,29,21.6,3.0,54.5,3.5,1,0.0,15.99,20,Standard,Mobile,Credit Card,True,True,False,False,Low,High,16.24,Yes
SV502869,40,21.9,7.9,74.7,4.8,4,0.0,12.99,0,Standard,Laptop,Credit Card,True,False,True,False,Medium,High,-5.33,No
SV503880,29,26.0,12.7,47.2,3.7,5,0.0,12.99,30,Basic,Mobile,PayPal,True,False,False,True,Medium,High,9.4,Yes
SV500877,32,2.4,11.8,37.6,8.7,5,1.0,12.99,20,Standard,Mobile,Gift Card,True,False,False,True,Medium,High,-3.83,No
SV501919,18,34.6,6.1,46.6,4.6,1,0.0,15.99,0,Basic,Tablet,Credit Card,True,False,True,True,Low,High,14.79,Yes
SV502961,34,15.1,13.0,47.2,15.8,3,2.0,19.99,0,Premium,SmartTV,PayPal,True,False,False,True,High,Medium,-17.67,No
SV501884,16,19.4,18.8,41.8,2.9,4,3.0,15.99,0,Family,Mobile,PayPal,True,False,False,True,High,Low,-0.37,No
SV502200,28,28.7,5.4,24.1,9.8,1,0.0,19.99,0,Basic,SmartTV,PayPal,True,False,True,True,Medium,High,13.56,Yes
SV500098,38,7.2,2.9,61.4,4.4,5,4.0,8.99,0,Basic,SmartTV,Credit Card,True,False,False,False,Medium,Low,30.6,Yes
SV503769,42,20.9,16.4,42.4,13.0,5,0.0,19.99,20,Basic,SmartTV,Credit Card,True,False,False,False,Medium,High,5.74,Yes
SV502557,43,13.0,4.4,27.3,1.6,5,0.0,19.99,0,Standard,SmartTV,Gift Card,True,False,False,True,Medium,High,7.23,Yes
SV503183,40,35.9,11.2,65.7,26.2,4,0.0,12.99,10,Basic,SmartTV,Credit Card,False,False,True,True,High,High,15.07,Yes
SV503298,29,6.1,8.4,14.1,23.2,1,2.0,19.99,0,Family,Mobile,PayPal,True,False,True,False,Medium,High,-4.94,No
SV500253,23,31.5,6.0,47.3,47.7,4,1.0,12.99,20,Family,Mobile,Gift Card,False,False,False,False,Low,Medium,48.43,Yes
SV500103,42,12.2,3.1,58.9,3.5,2,1.0,15.99,10,Premium,Mobile,Credit Card,True,False,False,False,Medium,Medium,16.23,Yes
SV501445,37,17.0,3.4,27.8,2.4,4,0.0,8.99,0,Basic,Mobile,Credit Card,True,False,True,False,Medium,High,16.57,Yes
SV501443,50,12.5,18.2,32.5,4.9,3,0.0,8.99,0,Premium,Laptop,Debit Card,False,True,True,True,High,High,-33.91,No
SV501648,32,12.3,26.4,41.6,6.7,1,0.0,12.99,0,Standard,Mobile,Credit Card,False,True,False,True,High,High,-15.95,No
SV500586,21,14.4,13.7,64.6,7.2,5,0.0,15.99,30,Basic,Laptop,PayPal,True,True,True,True,High,High,7.94,Yes
SV500627,49,8.3,8.0,56.2,1.4,1,0.0,15.99,10,Family,Mobile,Credit Card,True,False,False,True,Medium,High,-4.29,No
SV501696,29,19.9,8.8,66.5,7.7,5,1.0,12.99,0,Standard,SmartTV,Debit Card,True,False,True,True,Medium,Medium,6.65,Yes
SV503191,25,5.4,9.9,15.2,1.1,5,1.0,15.99,30,Basic,Tablet,Credit Card,True,False,False,True,Medium,Medium,5.88,Yes
SV502101,16,4.6,15.9,46.9,5.6,4,0.0,19.99,0,Family,Mobile,Debit Card,False,False,False,True,Medium,High,10.11,Yes
SV502199,25,24.0,6.2,14.9,34.9,4,0.0,12.99,50,Basic,SmartTV,PayPal,True,True,True,False,Medium,High,22.21,Yes
SV500403,30,13.9,7.0,78.5,8.0,2,0.0,15.99,10,Standard,Mobile,Debit Card,True,True,True,False,High,High,-10.91,No
SV501154,42,4.7,4.2,38.4,4.0,2,1.0,15.99,0,Premium,Laptop,Credit Card,False,True,False,False,Low,High,7.46,Yes
SV502255,21,14.4,7.5,19.8,15.6,1,,12.99,0,Basic,SmartTV,Credit Card,True,False,True,False,Medium,High,7.23,Yes
SV502863,68,0.5,0.7,24.0,5.0,4,0.0,19.99,0,Basic,SmartTV,PayPal,True,False,False,False,Low,High,42.13,Yes
SV501682,28,15.9,3.9,76.4,0.1,3,2.0,19.99,0,Premium,Mobile,PayPal,False,False,True,False,Low,High,-0.07,No
SV503170,46,3.2,7.9,42.3,7.6,4,2.0,12.99,0,Standard,Laptop,Credit Card,True,False,False,True,Medium,High,10.88,Yes
SV503741,26,6.9,11.9,74.9,3.0,4,1.0,12.99,0,Standard,SmartTV,PayPal,True,False,True,False,High,High,-27.19,No
SV502056,29,12.7,5.9,64.5,2.9,4,2.0,8.99,20,Standard,Mobile,Credit Card,True,False,False,False,Low,High,-10.68,No
SV503062,61,8.1,9.7,63.0,1.2,1,1.0,15.99,0,Family,Mobile,PayPal,True,True,False,True,Medium,High,-19.23,No
SV503791,51,16.3,17.1,58.9,2.6,1,0.0,12.99,10,Basic,Mobile,Debit Card,True,True,False,True,High,High,-33.77,No
SV503108,20,30.1,3.4,62.7,5.1,3,,19.99,0,Basic,Laptop,Credit Card,False,True,False,True,Medium,High,-22.56,No
SV500452,55,22.5,6.4,4.3,14.9,3,,15.99,20,Basic,SmartTV,Debit Card,True,True,False,False,High,High,-6.17,No
SV502301,24,12.9,7.4,65.8,6.4,3,2.0,8.99,0,Basic,Mobile,Debit Card,False,False,True,False,Medium,High,10.47,Yes
SV501327,17,26.7,10.4,50.7,25.5,2,1.0,8.99,0,Premium,Laptop,PayPal,False,True,False,True,Medium,High,2.62,No
SV502944,33,11.2,1.5,58.2,6.4,4,1.0,12.99,0,Basic,Laptop,Credit Card,False,False,True,False,Low,High,5.82,Yes
SV502049,22,5.4,2.5,37.5,9.6,3,0.0,8.99,0,Family,SmartTV,Credit Card,True,True,False,True,Low,High,-20.78,No
SV500880,36,21.9,8.7,72.7,12.2,5,1.0,12.99,0,Family,Laptop,Gift Card,True,True,False,True,Medium,Medium,18.33,Yes
SV503643,27,46.4,5.0,,5.9,5,0.0,8.99,20,Standard,Mobile,Debit Card,True,True,False,True,Low,High,-1.06,No
SV503886,23,3.3,8.3,80.9,26.0,3,2.0,8.99,0,Basic,SmartTV,PayPal,True,False,False,True,Low,Medium,25.61,Yes
SV500623,27,53.5,4.0,49.4,30.5,5,2.0,8.99,30,Premium,SmartTV,Credit Card,False,False,True,False,Medium,High,22.19,Yes
SV502393,37,43.8,3.2,59.6,2.0,1,2.0,15.99,0,Premium,Mobile,PayPal,True,True,False,True,Low,Medium,6.72,Yes
SV503690,42,1.8,18.0,39.7,11.7,4,0.0,12.99,10,Family,SmartTV,Credit Card,True,False,False,True,High,High,-31.2,No
SV501787,16,14.8,3.6,20.5,0.1,4,0.0,8.99,20,Premium,Mobile,Credit Card,True,False,False,True,Medium,High,-45.63,No
SV500262,37,2.5,3.6,91.5,15.5,3,0.0,12.99,0,Standard,SmartTV,Credit Card,True,True,False,False,Medium,High,15.93,Yes
SV501634,37,21.2,3.5,50.7,6.6,4,3.0,12.99,0,Premium,Mobile,PayPal,True,False,True,False,High,High,-32.41,No
SV503369,35,4.2,3.5,66.1,5.2,1,2.0,19.99,20,Standard,Laptop,Credit Card,True,True,True,True,Low,Low,25.56,Yes
SV501438,20,32.9,1.9,43.0,20.4,1,2.0,15.99,10,Standard,SmartTV,Credit Card,True,False,True,False,Low,High,-2.85,No
SV502198,32,7.7,9.7,79.3,7.4,2,1.0,8.99,20,Premium,Mobile,Debit Card,False,False,False,True,Medium,High,-17.11,No
SV501969,43,2.8,1.3,30.0,1.4,3,2.0,8.99,0,Premium,SmartTV,PayPal,True,False,True,False,Low,Medium,45.81,Yes
SV502520,32,20.5,12.8,16.7,16.8,2,0.0,8.99,10,Basic,Mobile,PayPal,True,False,False,True,Medium,High,-13.1,No
SV501802,31,14.8,5.1,69.3,4.3,3,1.0,19.99,0,Premium,SmartTV,PayPal,True,False,False,False,Medium,High,-7.06,No
SV500640,18,3.4,7.0,8.1,4.1,2,1.0,8.99,0,Basic,SmartTV,Credit Card,True,True,False,True,Low,High,7.47,Yes
SV503982,30,4.7,15.5,45.1,8.5,1,3.0,12.99,0,Family,Mobile,Debit Card,True,True,False,False,High,Medium,-11.04,No
SV502385,27,11.3,5.6,31.6,9.3,3,1.0,19.99,20,Family,Tablet,Gift Card,False,False,True,False,Medium,High,4.42,No
SV502598,16,9.9,9.5,62.8,36.4,3,3.0,12.99,0,Premium,Laptop,Gift Card,False,False,True,False,High,High,22.01,Yes
SV503885,35,15.1,19.9,44.8,6.8,2,0.0,12.99,0,Basic,SmartTV,Credit Card,True,True,False,False,High,High,-10.38,No
SV501959,28,8.0,5.1,40.9,3.1,1,1.0,15.99,10,Premium,Mobile,Credit Card,True,False,False,False,Low,High,-9.1,No
SV502976,25,20.5,3.6,42.7,9.9,3,0.0,8.99,0,Basic,SmartTV,Debit Card,True,False,False,True,Low,High,-14.18,No
SV500488,25,8.6,2.1,40.2,15.0,2,1.0,12.99,0,Standard,Laptop,Credit Card,True,True,True,True,High,Medium,-23.09,No
SV501843,18,10.2,9.0,45.8,9.5,2,2.0,15.99,0,Standard,Mobile,Debit Card,False,False,False,True,Medium,Low,-0.38,No
SV501734,28,17.4,13.3,33.5,12.3,3,2.0,12.99,0,Standard,Mobile,Credit Card,True,False,False,True,High,Medium,-27.29,No
SV502911,55,2.0,4.5,53.7,37.0,3,0.0,8.99,10,Standard,SmartTV,Gift Card,True,True,False,True,Medium,Medium,16.27,Yes
SV503219,45,13.7,3.8,62.0,3.4,3,2.0,15.99,0,Basic,Mobile,Debit Card,False,True,False,False,Medium,High,-1.61,No
SV500146,27,13.5,11.2,39.3,2.7,4,0.0,15.99,30,Standard,Tablet,Credit Card,False,False,False,True,High,High,-16.76,No
SV501534,56,20.7,83.1,51.5,4.6,4,1.0,15.99,20,Standard,Mobile,Debit Card,False,False,False,True,Medium,High,-10.23,No
SV501986,36,11.1,4.0,41.8,0.7,5,0.0,15.99,0,Family,Laptop,Gift Card,True,False,False,True,Medium,High,5.01,Yes
SV501369,45,23.0,3.8,58.7,2.8,4,1.0,15.99,20,Family,Mobile,Gift Card,True,False,False,False,Medium,,5.71,Yes
SV502450,28,23.3,10.2,72.1,6.6,1,2.0,12.99,0,Premium,SmartTV,Credit Card,True,True,True,True,Medium,Medium,1.36,No
SV503912,29,16.4,6.0,56.5,2.9,3,1.0,15.99,0,Premium,SmartTV,Gift Card,True,False,True,True,Medium,Low,0.91,No
SV503002,56,34.8,6.5,42.1,84.2,4,0.0,12.99,0,Basic,Mobile,PayPal,True,False,False,False,High,High,-29.25,No
SV502811,30,18.1,1.1,32.4,6.6,5,1.0,15.99,30,Standard,SmartTV,Credit Card,True,False,False,False,Low,High,9.77,Yes
SV500659,30,40.3,2.3,51.0,18.5,3,1.0,8.99,0,Standard,Laptop,Debit Card,True,True,True,False,Low,High,-22.2,No
SV501794,16,10.6,2.2,54.0,2.6,3,0.0,15.99,0,Premium,Mobile,Gift Card,True,False,True,False,Low,High,-2.44,No
SV503420,34,5.1,11.7,48.1,9.4,4,2.0,12.99,30,Premium,Mobile,Debit Card,True,False,True,False,Medium,Medium,4.12,No
SV502511,53,16.2,12.5,90.5,0.6,3,2.0,15.99,0,Basic,Mobile,Debit Card,True,True,True,True,High,Medium,25.76,Yes
SV503397,31,12.4,3.9,64.0,8.1,2,0.0,12.99,0,Standard,SmartTV,Debit Card,True,True,False,True,Medium,High,-3.79,No
SV500186,36,13.5,5.4,60.0,1.3,3,2.0,8.99,0,Basic,SmartTV,Credit Card,True,True,False,True,Medium,Medium,9.75,Yes
SV501147,30,23.5,15.4,45.3,3.8,1,1.0,15.99,50,Basic,Mobile,Debit Card,True,False,False,False,Medium,High,-11.65,No
SV503272,103,7.2,6.9,31.8,10.0,5,1.0,12.99,20,Family,SmartTV,PayPal,True,False,False,False,Medium,High,-19.0,No
SV500608,16,5.0,3.6,42.1,19.9,1,0.0,12.99,0,Basic,SmartTV,PayPal,True,True,False,True,Medium,High,23.95,Yes
SV502191,24,25.9,8.2,30.1,36.0,2,,19.99,0,Standard,SmartTV,Credit Card,True,False,True,True,Medium,High,-14.04,No
SV502799,27,44.3,5.0,62.4,2.0,3,3.0,12.99,10,Basic,Mobile,PayPal,True,False,True,True,Medium,High,14.87,Yes
SV503582,35,15.7,7.2,40.5,0.1,1,1.0,8.99,0,Standard,SmartTV,Credit Card,True,False,False,True,Medium,Medium,-3.26,No
SV501930,16,9.4,4.2,68.4,7.0,5,3.0,12.99,30,Standard,SmartTV,Gift Card,True,False,True,True,Medium,Medium,1.76,No
SV503029,37,15.9,17.0,66.8,2.4,4,0.0,15.99,20,Family,Laptop,Credit Card,True,False,False,True,High,High,-31.64,No
SV500197,30,17.2,5.4,41.5,3.2,3,2.0,19.99,10,Basic,Laptop,Debit Card,True,False,False,True,Medium,High,9.45,Yes
SV503681,40,17.2,20.2,96.7,51.3,5,3.0,8.99,20,Premium,Mobile,Debit Card,True,True,True,False,High,Medium,-15.75,No
SV502931,44,18.1,3.7,46.4,13.0,4,3.0,15.99,0,Basic,Tablet,Credit Card,False,False,False,True,Medium,Low,39.52,Yes
SV502327,50,32.3,8.7,35.2,7.9,2,0.0,8.99,0,Standard,SmartTV,PayPal,True,False,True,True,Medium,High,-22.99,No
SV500293,16,6.8,3.3,16.4,3.4,2,1.0,12.99,0,Standard,SmartTV,PayPal,True,True,False,True,Medium,High,-11.83,No
SV500766,35,15.9,0.9,60.7,3.0,3,1.0,15.99,30,Standard,Laptop,Gift Card,True,False,False,True,Medium,High,-15.74,No
SV500400,32,3.2,4.0,41.2,0.7,2,0.0,12.99,0,Basic,Mobile,Credit Card,True,True,False,False,Low,High,25.55,Yes
SV500122,36,5.4,7.8,68.2,12.6,5,2.0,15.99,0,Standard,SmartTV,PayPal,True,True,False,True,Medium,Medium,9.0,Yes
SV503255,97,4.3,1.9,49.9,15.2,1,2.0,8.99,10,Premium,Laptop,PayPal,True,True,True,True,Low,High,6.15,Yes
SV500202,35,14.4,15.9,68.7,8.5,1,0.0,12.99,50,Standard,Mobile,Debit Card,False,True,False,False,High,High,-26.33,No
SV503510,40,14.3,13.2,49.0,15.9,1,0.0,15.99,0,Standard,SmartTV,Credit Card,True,True,True,True,High,High,-21.03,No
SV500835,24,9.5,7.6,43.6,0.0,5,1.0,15.99,20,Family,SmartTV,Debit Card,True,True,False,True,Low,High,-16.19,No
SV502294,47,11.3,4.0,80.5,17.6,4,3.0,8.99,0,Standard,Mobile,Credit Card,True,False,False,False,Low,Medium,-11.15,No
SV501439,46,13.5,17.4,57.2,21.4,2,0.0,8.99,0,Basic,Laptop,Credit Card,True,True,True,True,High,High,-29.85,No
SV501733,18,16.8,8.8,26.4,5.3,4,0.0,8.99,20,Premium,Laptop,Credit Card,False,False,False,False,High,High,-25.52,No
SV501695,39,13.8,10.0,69.7,5.8,1,0.0,15.99,0,Premium,Mobile,Gift Card,True,False,False,True,Medium,Medium,-15.33,No
SV503899,38,13.9,7.7,5.8,0.2,3,1.0,15.99,20,Family,Laptop,Credit Card,True,True,False,True,Medium,Medium,10.26,Yes
SV501707,37,7.8,1.8,40.1,6.6,2,5.0,12.99,0,Premium,Laptop,Credit Card,False,True,False,False,Medium,Low,36.55,Yes
SV503878,20,2.6,19.6,30.3,9.0,1,3.0,15.99,0,Standard,Mobile,Debit Card,True,True,False,False,High,Medium,-7.17,No
SV501153,28,5.2,5.8,52.8,9.2,2,0.0,19.99,10,Premium,SmartTV,PayPal,True,False,False,False,Medium,High,-1.12,No
SV501661,22,26.9,4.6,18.9,1.7,4,0.0,15.99,20,Standard,Laptop,Credit Card,True,False,False,False,Low,High,-0.52,No
SV503474,20,15.0,5.4,37.9,7.4,5,1.0,12.99,30,Standard,Laptop,Gift Card,False,True,True,True,High,High,-6.59,No
SV502432,23,41.7,5.0,76.8,42.3,3,1.0,19.99,0,Basic,SmartTV,Credit Card,True,False,True,False,Low,,34.44,Yes
SV503750,31,6.8,5.8,25.2,6.4,3,0.0,12.99,0,Standard,SmartTV,Credit Card,True,False,False,False,High,Medium,-10.16,No
SV501759,35,21.2,7.3,35.4,3.6,3,2.0,12.99,30,Basic,Laptop,Gift Card,False,False,False,False,Low,High,12.69,Yes
SV500854,37,12.1,7.6,13.2,8.3,1,1.0,15.99,0,Basic,SmartTV,PayPal,True,False,False,True,Medium,High,-28.73,No
SV501589,29,13.8,5.1,27.8,9.3,1,0.0,8.99,20,Basic,Tablet,Debit Card,False,True,False,True,Low,High,-7.89,No
SV502267,32,17.5,4.0,17.7,3.1,3,1.0,12.99,20,Premium,SmartTV,PayPal,True,False,False,False,Low,High,-13.56,No
SV500641,42,25.4,7.0,41.6,1.8,5,4.0,12.99,0,Basic,Mobile,PayPal,True,False,False,False,Low,Low,38.72,Yes
SV500001,23,18.4,7.4,18.7,4.8,1,0.0,15.99,0,Standard,Laptop,Gift Card,False,True,False,False,Medium,High,-4.91,No
SV502160,28,13.9,10.4,63.3,0.7,2,2.0,8.99,20,Family,Tablet,Credit Card,True,False,False,True,High,High,-31.95,No
SV500698,24,19.9,8.2,31.6,6.2,3,1.0,19.99,0,Premium,Mobile,PayPal,True,True,False,False,Medium,,-1.7,No
SV503913,19,2.7,15.6,44.0,11.3,1,2.0,12.99,20,Basic,Mobile,Debit Card,False,True,False,True,High,High,-25.76,No
SV502999,30,7.9,7.3,29.1,4.1,2,0.0,15.99,10,Basic,Mobile,Debit Card,True,False,False,True,Medium,High,-0.52,No
SV503696,26,9.8,1.8,92.5,5.1,5,2.0,15.99,0,Basic,SmartTV,Credit Card,False,False,False,False,Low,High,7.95,Yes
SV501636,16,21.0,7.5,32.3,0.9,2,2.0,8.99,10,Standard,Tablet,PayPal,True,False,True,False,Medium,High,11.96,Yes
SV503184,42,30.4,9.4,18.7,4.3,4,1.0,12.99,0,Standard,SmartTV,Debit Card,True,False,True,True,High,High,-25.17,No
SV503458,31,42.2,16.0,51.7,12.0,2,0.0,12.99,10,Basic,SmartTV,Debit Card,True,False,False,False,Medium,High,-2.53,No
SV503457,24,32.4,4.8,,7.0,2,0.0,15.99,0,Basic,SmartTV,PayPal,True,True,True,False,Medium,High,33.58,Yes
SV503581,57,6.1,14.9,47.8,0.0,4,1.0,12.99,50,Basic,Mobile,PayPal,False,False,False,True,High,High,-9.69,No
SV501291,29,22.9,1.4,41.0,13.2,5,0.0,15.99,10,Premium,Laptop,Debit Card,True,True,False,False,Medium,High,-1.81,No
SV503805,16,50.6,20.6,78.3,0.4,1,0.0,12.99,0,Standard,SmartTV,Credit Card,False,False,False,True,High,High,-24.95,No
SV502489,34,38.7,3.1,53.9,0.2,1,0.0,12.99,0,Basic,Mobile,Credit Card,False,True,False,False,Medium,High,-7.5,No
SV501520,20,7.3,3.0,55.7,8.3,1,0.0,12.99,0,Standard,Laptop,Debit Card,True,False,True,True,Low,High,-1.31,No
SV501853,41,30.5,10.7,17.4,3.1,4,0.0,12.99,0,Standard,SmartTV,Debit Card,True,True,False,False,Medium,High,-7.66,No
SV501136,35,9.4,28.0,57.7,15.6,1,0.0,8.99,50,Premium,Mobile,Gift Card,True,False,False,True,High,High,-18.74,No
SV503304,68,15.8,3.2,43.6,20.2,3,0.0,15.99,0,Standard,Laptop,Gift Card,False,True,True,False,Low,High,7.21,Yes
SV503862,21,31.7,13.2,78.4,7.9,4,2.0,15.99,0,Family,SmartTV,Credit Card,True,False,False,False,Medium,Medium,6.74,Yes
SV501631,25,10.6,2.8,25.5,0.4,5,2.0,12.99,20,Basic,Mobile,Gift Card,True,False,True,False,Medium,High,12.09,Yes
SV503743,41,14.9,1.6,47.3,2.1,2,1.0,12.99,0,Standard,Laptop,Credit Card,False,False,False,False,Low,Medium,-2.68,No
SV503445,30,17.0,14.4,31.3,18.6,3,2.0,12.99,0,Basic,Mobile,Credit Card,False,False,True,False,High,High,-2.99,No
SV501998,28,2.7,4.0,33.9,4.7,3,1.0,8.99,0,Family,Laptop,PayPal,True,True,True,True,Medium,High,-27.84,No
SV500663,30,21.5,22.6,60.1,8.1,2,1.0,19.99,30,Basic,SmartTV,Credit Card,True,False,False,False,High,High,-6.85,No
SV500683,28,12.8,1.1,36.3,5.8,5,0.0,8.99,0,Standard,SmartTV,Credit Card,True,True,False,True,Medium,Low,-11.37,No
SV501257,34,9.4,1.1,43.8,2.7,5,2.0,19.99,0,Basic,SmartTV,Credit Card,True,True,False,True,Low,Medium,10.87,Yes
SV503766,44,22.6,7.9,70.7,29.6,1,1.0,12.99,20,Basic,SmartTV,PayPal,True,False,True,False,Low,High,0.51,No
SV503748,26,19.9,4.6,59.8,13.7,5,1.0,8.99,0,Standard,Laptop,Credit Card,True,False,True,True,Low,High,9.42,Yes
SV500317,26,14.5,5.4,90.0,3.8,1,2.0,8.99,0,Premium,Mobile,PayPal,True,True,False,True,Medium,Medium,-25.77,No
SV500648,36,6.2,6.5,62.5,0.4,3,2.0,8.99,0,Family,Mobile,Debit Card,True,False,False,False,Medium,High,-7.11,No
SV501434,37,11.9,7.2,43.1,1.5,3,1.0,19.99,10,Premium,Laptop,PayPal,False,True,True,False,Low,High,0.72,No
SV501479,53,29.0,11.6,14.3,0.7,1,1.0,8.99,30,Premium,SmartTV,Credit Card,False,False,False,True,Medium,High,-29.71,No
SV500709,41,4.3,6.6,38.5,19.7,3,0.0,8.99,0,Standard,Tablet,Credit Card,True,False,False,False,Low,High,7.84,Yes
SV503430,16,7.7,8.4,63.9,2.6,4,0.0,8.99,10,Premium,Mobile,Credit Card,True,False,False,False,Medium,High,-33.68,No
SV501282,16,10.3,2.4,33.8,5.3,5,0.0,12.99,10,Basic,SmartTV,Debit Card,True,True,True,False,Low,High,26.97,Yes
SV501768,24,10.9,15.1,31.9,13.9,3,0.0,8.99,0,Premium,Mobile,Credit Card,True,True,True,True,High,High,-36.07,No
SV500972,36,23.0,2.1,51.3,31.8,5,1.0,12.99,10,Basic,Laptop,Debit Card,True,True,False,False,Medium,High,-2.04,No
SV502675,38,22.2,7.1,37.5,18.1,1,4.0,12.99,10,Basic,Mobile,Debit Card,True,False,False,True,High,Medium,-5.17,No
SV502680,48,72.0,1.7,42.2,4.0,2,3.0,15.99,50,Family,SmartTV,Credit Card,True,False,False,True,Medium,Low,25.29,Yes
SV501306,23,13.4,5.1,84.7,2.3,4,1.0,15.99,0,Basic,Mobile,Credit Card,False,True,False,True,Low,High,2.44,No
SV501400,47,11.3,6.3,40.6,0.3,3,0.0,15.99,30,Premium,SmartTV,Debit Card,False,False,True,True,Low,High,-6.24,No
SV501408,34,15.6,11.9,67.5,9.9,4,1.0,12.99,30,Standard,Laptop,Credit Card,True,True,True,True,Medium,High,-24.58,No
SV503296,39,12.5,4.1,57.8,1.0,2,1.0,8.99,30,Premium,SmartTV,PayPal,True,False,False,False,Medium,High,-20.82,No
SV502237,33,18.4,14.2,61.7,11.9,3,3.0,12.99,0,Standard,SmartTV,Debit Card,True,True,False,True,High,High,-19.65,No
SV503302,44,18.6,3.0,55.8,0.9,2,1.0,12.99,30,Premium,SmartTV,Credit Card,False,True,False,False,Low,High,-7.98,No
SV501496,38,9.7,3.8,45.2,10.1,2,2.0,8.99,0,Family,Mobile,Credit Card,True,False,True,True,Medium,High,-41.51,No
SV503419,48,41.9,3.2,66.0,4.1,5,1.0,12.99,0,Basic,Tablet,Credit Card,True,False,False,True,Low,High,12.26,Yes
SV502038,23,8.7,1.8,49.7,5.1,1,,8.99,20,Basic,Mobile,Credit Card,False,False,True,True,Low,High,3.42,No
SV501529,41,2.3,4.4,71.6,29.3,5,1.0,12.99,0,Standard,SmartTV,Debit Card,True,False,False,True,Medium,High,-4.45,No
SV501663,54,10.3,10.2,73.6,1.7,1,2.0,15.99,0,Premium,SmartTV,Debit Card,True,False,False,False,Medium,High,1.63,No
SV501354,55,6.0,3.7,,9.6,2,3.0,15.99,20,Basic,SmartTV,PayPal,True,False,False,True,Medium,Low,33.48,Yes
SV503895,16,4.8,8.2,41.3,7.7,3,2.0,19.99,0,Family,Mobile,PayPal,True,False,False,False,Medium,Low,29.56,Yes
SV503923,41,32.8,8.8,59.3,10.7,2,1.0,12.99,0,Premium,SmartTV,Debit Card,False,True,True,True,Medium,High,-15.2,No
SV503627,24,3.1,1.3,8.0,13.7,2,1.0,19.99,0,Family,Mobile,Credit Card,False,True,True,True,Medium,High,32.78,Yes
SV501643,41,40.9,13.5,50.8,32.2,4,1.0,8.99,0,Family,Laptop,Gift Card,True,False,False,False,High,Medium,-6.19,No
SV501051,32,17.7,8.1,26.8,4.9,1,0.0,15.99,10,Standard,Tablet,Debit Card,True,False,False,False,Medium,High,-13.43,No
SV500795,33,32.2,3.4,31.2,4.2,2,0.0,8.99,30,Premium,SmartTV,Credit Card,True,True,False,True,Medium,High,-24.85,No
SV502693,30,12.7,22.1,47.0,17.9,5,0.0,15.99,10,Family,Tablet,Debit Card,False,False,False,False,High,High,-28.52,No
SV503060,47,18.5,1.8,41.8,6.9,3,1.0,15.99,0,Standard,Mobile,Debit Card,True,True,False,True,Low,High,9.88,Yes
SV501597,37,6.3,2.3,40.1,1.7,5,1.0,19.99,30,Basic,Mobile,Credit Card,False,False,False,False,Low,Medium,6.65,Yes
SV502604,47,16.4,4.5,3.0,16.2,1,1.0,15.99,10,Standard,Mobile,Credit Card,True,True,False,True,Low,High,7.87,Yes
SV502729,20,6.4,13.1,43.1,2.0,3,0.0,8.99,50,Standard,Mobile,Debit Card,True,False,False,False,High,High,-12.79,No
SV502625,32,6.4,11.8,52.8,4.2,4,0.0,15.99,10,Family,Mobile,Credit Card,True,True,False,False,Medium,High,0.32,No
SV501819,31,7.3,2.1,54.0,9.4,5,1.0,15.99,0,Basic,Laptop,Debit Card,False,True,False,False,Low,High,8.09,Yes
SV503157,31,7.6,6.5,67.6,6.5,2,2.0,8.99,0,Family,Mobile,Credit Card,True,True,False,True,Medium,High,-21.83,No
SV503314,46,48.1,3.4,25.8,2.7,4,3.0,12.99,0,Basic,Mobile,PayPal,True,True,True,True,Medium,Medium,14.31,Yes
SV501722,27,34.7,4.0,66.6,13.0,1,2.0,12.99,30,Basic,Mobile,PayPal,True,False,False,False,Medium,Medium,-0.21,No
SV501183,41,26.5,12.8,88.9,16.5,1,3.0,19.99,10,Standard,SmartTV,Credit Card,True,True,False,True,High,High,-28.72,No
SV502572,50,11.1,4.5,48.4,4.9,5,1.0,19.99,0,Standard,Mobile,Debit Card,True,False,True,True,Low,High,-11.05,No
SV501059,39,12.2,6.3,21.1,5.3,1,2.0,12.99,20,Family,Tablet,Credit Card,True,False,False,False,Low,Medium,2.47,No
SV500540,16,8.4,9.0,17.8,0.2,4,2.0,12.99,10,Basic,Laptop,PayPal,True,False,True,True,High,Medium,18.07,Yes
SV503242,37,16.2,5.7,,2.4,3,1.0,12.99,0,Premium,Laptop,Credit Card,False,True,False,True,Low,High,-11.06,No
SV501678,26,11.2,2.6,54.9,3.8,5,2.0,12.99,0,Standard,SmartTV,Credit Card,True,False,False,False,High,Medium,-0.28,No
SV502796,40,28.7,5.9,74.7,3.8,2,1.0,15.99,0,Basic,Tablet,Debit Card,True,True,False,False,Low,High,-17.98,No
SV503850,41,14.1,3.1,32.0,4.9,4,0.0,8.99,0,Standard,SmartTV,Gift Card,True,False,False,False,Medium,High,9.24,Yes
SV503478,47,22.0,33.5,101.6,17.6,4,1.0,12.99,20,Standard,Tablet,Debit Card,False,False,False,True,High,High,-44.09,No
SV502532,37,9.2,3.1,46.5,1.6,4,1.0,15.99,20,Basic,Mobile,Credit Card,True,False,False,False,Medium,High,2.99,No
SV501757,59,3.4,2.0,51.3,1.1,4,0.0,12.99,0,Family,Tablet,Credit Card,True,False,False,True,Medium,Medium,32.04,Yes
SV501923,46,30.4,2.8,,1.6,3,1.0,12.99,0,Premium,Tablet,Gift Card,False,True,False,False,Medium,High,-3.92,No
SV500095,18,55.6,4.5,41.2,15.9,4,0.0,12.99,0,Standard,SmartTV,Debit Card,True,False,False,True,Medium,Medium,-7.29,No
SV501020,38,19.4,5.1,10.5,5.5,3,1.0,8.99,0,Standard,Mobile,Credit Card,False,False,False,False,Medium,High,-18.12,No
SV500563,26,43.4,3.5,79.5,0.6,1,1.0,12.99,0,Standard,Mobile,PayPal,True,False,False,True,Low,High,8.27,Yes
SV503312,32,9.2,8.3,77.3,6.0,2,2.0,12.99,20,Premium,Mobile,Debit Card,True,False,True,True,Low,Medium,20.66,Yes
SV502790,50,41.6,2.1,,0.4,2,,8.99,0,Basic,SmartTV,Credit Card,True,False,False,False,Low,High,-8.54,No
SV500863,35,27.5,8.7,40.9,7.4,4,1.0,8.99,0,Standard,SmartTV,Credit Card,True,False,False,True,Medium,Medium,3.21,No
SV503646,50,8.6,9.3,74.0,3.4,5,1.0,15.99,20,Standard,SmartTV,Credit Card,True,False,False,True,Medium,High,-9.72,No
SV503762,37,10.7,14.7,58.7,1.9,5,0.0,8.99,0,Basic,Mobile,PayPal,True,True,False,True,High,High,-26.52,No
SV501484,43,39.1,3.2,53.1,18.4,1,1.0,19.99,0,Standard,SmartTV,Debit Card,True,False,False,False,Low,High,18.45,Yes
SV502939,26,2.9,8.0,67.7,33.0,3,2.0,15.99,20,Standard,SmartTV,Credit Card,True,True,False,False,Low,Medium,16.83,Yes
SV503625,56,22.2,11.1,68.6,11.0,5,2.0,12.99,50,Basic,Laptop,Credit Card,False,False,False,False,Medium,Medium,9.14,Yes
SV501881,50,31.0,5.9,51.3,4.6,2,2.0,12.99,0,Premium,Tablet,Credit Card,False,False,False,False,Low,Low,0.38,No
SV501038,43,43.3,8.2,42.9,0.5,4,2.0,15.99,20,Standard,Mobile,Credit Card,False,True,True,False,Medium,High,1.92,No
SV500206,25,14.4,6.9,,1.3,2,3.0,8.99,0,Family,Mobile,PayPal,True,True,False,False,Medium,Low,32.91,Yes
SV500392,29,17.4,132.6,38.9,0.1,4,0.0,8.99,30,Basic,Mobile,Credit Card,True,True,True,True,Low,High,7.7,Yes
SV502842,40,15.6,8.6,41.7,22.3,1,0.0,12.99,0,Premium,Mobile,Credit Card,True,True,True,False,High,High,-16.14,No
SV500870,37,16.8,5.0,51.9,2.6,3,,12.99,0,Basic,Mobile,PayPal,True,False,False,True,Low,Medium,7.5,Yes
SV500397,37,15.4,1.0,24.0,1.2,5,1.0,8.99,0,Standard,Mobile,Gift Card,True,True,True,True,Low,High,4.99,No
SV502814,34,34.5,5.7,30.6,5.9,4,0.0,15.99,20,Standard,SmartTV,Debit Card,True,False,False,True,Medium,Medium,-5.67,No
SV503839,32,11.1,15.1,75.7,0.8,5,1.0,12.99,0,Basic,Mobile,Credit Card,True,True,False,True,High,High,-25.57,No
SV503289,23,9.2,13.7,53.1,1.6,4,2.0,19.99,50,Basic,Laptop,PayPal,True,False,False,True,High,Medium,-9.81,No
SV501028,34,27.7,1.2,59.9,10.1,4,0.0,8.99,0,Premium,Laptop,PayPal,False,False,False,False,Low,High,-10.97,No
SV502690,20,20.3,3.7,37.2,30.8,3,1.0,12.99,0,Standard,Tablet,Debit Card,True,False,False,False,Medium,High,-3.03,No
SV501485,25,38.8,12.6,86.5,5.3,3,2.0,8.99,0,Basic,Tablet,PayPal,True,True,True,False,Low,Low,21.84,Yes
SV502660,23,20.4,10.4,68.5,18.9,2,1.0,19.99,30,Standard,Mobile,Debit Card,False,False,False,True,Low,High,7.77,Yes
SV503810,37,8.8,6.6,32.8,15.4,3,1.0,8.99,0,Basic,Mobile,Gift Card,True,False,True,True,Low,High,16.47,Yes
SV500960,52,45.1,5.4,52.8,2.9,4,3.0,19.99,0,Premium,Mobile,Credit Card,True,True,False,True,Low,Low,48.28,Yes
SV501570,34,20.4,14.9,17.5,12.1,3,2.0,12.99,10,Standard,Laptop,Gift Card,True,True,True,True,High,High,-16.6,No
SV502773,32,36.5,7.0,22.7,0.4,1,0.0,12.99,0,Family,Mobile,Debit Card,True,True,False,True,Medium,Medium,-18.05,No
SV501895,28,29.3,9.9,37.4,3.3,3,0.0,12.99,20,Standard,Mobile,Debit Card,True,False,True,True,High,Medium,-7.38,No
SV502731,20,14.8,18.0,28.2,13.6,5,2.0,8.99,20,Family,SmartTV,Credit Card,True,False,False,False,High,,-34.58,No
SV502146,24,9.8,3.5,29.1,2.2,3,0.0,12.99,0,Basic,Tablet,Credit Card,True,False,False,False,Low,High,-9.25,No
SV500804,48,28.7,1.5,49.1,22.7,2,0.0,15.99,0,Standard,Mobile,Credit Card,True,False,True,True,Low,High,12.69,Yes
SV501751,27,7.5,13.4,69.0,16.6,2,2.0,15.99,0,Family,Mobile,PayPal,True,False,True,False,High,Medium,5.06,Yes
SV503645,18,9.8,9.6,70.0,15.8,1,2.0,8.99,10,Basic,Mobile,PayPal,True,False,True,True,High,Medium,-1.13,No
SV502454,29,8.3,3.4,43.4,19.8,3,2.0,8.99,20,Premium,SmartTV,Credit Card,True,False,False,True,Medium,Low,-7.72,No
SV500502,26,9.4,18.3,26.3,5.2,4,0.0,15.99,0,Family,Mobile,Credit Card,True,True,True,True,High,High,-7.7,No
SV503119,20,37.3,3.7,53.5,10.0,4,2.0,15.99,0,Basic,Mobile,Debit Card,False,False,False,True,Low,Medium,6.1,Yes
SV503104,33,0.9,7.1,35.1,17.2,3,1.0,12.99,10,Basic,Mobile,Credit Card,True,False,False,True,Medium,,-3.57,No
SV502977,33,9.7,5.3,27.4,11.1,2,3.0,15.99,0,Family,Laptop,PayPal,True,True,False,True,Medium,Low,18.27,Yes
SV500779,20,23.1,13.6,67.3,0.5,5,0.0,12.99,0,Standard,SmartTV,Gift Card,True,True,False,True,High,High,-22.39,No
SV501863,45,6.3,1.8,52.6,7.6,5,0.0,15.99,20,Standard,Laptop,Gift Card,True,True,False,True,Medium,High,1.62,No
SV500200,38,15.8,3.6,91.4,2.7,5,,15.99,0,Premium,Mobile,PayPal,True,False,True,True,Medium,High,-5.36,No
SV502182,16,13.9,9.9,9.5,1.1,3,,15.99,10,Premium,SmartTV,Credit Card,True,True,False,True,Medium,Medium,-8.46,No
SV503099,41,7.4,3.9,57.1,3.9,3,0.0,8.99,0,Family,Laptop,PayPal,True,False,False,True,Low,High,-39.24,No
SV502088,27,31.9,4.9,36.6,0.9,5,1.0,8.99,0,Premium,Mobile,Credit Card,True,False,False,False,Medium,High,-10.91,No
SV503065,34,12.7,2.8,58.2,0.7,2,0.0,19.99,10,Premium,SmartTV,Debit Card,True,False,True,True,Low,High,1.73,No
SV502278,28,1.8,7.8,54.8,5.2,3,0.0,12.99,0,Basic,Mobile,Credit Card,True,False,True,False,High,High,-8.62,No
SV503561,35,3.3,14.6,42.1,2.9,2,1.0,8.99,10,Standard,SmartTV,Debit Card,False,True,False,True,High,Medium,-31.18,No
SV501796,30,5.6,4.3,24.6,29.9,5,2.0,8.99,0,Basic,Mobile,Debit Card,False,False,False,True,Medium,Medium,13.73,Yes
SV500378,52,13.8,8.5,46.0,3.8,2,1.0,12.99,0,Standard,SmartTV,PayPal,False,True,False,True,Medium,High,-4.32,No
SV502336,64,6.5,15.6,38.4,2.0,2,2.0,12.99,0,Standard,SmartTV,Debit Card,True,True,True,False,High,Medium,-11.88,No
SV500418,33,39.4,16.2,74.4,2.0,5,0.0,12.99,0,Family,Mobile,Credit Card,True,False,True,True,High,High,-13.65,No
SV501698,16,28.2,2.6,69.8,18.9,1,1.0,15.99,0,Standard,Mobile,PayPal,True,True,True,True,Medium,High,-15.95,No
SV500391,119,3.5,4.0,53.0,2.0,1,0.0,15.99,0,Standard,SmartTV,Debit Card,True,False,False,True,Medium,High,28.01,Yes
SV502640,40,4.4,10.7,21.8,12.0,1,2.0,12.99,20,Basic,Laptop,Credit Card,True,True,True,False,Medium,Medium,28.2,Yes
SV501522,31,32.7,11.2,41.9,3.1,2,1.0,12.99,0,Basic,Laptop,Credit Card,True,False,False,False,High,High,-16.33,No
SV501162,31,46.2,2.4,60.9,21.2,3,2.0,8.99,0,Standard,Laptop,Credit Card,False,False,False,True,Low,Medium,-2.22,No
SV503134,28,11.2,3.9,53.2,2.8,2,0.0,19.99,0,Standard,Mobile,Debit Card,False,True,False,False,Low,High,-0.81,No
SV501495,22,8.5,3.3,103.1,6.5,4,0.0,19.99,0,Standard,SmartTV,Credit Card,False,False,False,True,Low,High,-10.05,No
SV502695,44,21.0,6.3,69.0,1.9,1,,8.99,0,Basic,SmartTV,Gift Card,True,True,False,True,Medium,High,-11.61,No
SV502027,16,37.4,5.6,82.8,16.9,2,3.0,19.99,0,Standard,SmartTV,Debit Card,True,False,False,False,Medium,Medium,14.86,Yes
SV501152,37,16.2,4.9,,4.4,5,0.0,19.99,30,Basic,Mobile,Credit Card,False,False,True,False,Low,High,24.02,Yes
SV501367,49,28.4,12.6,29.5,3.3,5,1.0,8.99,0,Standard,Mobile,Credit Card,True,False,False,False,Medium,High,-2.67,No
SV502568,16,44.2,12.6,71.7,12.3,2,0.0,15.99,50,Basic,SmartTV,Credit Card,True,False,False,False,High,Medium,-6.27,No
SV500064,42,12.6,3.8,60.3,3.0,5,1.0,15.99,0,Premium,Mobile,Debit Card,True,True,True,True,Low,High,-1.0,No
SV502062,37,29.5,7.7,26.4,5.0,2,1.0,12.99,10,Basic,Mobile,Credit Card,False,False,False,True,Medium,High,-8.71,No
SV501180,19,19.9,5.9,55.8,23.9,4,2.0,12.99,10,Family,Laptop,PayPal,False,True,False,True,High,Medium,2.09,No
SV503112,52,22.6,3.9,,15.3,1,1.0,15.99,10,Family,SmartTV,PayPal,False,False,False,True,Medium,High,-14.48,No
SV500492,31,29.7,3.3,17.2,1.9,2,0.0,8.99,50,Basic,SmartTV,Debit Card,True,False,False,False,Low,High,-3.12,No
SV500379,29,12.9,8.3,38.8,66.0,4,1.0,8.99,20,Family,SmartTV,Credit Card,True,False,False,True,Low,High,-20.15,No
SV502235,23,13.7,5.0,32.1,16.7,2,2.0,12.99,10,Standard,Mobile,Debit Card,True,False,True,True,Medium,Medium,-7.03,No
SV500763,41,20.2,7.6,64.3,2.6,5,2.0,8.99,0,Premium,Mobile,PayPal,True,True,True,True,Medium,High,-11.88,No
SV502264,39,39.8,9.5,34.0,0.2,2,1.0,19.99,0,Family,Laptop,Credit Card,False,False,True,True,Medium,High,-11.82,No
SV500791,20,36.6,7.1,57.7,2.5,1,0.0,19.99,0,Basic,SmartTV,Credit Card,True,False,False,False,Medium,High,1.97,No
SV501076,49,44.1,6.3,73.6,1.6,5,2.0,15.99,30,Premium,SmartTV,Credit Card,False,True,True,True,Low,Medium,11.25,Yes
SV500878,33,25.8,33.4,63.8,2.8,1,2.0,15.99,0,Basic,Laptop,Debit Card,True,False,True,True,High,High,-15.99,No
SV500337,37,11.2,21.0,30.8,17.3,1,1.0,15.99,0,Basic,Mobile,Debit Card,True,True,False,True,High,Medium,-5.46,No
SV503820,45,26.6,9.6,61.6,1.8,1,1.0,8.99,0,Premium,Mobile,Credit Card,True,False,True,False,Medium,High,3.47,No
SV502767,53,4.9,12.5,49.7,15.1,5,0.0,15.99,10,Basic,Mobile,Debit Card,True,False,False,True,Medium,High,10.92,Yes
SV503796,16,34.6,27.3,59.3,9.3,3,1.0,8.99,10,Family,Mobile,PayPal,True,False,False,True,High,Low,-6.57,No
SV502343,32,9.0,17.9,65.1,0.4,5,1.0,8.99,10,Family,SmartTV,PayPal,True,False,True,True,High,High,-27.92,No
SV503773,40,14.9,9.0,35.3,1.7,3,2.0,15.99,30,Basic,Laptop,PayPal,True,False,False,True,Medium,Medium,10.71,Yes
SV501016,35,13.4,7.9,49.9,2.2,1,0.0,8.99,0,Basic,Tablet,Debit Card,True,False,True,True,Medium,High,5.86,Yes
SV501275,34,24.4,8.1,76.5,1.1,3,2.0,8.99,0,Basic,SmartTV,Gift Card,True,True,False,False,Medium,Medium,6.3,Yes
SV503798,43,12.5,20.7,54.5,9.0,4,2.0,12.99,0,Family,Mobile,Credit Card,True,False,False,True,High,High,-26.25,No
SV503533,38,34.9,4.9,55.0,14.3,3,0.0,12.99,0,Standard,Laptop,Credit Card,True,False,False,True,Low,High,-9.92,No
SV500455,36,23.3,13.0,54.2,1.8,5,1.0,12.99,0,Standard,Mobile,PayPal,False,True,False,False,High,Medium,-14.89,No
SV503342,53,20.4,20.5,85.5,16.9,1,2.0,19.99,0,Basic,SmartTV,Credit Card,False,False,False,False,High,Low,4.68,No
SV500815,37,25.9,2.7,45.2,10.5,2,1.0,19.99,50,Basic,Laptop,Credit Card,True,False,True,False,Low,High,23.12,Yes
SV502317,38,5.0,21.2,44.2,2.6,3,3.0,8.99,10,Family,SmartTV,PayPal,False,False,False,True,High,High,-34.51,No
SV500995,38,10.9,4.7,78.7,1.6,2,0.0,12.99,30,Basic,SmartTV,Credit Card,True,False,False,False,Medium,High,10.73,Yes
SV501981,28,21.4,4.4,34.3,8.1,1,0.0,15.99,10,Premium,SmartTV,Credit Card,True,True,False,True,Medium,High,0.83,No
SV500201,49,6.0,3.9,84.5,6.6,5,0.0,12.99,0,Standard,SmartTV,Debit Card,False,True,False,False,Low,Medium,12.2,Yes
SV500161,26,6.5,4.7,41.4,12.4,4,1.0,15.99,0,Premium,Tablet,Gift Card,True,False,False,False,Medium,Medium,11.15,Yes
SV501579,38,18.1,1.3,46.9,6.4,5,1.0,12.99,0,Standard,SmartTV,PayPal,True,False,False,True,Low,High,-2.61,No
SV502777,29,14.3,7.1,45.4,18.0,1,1.0,8.99,0,Family,Mobile,PayPal,True,True,False,False,Low,High,-15.25,No
SV502449,43,5.5,12.5,47.6,0.1,5,2.0,8.99,0,Premium,SmartTV,Credit Card,True,False,False,False,High,Medium,-12.0,No
SV500702,23,3.8,6.3,30.4,0.3,2,1.0,15.99,0,Basic,Mobile,Credit Card,True,False,True,True,Medium,High,28.0,Yes
SV501500,28,15.9,1.8,12.5,3.5,5,2.0,12.99,10,Basic,Tablet,Gift Card,True,False,False,False,Low,High,3.86,No
SV503893,22,12.9,6.1,47.7,3.9,4,2.0,8.99,20,Standard,Tablet,PayPal,True,True,False,True,Medium,Low,-3.01,No
SV503843,54,50.0,10.0,28.2,2.9,3,0.0,15.99,30,Standard,Laptop,Debit Card,True,True,True,False,High,High,-33.35,No
SV501129,16,7.1,2.7,57.0,23.8,2,2.0,15.99,30,Basic,SmartTV,Credit Card,True,False,True,True,Medium,Medium,24.58,Yes
SV502613,30,9.3,2.8,36.0,11.8,2,4.0,15.99,30,Standard,Mobile,Credit Card,True,False,True,True,Medium,High,-7.4,No
SV503461,18,12.9,6.0,41.1,4.9,4,6.0,8.99,0,Family,Laptop,PayPal,False,True,False,True,Medium,Low,15.82,Yes
SV501021,37,38.7,2.7,57.2,0.9,2,1.0,12.99,0,Premium,SmartTV,Debit Card,True,False,True,True,Low,High,-16.22,No
SV503073,42,19.2,3.2,54.8,11.6,1,1.0,19.99,0,Standard,Mobile,PayPal,False,False,True,False,Medium,High,0.07,No
SV503459,42,15.6,5.1,27.3,4.2,1,1.0,19.99,0,Basic,SmartTV,Gift Card,False,False,False,True,Medium,High,-12.4,No
SV501585,16,46.9,3.9,53.6,5.3,3,1.0,19.99,10,Basic,Laptop,Credit Card,False,False,False,True,Medium,High,-7.04,No
SV501955,23,7.6,9.3,39.9,13.8,3,1.0,19.99,0,Premium,Tablet,Credit Card,True,False,True,False,Medium,High,-2.29,No
SV503152,39,27.2,5.6,53.6,1.2,2,0.0,8.99,30,Standard,SmartTV,PayPal,True,False,True,True,Medium,Medium,-9.0,No
SV502253,16,14.9,6.7,67.4,12.1,3,3.0,12.99,20,Basic,SmartTV,Debit Card,True,False,False,False,Low,Low,33.62,Yes
SV500034,41,13.9,9.0,57.8,18.3,1,0.0,15.99,20,Family,SmartTV,Credit Card,True,True,True,False,Medium,High,-9.98,No
SV500775,36,19.5,6.3,64.1,7.5,1,1.0,12.99,0,Family,Mobile,PayPal,True,False,True,True,Medium,Medium,-13.39,No
SV502556,16,23.7,5.0,75.0,8.7,3,1.0,19.99,0,Standard,SmartTV,Credit Card,True,True,False,False,Medium,High,2.07,No
SV503499,41,15.0,3.0,86.7,4.9,5,1.0,15.99,0,Premium,Tablet,Credit Card,True,False,False,True,Medium,High,-10.32,No
SV501478,30,44.9,3.7,86.1,24.6,4,0.0,15.99,0,Basic,Mobile,Credit Card,True,False,True,False,Medium,High,25.32,Yes
SV503003,17,21.7,1.3,60.3,7.7,3,0.0,8.99,0,Basic,SmartTV,Debit Card,True,False,False,True,Low,High,-13.98,No
SV501390,27,7.7,1.9,33.9,15.6,5,1.0,15.99,10,Standard,SmartTV,Debit Card,True,False,False,True,Low,High,1.39,No
SV502139,48,23.2,17.0,51.5,8.6,2,0.0,8.99,0,Family,Mobile,Credit Card,True,False,False,False,High,High,-23.68,No
SV501363,43,9.2,8.6,54.8,3.8,1,0.0,8.99,0,Standard,SmartTV,Credit Card,True,False,False,False,Low,High,-9.45,No
SV502945,36,15.0,7.6,44.0,0.2,5,4.0,15.99,20,Premium,SmartTV,Debit Card,True,False,False,False,Low,Medium,21.16,Yes
SV502612,27,72.0,2.7,55.3,50.6,1,2.0,12.99,30,Basic,Tablet,Credit Card,True,True,False,True,Low,Medium,3.41,No
SV503417,44,27.0,1.0,88.3,19.1,2,0.0,8.99,0,Basic,Laptop,Credit Card,False,False,True,False,Low,High,22.33,Yes
SV502824,34,37.2,2.6,41.9,29.7,2,2.0,15.99,30,Standard,SmartTV,PayPal,True,True,True,True,Low,High,-4.77,No
SV502041,41,13.2,3.7,43.9,13.2,3,0.0,12.99,0,Standard,Mobile,Debit Card,False,False,False,False,Low,High,16.51,Yes
SV500241,33,9.8,5.2,93.3,1.0,2,2.0,8.99,0,Standard,SmartTV,PayPal,True,False,False,True,Medium,Medium,-0.83,No
SV502061,53,31.0,7.2,57.2,3.2,2,1.0,19.99,0,Standard,Tablet,PayPal,True,False,False,False,Medium,High,-0.25,No
SV502363,39,4.4,17.4,39.5,13.8,5,1.0,19.99,30,Premium,SmartTV,Gift Card,False,True,False,False,High,High,-0.81,No
SV500600,40,15.0,7.6,,10.4,2,2.0,15.99,0,Standard,SmartTV,Debit Card,True,False,True,False,Low,High,0.22,No
SV502435,23,9.2,5.5,29.0,7.0,4,1.0,12.99,0,Premium,SmartTV,Gift Card,True,False,True,False,Medium,High,-5.83,No
SV501297,27,8.7,15.1,66.6,0.8,4,0.0,15.99,20,Basic,SmartTV,Credit Card,False,True,False,False,High,High,-34.3,No
SV502214,24,24.8,6.6,69.3,20.4,3,1.0,8.99,0,Basic,Mobile,Credit Card,True,False,True,True,Medium,Medium,15.44,Yes
SV502888,30,16.4,15.2,55.2,2.9,1,2.0,8.99,0,Basic,Mobile,Gift Card,True,False,False,False,High,High,-17.45,No
SV502068,40,6.0,1.1,52.5,2.5,2,0.0,15.99,0,Standard,Mobile,Credit Card,True,False,False,False,Low,High,10.97,Yes
SV500646,41,10.4,9.7,41.5,23.8,2,0.0,15.99,10,Standard,Mobile,Debit Card,True,False,True,True,Low,High,-13.24,No
SV503890,21,14.2,9.5,54.2,4.0,5,0.0,15.99,0,Basic,SmartTV,Gift Card,True,False,True,True,Medium,High,18.99,Yes
SV503556,32,15.8,15.1,3.2,17.4,1,0.0,8.99,0,Premium,Mobile,Debit Card,True,False,True,False,High,High,-28.39,No
SV503202,31,12.7,5.1,61.6,6.0,1,1.0,12.99,0,Premium,Mobile,Credit Card,True,False,False,True,Medium,High,-6.17,No
SV501528,16,51.4,5.8,67.6,25.9,2,2.0,15.99,20,Basic,Mobile,Gift Card,True,False,False,False,Medium,High,8.93,Yes
SV502879,38,2.3,10.5,55.9,5.2,1,1.0,8.99,10,Premium,Mobile,Debit Card,True,False,False,True,Medium,High,-26.82,No
SV501267,41,28.4,7.5,56.6,8.7,4,0.0,8.99,0,Basic,SmartTV,PayPal,True,True,False,False,Medium,Medium,11.06,Yes
SV503638,37,17.1,5.2,65.4,6.7,2,1.0,15.99,10,Premium,SmartTV,PayPal,True,False,False,False,Medium,High,-4.94,No
SV501899,22,19.8,10.3,16.4,26.7,3,1.0,15.99,0,Standard,Mobile,PayPal,False,True,True,True,High,High,-6.35,No
SV500562,35,15.1,6.6,3.0,0.5,4,,12.99,0,Standard,SmartTV,PayPal,True,False,False,True,High,High,-35.05,No
SV503950,26,17.4,8.0,18.4,10.0,1,0.0,19.99,50,Standard,SmartTV,Credit Card,True,False,True,False,Medium,High,-0.56,No
SV502734,34,5.7,5.7,28.6,3.9,1,3.0,19.99,50,Standard,Mobile,Credit Card,True,True,True,True,Medium,High,2.15,No
SV503005,29,30.9,1.2,51.9,1.1,4,2.0,12.99,10,Basic,Mobile,Debit Card,True,True,False,True,Low,Medium,22.36,Yes
SV500189,52,27.6,1.2,87.9,0.9,5,0.0,12.99,20,Premium,Laptop,Debit Card,True,False,True,False,Low,High,-2.89,No
SV501806,39,26.9,4.9,50.1,8.4,4,0.0,15.99,0,Family,SmartTV,PayPal,True,True,True,True,Medium,High,-17.6,No
SV500975,23,3.1,14.0,54.8,0.4,4,0.0,15.99,0,Basic,Mobile,Credit Card,True,False,False,True,High,High,-8.82,No
SV502747,29,9.9,12.2,57.2,5.1,2,2.0,15.99,0,Standard,Laptop,Credit Card,True,False,False,True,Medium,High,-28.78,No
SV503547,46,12.0,15.2,39.2,18.4,3,1.0,8.99,0,Basic,SmartTV,Gift Card,False,True,True,False,High,High,0.38,No
SV502047,39,7.3,2.1,45.5,14.7,2,0.0,19.99,30,Basic,Mobile,Credit Card,True,False,False,False,Low,High,-6.69,No
SV503753,42,47.8,1.5,26.2,26.2,4,1.0,12.99,30,Basic,Mobile,PayPal,True,True,False,True,Low,High,-2.82,No
SV502558,50,13.8,3.9,52.0,2.0,5,1.0,19.99,0,Basic,Tablet,Gift Card,True,False,False,True,Low,High,4.12,No
SV501082,39,5.0,9.7,70.3,6.6,2,1.0,15.99,10,Premium,Mobile,Credit Card,False,True,False,True,Medium,High,-9.25,No
SV500474,41,18.2,4.7,24.5,4.6,5,0.0,12.99,20,Basic,Mobile,PayPal,False,True,True,False,Low,Medium,34.98,Yes
SV503632,27,36.8,1.4,42.6,25.6,5,0.0,15.99,0,Basic,Mobile,Credit Card,True,False,True,False,Low,High,31.33,Yes
SV502904,30,12.9,1.1,42.7,5.2,3,1.0,12.99,0,Standard,SmartTV,Debit Card,False,True,False,True,Low,High,-5.9,No
SV500747,40,27.8,4.1,34.8,2.8,4,1.0,15.99,0,Family,SmartTV,Credit Card,True,True,False,True,Medium,High,-21.7,No
SV502300,29,30.6,12.3,57.4,2.2,1,1.0,8.99,10,Basic,Mobile,PayPal,True,True,False,False,Medium,High,-12.24,No
SV500021,27,14.6,16.8,35.0,4.9,2,2.0,12.99,0,Premium,SmartTV,Credit Card,True,False,False,False,High,High,-12.18,No
SV503385,39,16.9,8.1,55.7,3.5,1,1.0,12.99,0,Premium,Tablet,Credit Card,False,False,False,True,Medium,Medium,6.17,Yes
SV500459,34,26.1,3.2,39.0,15.2,5,1.0,15.99,10,Basic,Mobile,Credit Card,True,False,False,True,Medium,Medium,8.69,Yes
SV501184,34,32.7,3.9,36.9,38.6,5,2.0,8.99,30,Premium,SmartTV,Debit Card,True,False,False,False,Medium,Medium,2.31,No
SV502324,16,21.9,12.8,41.8,12.0,1,0.0,12.99,0,Basic,Mobile,Credit Card,True,False,False,True,High,High,-21.22,No
SV500955,49,15.3,5.7,64.4,8.8,4,2.0,8.99,0,Standard,Mobile,Credit Card,True,False,True,True,Medium,Medium,-16.88,No
SV501215,19,14.6,12.8,63.7,2.0,5,1.0,8.99,0,Family,SmartTV,Credit Card,True,False,False,False,High,High,-28.16,No
SV502433,35,47.0,6.2,29.9,5.9,5,2.0,12.99,10,Premium,SmartTV,Debit Card,True,False,True,True,Medium,High,-2.31,No
SV502853,37,32.3,2.4,34.7,3.2,2,0.0,12.99,20,Standard,SmartTV,Gift Card,False,False,False,True,Low,High,-8.7,No
SV503485,46,18.9,7.9,61.7,38.9,1,0.0,12.99,0,Family,Laptop,Debit Card,True,False,False,True,Medium,High,-20.31,No
SV501515,36,17.4,1.8,33.7,12.8,2,0.0,15.99,0,Family,Mobile,Credit Card,True,False,True,True,Low,High,-12.56,No
SV502391,42,26.6,15.1,88.7,10.6,5,1.0,12.99,0,Premium,Mobile,Credit Card,True,True,False,True,High,Medium,-8.02,No
SV500769,52,7.4,3.9,56.2,3.9,4,0.0,12.99,0,Standard,Tablet,Debit Card,True,True,False,True,Medium,Medium,-5.9,No
SV503380,36,32.3,10.9,41.0,2.7,4,0.0,15.99,10,Standard,Mobile,Credit Card,False,True,False,True,Medium,High,-1.39,No
SV501685,41,23.2,8.9,39.1,7.8,2,1.0,8.99,0,Standard,Mobile,Gift Card,False,False,False,True,Medium,Medium,12.01,Yes
SV500130,30,2.5,11.2,67.8,0.8,1,2.0,15.99,0,Family,SmartTV,Credit Card,True,False,True,True,High,High,-32.81,No
SV503735,29,19.8,1.5,28.6,1.6,5,3.0,15.99,20,Basic,Laptop,Debit Card,True,False,False,True,Low,Medium,2.05,No
SV502919,44,1.5,2.6,21.6,16.9,5,1.0,8.99,0,Premium,Mobile,Credit Card,True,True,False,True,Medium,Medium,7.12,Yes
SV503171,42,51.1,17.7,71.8,1.2,4,4.0,8.99,50,Premium,Mobile,PayPal,True,False,True,False,High,Low,22.47,Yes
SV503444,46,10.7,3.3,45.8,8.3,1,0.0,12.99,30,Family,SmartTV,Credit Card,True,True,False,False,Low,,4.88,No
SV502135,30,6.1,6.7,48.1,8.6,4,1.0,19.99,20,Standard,Laptop,PayPal,True,False,False,False,Medium,High,-3.84,No
SV501482,35,8.1,7.5,39.4,19.7,5,1.0,12.99,0,Standard,SmartTV,Credit Card,True,False,True,False,Medium,Medium,14.64,Yes
SV500330,51,7.8,2.7,54.0,7.2,3,3.0,19.99,0,Basic,Mobile,Credit Card,False,False,False,True,Low,Medium,15.86,Yes
SV501238,41,69.8,4.3,41.3,1.0,3,1.0,19.99,0,Premium,Mobile,Gift Card,True,True,False,True,Medium,High,-28.64,No
SV500466,31,11.4,8.2,62.2,5.1,2,1.0,15.99,0,Family,Tablet,Credit Card,True,True,False,True,High,High,-15.94,No
SV502169,27,0.8,7.1,80.6,22.2,4,0.0,15.99,0,Basic,SmartTV,PayPal,True,True,False,False,Medium,High,-1.41,No
SV501638,34,12.2,4.6,43.6,4.1,5,0.0,12.99,20,Standard,Laptop,Credit Card,True,False,False,True,Low,High,8.38,Yes
SV503092,44,15.1,2.2,51.0,8.1,1,0.0,12.99,20,Family,SmartTV,Debit Card,True,False,True,True,Low,High,-13.83,No
SV503772,39,10.7,10.2,69.3,9.5,3,0.0,12.99,20,Basic,Mobile,Credit Card,True,True,False,True,Medium,High,-25.82,No
SV501095,47,15.4,8.9,54.6,2.0,3,0.0,19.99,20,Family,SmartTV,Credit Card,True,False,True,False,Medium,,-11.55,No
SV501130,24,47.5,11.1,60.8,2.2,3,1.0,8.99,10,Family,Mobile,Credit Card,False,False,False,True,High,High,-33.32,No
SV501294,37,17.0,7.6,15.2,18.3,3,1.0,8.99,0,Standard,SmartTV,Credit Card,True,False,False,True,Medium,High,-23.94,No
SV500860,23,6.2,7.4,10.6,0.8,1,1.0,8.99,0,Family,Laptop,PayPal,True,False,True,True,Low,High,-11.2,No
SV503507,39,46.5,4.4,37.3,17.3,5,0.0,15.99,10,Standard,SmartTV,PayPal,True,False,False,True,High,Medium,-10.68,No
SV503174,43,17.0,0.9,56.8,6.2,2,1.0,8.99,0,Family,Mobile,Debit Card,True,False,False,True,Medium,High,-12.6,No
